Series Name,Series Code,Country Name,Country Code,1960 [YR1960],1961 [YR1961],1962 [YR1962],1963 [YR1963],1964 [YR1964],1965 [YR1965],1966 [YR1966],1967 [YR1967],1968 [YR1968],1969 [YR1969],1970 [YR1970],1971 [YR1971],1972 [YR1972],1973 [YR1973],1974 [YR1974],1975 [YR1975],1976 [YR1976],1977 [YR1977],1978 [YR1978],1979 [YR1979],1980 [YR1980],1981 [YR1981],1982 [YR1982],1983 [YR1983],1984 [YR1984],1985 [YR1985],1986 [YR1986],1987 [YR1987],1988 [YR1988],1989 [YR1989],1990 [YR1990],1991 [YR1991],1992 [YR1992],1993 [YR1993],1994 [YR1994],1995 [YR1995],1996 [YR1996],1997 [YR1997],1998 [YR1998],1999 [YR1999],2000 [YR2000],2001 [YR2001],2002 [YR2002],2003 [YR2003],2004 [YR2004],2005 [YR2005],2006 [YR2006],2007 [YR2007],2008 [YR2008],2009 [YR2009],2010 [YR2010],2011 [YR2011],2012 [YR2012],2013 [YR2013],2014 [YR2014],2015 [YR2015],2016 [YR2016],2017 [YR2017],2018 [YR2018],2019 [YR2019],2020 [YR2020],2021 [YR2021],2022 [YR2022],2023 [YR2023],2024 [YR2024]
"Patent applications, nonresidents",IP.PAT.NRES,Afghanistan,AFG,..,..,..,..,..,..,..,..,..,..,..,..,..,..,..,..,..,..,..,..,..,..,..,..,..,..,..,..,..,..,..,..,..,..,..,..,..,..,..,..,..,..,..,..,..,..,..,..,..,..,..,..,..,..,..,..,..,..,..,..,..,..,..,..,..
"Patent applications, nonresidents",IP.PAT.NRES,Albania,ALB,..,..,..,..,..,..,..,..,..,..,..,..,..,..,..,..,..,..,..,..,..,..,..,..,..,..,..,..,..,..,..,..,..,..,..,..,..,9,..,..,..,120,238,391,..,386,..,..,..,361,..,8,..,4,3,5,5,8,3,1,..,1,..,..,..
"Patent applications, nonresidents",IP.PAT.NRES,Algeria,DZA,..,..,..,..,..,..,..,..,..,..,..,..,..,..,..,..,..,..,..,..,349,340,320,278,345,..,..,..,201,200,229,170,164,138,118,134,150,207,267,248,127,94,291,296,334,465,611,765,..,..,730,803,781,722,719,716,566,594,521,525,547,581,..,..,..
"Patent applications, nonresidents",IP.PAT.NRES,American Samoa,ASM,..,..,..,..,..,..,..,..,..,..,..,..,..,..,..,..,..,..,..,..,..,..,..,..,..,..,..,..,..,..,..,..,..,..,..,..,..,..,..,..,..,..,..,..,..,..,..,..,..,..,..,..,..,..,..,..,..,..,..,..,..,..,..,..,..
"Patent applications, nonresidents",IP.PAT.NRES,Andorra,AND,..,..,..,..,..,..,..,..,..,..,..,..,..,..,..,..,..,..,..,..,..,..,..,..,..,..,..,..,..,..,..,..,..,..,..,..,..,..,..,..,..,..,..,..,..,..,..,..,..,..,..,..,..,..,..,..,3,6,10,12,5,8,..,..,..
"Patent applications, nonresidents",IP.PAT.NRES,Angola,AGO,..,..,..,..,..,..,..,..,..,..,..,..,..,..,..,..,..,..,..,..,..,..,..,..,..,..,..,..,..,..,..,..,2,..,..,..,..,..,..,..,..,..,..,..,..,..,..,..,..,..,..,..,..,..,..,..,..,..,114,108,..,..,..,..,..
"Patent applications, nonresidents",IP.PAT.NRES,Antigua and Barbuda,ATG,..,..,..,..,..,..,..,..,..,..,..,..,..,..,..,..,..,..,..,..,..,..,..,..,..,..,..,..,..,..,..,..,..,..,..,..,..,..,..,..,..,..,..,..,..,..,..,..,..,..,..,8,7,7,15,10,12,8,5,..,3,8,..,..,..
"Patent applications, nonresidents",IP.PAT.NRES,Argentina,ARG,..,..,..,..,..,..,..,..,..,..,..,..,..,..,..,..,..,..,..,..,3063,3321,2793,2443,2656,..,..,..,..,..,1955,1851,1919,2261,2820,3588,4012,5035,5459,5558,5574,5088,4143,3765,3816,4215,4597,4806,4781,4336,4165,4133,4078,4129,4173,3579,2925,3050,3242,3260,2562,3263,..,..,..
"Patent applications, nonresidents",IP.PAT.NRES,Armenia,ARM,..,..,..,..,..,..,..,..,..,..,..,..,..,..,..,..,..,..,..,..,..,..,..,..,..,..,..,..,..,..,..,..,..,30,79,98,154,121,8,16,8,15,7,6,..,2,1,5,4,11,6,19,4,6,2,2,1,3,4,4,7,8,..,..,..
"Patent applications, nonresidents",IP.PAT.NRES,Aruba,ABW,..,..,..,..,..,..,..,..,..,..,..,..,..,..,..,..,..,..,..,..,..,..,..,..,..,..,..,..,..,..,..,..,..,..,..,..,..,..,..,..,..,..,..,..,..,..,..,..,..,..,..,..,..,..,..,..,..,..,..,..,..,..,..,..,..
"Patent applications, nonresidents",IP.PAT.NRES,Australia,AUS,..,..,..,..,..,..,..,..,..,..,..,..,..,..,..,..,..,..,..,..,10259,11378,11373,11542,12178,12132,12349,12611,12431,12901,13278,11762,12100,11284,11647,12277,13221,15398,16063,17960,20073,20548,20181,19176,20274,21302,23166,24122,23525,21187,22478,23143,23731,26656,23968,26314,25774,26403,27200,27121,26926,29443,..,..,..
"Patent applications, nonresidents",IP.PAT.NRES,Austria,AUT,..,..,..,..,..,..,..,..,..,..,..,..,..,..,..,..,..,..,..,..,4166,3428,2620,2322,1891,1591,1336,1272,1048,915,670,544,517,513,516,458,449,397,349,341,340,284,329,213,266,235,378,287,329,292,249,276,294,244,271,236,237,232,168,208,173,175,..,..,..
"Patent applications, nonresidents",IP.PAT.NRES,Azerbaijan,AZE,..,..,..,..,..,..,..,..,..,..,..,..,..,..,..,..,..,..,..,..,..,..,..,..,..,..,..,..,..,..,..,..,..,..,..,30,17,..,..,..,..,10,7,18,7,6,13,8,7,17,17,12,..,..,..,..,19,22,16,20,18,16,..,..,..
"Patent applications, nonresidents",IP.PAT.NRES,"Bahamas, The",BHS,..,..,..,..,..,..,..,..,..,..,..,..,..,..,..,..,..,..,..,..,..,51,50,..,38,42,37,..,32,..,25,27,29,..,..,..,..,..,..,..,..,..,..,..,..,..,..,..,..,..,..,..,83,75,113,68,34,48,..,..,..,..,..,..,..
"Patent applications, nonresidents",IP.PAT.NRES,Bahrain,BHR,..,..,..,..,..,..,..,..,..,..,..,..,..,..,..,..,..,..,..,..,47,28,41,28,65,16,20,..,..,..,..,..,31,..,..,..,..,..,..,..,..,..,..,..,..,..,..,..,..,..,..,139,161,167,199,185,171,237,219,322,257,326,..,..,..
"Patent applications, nonresidents",IP.PAT.NRES,Bangladesh,BGD,..,..,..,..,..,..,..,..,..,..,..,..,..,..,..,..,..,..,..,..,102,133,104,123,104,96,77,98,109,76,76,77,89,71,89,156,131,119,184,200,248,236,246,260,268,294,288,270,278,275,276,269,287,243,249,299,267,241,299,345,362,373,..,..,..
"Patent applications, nonresidents",IP.PAT.NRES,Barbados,BRB,..,..,..,..,..,..,..,..,..,..,..,..,..,..,..,..,..,..,..,..,44,38,..,..,35,..,..,..,..,..,..,..,..,..,..,..,..,..,..,68,..,85,93,121,80,76,44,109,84,79,88,71,36,39,38,45,41,..,..,31,..,..,..,..,..
"Patent applications, nonresidents",IP.PAT.NRES,Belarus,BLR,..,..,..,..,..,..,..,..,..,..,..,..,..,..,..,..,..,..,..,..,..,..,..,..,..,..,..,..,..,..,..,..,..,666,1005,415,361,414,79,345,204,214,379,298,200,296,337,257,220,173,174,146,190,145,105,148,66,90,94,95,77,110,..,..,..
"Patent applications, nonresidents",IP.PAT.NRES,Belgium,BEL,..,..,..,..,..,..,..,..,..,..,..,..,..,..,..,..,..,..,..,..,5104,3918,2944,2261,1966,1476,1334,889,776,663,613,574,499,679,446,355,310,269,249,249,243,264,147,188,122,105,161,163,133,148,140,127,127,161,137,148,119,216,218,257,288,415,..,..,..
"Patent applications, nonresidents",IP.PAT.NRES,Belize,BLZ,..,..,..,..,..,..,..,..,..,..,..,..,..,..,..,..,..,..,..,..,..,..,..,..,..,..,..,..,..,..,..,..,..,..,..,..,..,..,..,..,..,..,..,..,16,33,41,48,54,..,..,49,51,32,36,26,37,32,24,32,23,27,..,..,..
"Patent applications, nonresidents",IP.PAT.NRES,Benin,BEN,..,..,..,..,..,..,..,..,..,..,..,..,..,..,..,..,..,..,..,..,..,..,..,..,..,..,..,..,..,..,..,..,..,..,..,..,..,..,..,..,..,..,..,..,..,..,..,..,..,..,..,..,..,..,..,..,..,..,..,..,..,..,..,..,..
"Patent applications, nonresidents",IP.PAT.NRES,Bermuda,BMU,..,..,..,..,..,..,..,..,..,..,..,..,..,..,..,..,..,..,..,..,..,..,..,..,..,..,..,..,..,..,..,..,..,..,..,..,..,..,..,..,..,..,..,..,..,..,..,..,..,..,..,..,..,..,..,..,..,..,..,..,..,..,..,..,..
"Patent applications, nonresidents",IP.PAT.NRES,Bhutan,BTN,..,..,..,..,..,..,..,..,..,..,..,..,..,..,..,..,..,..,..,..,..,..,..,..,..,..,..,..,..,..,..,..,..,..,..,..,..,..,..,..,..,..,..,..,..,..,..,..,..,..,..,..,1,4,..,7,1,3,9,17,6,7,..,..,..
"Patent applications, nonresidents",IP.PAT.NRES,Bolivia,BOL,..,..,..,..,..,..,..,..,..,..,..,..,..,..,..,..,..,..,..,..,117,120,89,70,54,41,..,..,..,..,..,..,..,62,89,106,..,..,..,..,..,..,..,..,..,..,..,..,..,..,..,..,..,..,294,..,241,277,..,..,151,227,..,..,..
"Patent applications, nonresidents",IP.PAT.NRES,Bosnia and Herzegovina,BIH,..,..,..,..,..,..,..,..,..,..,..,..,..,..,..,..,..,..,..,..,..,..,..,..,..,..,..,..,..,..,..,..,..,..,..,..,..,..,..,105,242,309,..,242,346,306,162,..,12,..,9,12,14,22,2,..,6,12,12,14,5,8,..,..,..
"Patent applications, nonresidents",IP.PAT.NRES,Botswana,BWA,..,..,..,..,..,..,..,..,..,..,..,..,..,..,..,..,..,..,..,..,18,34,29,..,..,..,..,..,..,..,..,..,..,..,..,..,..,..,..,..,..,..,..,..,..,..,..,..,..,..,..,8,9,1,5,5,6,4,3,..,2,..,..,..,..
"Patent applications, nonresidents",IP.PAT.NRES,Brazil,BRA,..,..,..,..,..,..,..,..,..,..,..,..,..,..,..,..,..,..,..,..,6228,6113,5562,4900,4657,4565,4413,4702,4546,4657,5148,4625,4374,4221,4228,4741,5446,13479,13546,14693,14104,14410,13204,12545,12669,14444,15886,17469,18890,18135,20771,23954,25637,25925,25683,25578,22810,20178,19877,19932,19058,19566,..,..,..
"Patent applications, nonresidents",IP.PAT.NRES,British Virgin Islands,VGB,..,..,..,..,..,..,..,..,..,..,..,..,..,..,..,..,..,..,..,..,..,..,..,..,..,..,..,..,..,..,..,..,..,..,..,..,..,..,..,..,..,..,..,..,..,..,..,..,..,..,..,..,..,..,..,..,..,..,..,..,..,..,..,..,..
"Patent applications, nonresidents",IP.PAT.NRES,Brunei Darussalam,BRN,..,..,..,..,..,..,..,..,..,..,..,..,..,..,..,..,..,..,..,..,..,..,..,..,..,..,..,..,..,..,..,..,..,88,41,42,21,42,32,34,21,21,21,43,31,26,41,64,75,42,..,..,11,15,91,..,73,99,95,133,115,137,..,..,..
"Patent applications, nonresidents",IP.PAT.NRES,Bulgaria,BGR,..,..,..,..,..,..,..,..,..,..,..,..,..,..,..,..,..,..,..,..,804,871,717,728,738,248,211,311,253,267,331,326,351,152,531,363,407,538,524,616,709,785,735,680,133,52,48,28,22,24,17,21,14,15,16,11,11,23,18,7,7,6,..,..,..
"Patent applications, nonresidents",IP.PAT.NRES,Burkina Faso,BFA,..,..,..,..,..,..,..,..,..,..,..,..,..,..,..,..,..,..,..,..,..,..,..,..,..,..,..,..,..,..,..,..,..,..,..,..,..,..,..,..,..,..,..,..,..,..,..,..,..,..,..,..,..,..,..,..,..,..,..,..,..,..,..,..,..
"Patent applications, nonresidents",IP.PAT.NRES,Burundi,BDI,..,..,..,..,..,..,..,..,..,..,..,..,..,..,..,..,..,..,..,..,10,5,2,2,7,..,2,..,..,1,3,..,2,1,4,1,4,..,..,..,..,..,..,..,..,..,..,..,..,..,..,..,..,..,..,..,..,10,2,15,5,..,..,..,..
"Patent applications, nonresidents",IP.PAT.NRES,Cabo Verde,CPV,..,..,..,..,..,..,..,..,..,..,..,..,..,..,..,..,..,..,..,..,..,..,..,..,..,..,..,..,..,..,..,..,..,..,..,..,..,..,..,..,..,..,..,..,..,..,..,..,..,..,..,..,..,..,..,..,1,..,1,1,4,1,..,..,..
"Patent applications, nonresidents",IP.PAT.NRES,Cambodia,KHM,..,..,..,..,..,..,..,..,..,..,..,..,..,..,..,..,..,..,..,..,..,..,..,..,..,..,..,..,..,..,..,..,..,..,..,..,..,..,..,..,..,..,..,..,..,..,..,13,39,28,26,43,53,74,65,65,77,55,160,310,248,..,..,..,..
"Patent applications, nonresidents",IP.PAT.NRES,Cameroon,CMR,..,..,..,..,..,..,..,..,..,..,..,..,..,..,..,..,..,..,..,..,..,..,..,..,..,..,..,..,..,..,..,..,..,..,..,..,..,..,..,..,..,..,..,..,..,..,..,..,..,..,..,..,..,..,..,..,..,..,..,..,..,..,..,..,..
"Patent applications, nonresidents",IP.PAT.NRES,Canada,CAN,..,..,..,..,..,..,..,..,..,..,..,..,..,..,..,..,..,..,..,..,22699,23267,23883,23690,24709,25482,25596,26598,28869,32060,24375,21097,22950,23307,24683,24161,24987,25238,30163,33189,35435,35753,35782,33299,32970,34705,36516,35133,37028,32410,30899,30357,30533,30174,31283,32687,30667,30969,31812,32250,30113,32445,..,..,..
"Patent applications, nonresidents",IP.PAT.NRES,Cayman Islands,CYM,..,..,..,..,..,..,..,..,..,..,..,..,..,..,..,..,..,..,..,..,..,..,..,..,..,..,..,..,..,..,..,..,..,..,..,..,..,..,..,..,..,..,..,..,..,..,..,..,..,..,..,..,..,..,..,..,..,..,..,..,..,..,..,..,..
"Patent applications, nonresidents",IP.PAT.NRES,Central African Republic,CAF,..,..,..,..,..,..,..,..,..,..,..,..,..,..,..,..,..,..,..,..,..,..,..,..,..,..,..,..,..,..,..,..,..,..,..,..,..,..,..,..,..,..,..,..,..,..,..,..,..,..,..,..,..,..,..,..,..,..,..,..,..,..,..,..,..
"Patent applications, nonresidents",IP.PAT.NRES,Chad,TCD,..,..,..,..,..,..,..,..,..,..,..,..,..,..,..,..,..,..,..,..,..,..,..,..,..,..,..,..,..,..,..,..,..,..,..,..,..,..,..,..,..,..,..,..,..,..,..,..,..,..,..,..,..,..,..,..,..,..,..,..,..,..,..,..,..
"Patent applications, nonresidents",IP.PAT.NRES,Channel Islands,CHI,..,..,..,..,..,..,..,..,..,..,..,..,..,..,..,..,..,..,..,..,..,..,..,..,..,..,..,..,..,..,..,..,..,..,..,..,..,..,..,..,..,..,..,..,..,..,..,..,..,..,..,..,..,..,..,..,..,..,..,..,..,..,..,..,..
"Patent applications, nonresidents",IP.PAT.NRES,Chile,CHL,..,..,..,..,..,..,..,..,..,..,..,..,..,..,..,..,..,..,..,..,685,744,665,647,602,550,592,621,622,682,642,838,949,1179,1418,1535,1771,2411,2568,2608,2879,2504,2147,2076,2485,2646,2924,3403,3421,1374,748,2453,2683,2732,2653,2831,2521,2469,2694,2799,2433,2680,..,..,..
"Patent applications, nonresidents",IP.PAT.NRES,China,CHN,..,..,..,..,..,..,..,..,..,..,..,..,..,..,..,..,..,..,..,..,..,..,..,..,..,4493,4515,4084,4872,4910,4305,4051,4387,7534,7876,8688,11114,12102,33645,34418,26560,33412,40426,48548,64598,79842,88183,92101,95259,85508,98111,110583,117464,120200,127042,133612,133522,135885,148187,157093,152342,159019,..,..,..
"Patent applications, nonresidents",IP.PAT.NRES,Colombia,COL,..,..,..,..,..,..,..,..,..,..,..,..,..,..,..,..,..,..,..,..,335,604,..,527,471,441,404,532,420,516,..,527,575,769,867,1093,1172,1497,1670,1615,1694,432,858,1127,1365,1662,1861,1862,1818,1551,1739,1770,1848,1781,1898,1921,1658,1777,1808,1735,1752,1855,..,..,..
"Patent applications, nonresidents",IP.PAT.NRES,Comoros,COM,..,..,..,..,..,..,..,..,..,..,..,..,..,..,..,..,..,..,..,..,..,..,..,..,..,..,..,..,..,..,..,..,..,..,..,..,..,..,..,..,..,..,..,..,..,..,..,..,..,..,..,..,..,..,..,..,..,..,..,..,..,..,..,..,..
"Patent applications, nonresidents",IP.PAT.NRES,"Congo, Dem. Rep.",COD,..,..,..,..,..,..,..,..,..,..,..,..,..,..,..,..,..,..,..,..,..,..,..,..,..,..,..,..,..,..,..,..,..,..,..,..,..,..,..,..,..,..,..,..,..,..,..,..,..,..,..,..,..,..,..,..,..,..,107,90,110,..,..,..,..
"Patent applications, nonresidents",IP.PAT.NRES,"Congo, Rep.",COG,..,..,..,..,..,..,..,..,..,..,..,..,..,..,..,..,..,..,..,..,..,..,..,..,..,..,81,..,55,..,..,..,..,..,21,15,27,..,..,..,..,..,..,..,..,..,..,..,..,..,..,..,..,..,..,..,..,..,..,..,..,..,..,..,..
"Patent applications, nonresidents",IP.PAT.NRES,Costa Rica,CRI,..,..,..,..,..,..,..,..,..,..,..,..,..,..,..,..,..,..,..,..,82,90,60,72,37,34,36,34,40,25,43,59,71,84,92,111,126,113,172,127,47,191,220,238,294,423,571,647,774,507,606,610,578,580,529,582,497,504,490,483,524,566,..,..,..
"Patent applications, nonresidents",IP.PAT.NRES,Cote d'Ivoire,CIV,..,..,..,..,..,..,..,..,..,..,..,..,..,..,..,..,..,..,..,..,..,..,..,..,..,..,..,..,..,..,..,..,..,..,..,..,..,..,..,..,..,..,..,..,..,..,..,..,..,..,..,..,1,..,..,..,..,..,..,..,..,..,..,..,..
"Patent applications, nonresidents",IP.PAT.NRES,Croatia,HRV,..,..,..,..,..,..,..,..,..,..,..,..,..,..,..,..,..,..,..,..,..,..,..,..,..,..,..,..,..,..,..,..,1010,746,584,335,356,439,352,144,538,599,703,699,839,649,119,93,71,68,21,21,32,23,30,17,13,11,15,16,12,11,..,..,..
"Patent applications, nonresidents",IP.PAT.NRES,Cuba,CUB,..,..,..,..,..,..,..,..,..,..,..,..,..,..,..,..,..,..,..,..,70,58,39,31,28,..,..,..,..,..,26,24,19,13,31,33,40,31,..,127,..,..,..,..,..,180,163,210,189,172,..,184,140,143,126,..,163,145,126,88,76,86,..,..,..
"Patent applications, nonresidents",IP.PAT.NRES,Curacao,CUW,..,..,..,..,..,..,..,..,..,..,..,..,..,..,..,..,..,..,..,..,..,..,..,..,..,..,..,..,..,..,..,..,..,..,..,..,..,..,..,..,..,..,..,..,..,..,..,..,..,..,..,..,..,..,..,..,..,..,..,..,..,..,..,..,..
"Patent applications, nonresidents",IP.PAT.NRES,Cyprus,CYP,..,..,..,..,..,..,..,..,..,..,..,..,..,..,..,..,..,..,..,..,66,34,38,46,54,43,30,..,..,..,43,53,57,..,..,..,..,..,..,..,..,..,..,85,85,44,..,16,10,6,4,8,8,1,..,1,1,4,..,1,1,2,..,..,..
"Patent applications, nonresidents",IP.PAT.NRES,Czechia,CZE,..,..,..,..,..,..,..,..,..,..,..,..,..,..,..,..,..,..,..,..,..,..,..,..,..,..,..,..,..,..,..,..,..,2040,2593,2893,3247,3661,3771,4204,4384,4184,5031,2954,629,244,195,192,142,92,114,97,150,97,62,72,47,66,54,48,56,59,..,..,..
"Patent applications, nonresidents",IP.PAT.NRES,Denmark,DNK,..,..,..,..,..,..,..,..,..,..,..,..,..,..,..,..,..,..,..,..,4605,4745,4706,4920,5312,5236,5386,4759,6124,4683,1843,370,361,254,176,250,196,218,166,131,140,188,169,153,138,165,188,197,195,131,142,197,229,193,206,270,298,282,239,228,217,186,..,..,..
"Patent applications, nonresidents",IP.PAT.NRES,Djibouti,DJI,..,..,..,..,..,..,..,..,..,..,..,..,..,..,..,..,..,..,..,..,..,..,..,..,..,..,..,..,..,..,..,..,..,..,..,..,..,..,..,..,..,..,..,..,..,..,..,..,..,..,..,..,..,2,4,..,..,..,..,..,5,10,..,..,..
"Patent applications, nonresidents",IP.PAT.NRES,Dominica,DMA,..,..,..,..,..,..,..,..,..,..,..,..,..,..,..,..,..,..,..,..,..,..,..,..,..,..,..,..,..,..,..,..,..,..,..,2,..,..,..,..,..,..,..,..,..,..,..,..,..,..,..,..,..,..,..,..,4,3,4,3,2,11,..,..,..
"Patent applications, nonresidents",IP.PAT.NRES,Dominican Republic,DOM,..,..,..,..,..,..,..,..,..,..,..,..,..,..,..,..,..,..,..,..,..,..,..,66,..,..,135,..,..,..,..,..,..,..,..,..,..,..,..,..,63,146,172,184,181,217,280,111,45,238,328,318,265,256,244,227,242,251,211,220,207,220,..,..,..
"Patent applications, nonresidents",IP.PAT.NRES,Ecuador,ECU,..,..,..,..,..,..,..,..,..,..,..,..,..,..,..,..,..,..,..,..,152,180,122,112,96,..,104,78,97,94,..,75,84,100,335,270,354,302,..,475,541,256,101,415,489,580,751,794,847,668,690,..,..,475,358,475,329,401,371,408,374,373,..,..,..
"Patent applications, nonresidents",IP.PAT.NRES,"Egypt, Arab Rep.",EGY,..,..,..,..,..,..,..,..,..,..,..,..,..,..,..,..,..,..,..,..,731,738,713,727,704,671,667,596,474,462,511,479,517,503,528,693,706,..,1139,1146,1081,923,788,626,312,1008,..,1589,1649,1452,1625,1591,1528,1416,1384,1337,1258,1254,1258,1156,1229,1343,..,..,..
"Patent applications, nonresidents",IP.PAT.NRES,El Salvador,SLV,..,..,..,..,..,..,..,..,..,..,..,..,..,..,..,..,..,..,..,..,79,..,61,84,65,40,..,..,..,34,44,26,97,75,76,64,..,..,..,..,..,..,..,..,..,..,..,..,..,..,..,..,217,183,187,196,171,178,136,147,143,144,..,..,..
"Patent applications, nonresidents",IP.PAT.NRES,Equatorial Guinea,GNQ,..,..,..,..,..,..,..,..,..,..,..,..,..,..,..,..,..,..,..,..,..,..,..,..,..,..,..,..,..,..,..,..,..,..,..,..,..,..,..,..,..,..,..,..,..,..,..,..,..,..,..,..,..,..,..,..,..,..,..,..,..,..,..,..,..
"Patent applications, nonresidents",IP.PAT.NRES,Eritrea,ERI,..,..,..,..,..,..,..,..,..,..,..,..,..,..,..,..,..,..,..,..,..,..,..,..,..,..,..,..,..,..,..,..,..,..,..,..,..,..,..,..,..,..,..,..,..,..,..,..,..,..,..,..,..,..,..,..,..,..,..,..,..,..,..,..,..
"Patent applications, nonresidents",IP.PAT.NRES,Estonia,EST,..,..,..,..,..,..,..,..,..,..,..,..,..,..,..,..,..,..,..,..,..,..,..,..,..,..,..,..,..,..,..,..,..,..,452,63,198,360,443,604,791,699,700,584,97,15,9,19,10,20,13,15,5,17,6,6,1,4,6,1,2,1,..,..,..
"Patent applications, nonresidents",IP.PAT.NRES,Eswatini,SWZ,..,..,..,..,..,..,..,..,..,..,..,..,..,..,..,..,..,..,..,..,..,..,..,..,35,30,..,..,..,27,..,..,47,..,..,..,..,..,..,..,..,..,..,..,..,..,..,..,..,..,..,6,3,..,2,2,..,..,..,..,..,..,..,..,..
"Patent applications, nonresidents",IP.PAT.NRES,Ethiopia,ETH,..,..,..,..,..,..,..,..,..,..,..,..,..,..,..,..,..,..,..,..,..,..,..,..,..,..,..,..,..,..,..,..,..,..,..,..,..,..,11,18,9,15,12,6,3,4,5,25,..,..,..,34,14,24,22,32,26,39,49,..,54,..,..,..,..
"Patent applications, nonresidents",IP.PAT.NRES,Faroe Islands,FRO,..,..,..,..,..,..,..,..,..,..,..,..,..,..,..,..,..,..,..,..,..,..,..,..,..,..,..,..,..,..,..,..,..,..,..,..,..,..,..,..,..,..,..,..,..,..,..,..,..,..,..,..,..,..,..,..,..,..,..,..,..,..,..,..,..
"Patent applications, nonresidents",IP.PAT.NRES,Fiji,FJI,..,..,..,..,..,..,..,..,..,..,..,..,..,..,..,..,..,..,..,..,11,14,..,..,..,18,17,..,..,..,..,..,..,..,..,..,..,..,..,..,..,..,..,..,..,..,..,..,..,..,..,..,..,..,..,..,..,..,..,..,..,..,..,..,..
"Patent applications, nonresidents",IP.PAT.NRES,Finland,FIN,..,..,..,..,..,..,..,..,..,..,..,..,..,..,..,..,..,..,..,..,2734,2809,2907,3178,3408,3472,3627,3941,4084,4417,4410,2671,3953,2052,1842,1733,483,250,212,343,324,270,207,215,209,229,202,211,147,127,102,124,129,141,126,127,108,139,100,75,97,105,..,..,..
"Patent applications, nonresidents",IP.PAT.NRES,France,FRA,..,..,..,..,..,..,..,..,..,..,..,..,..,..,..,..,..,..,..,..,16989,13723,11561,10029,8867,7543,6369,5875,5194,4986,4260,3908,3547,3402,3520,3477,3484,3637,3544,3282,3483,3605,3389,3339,3060,2948,2720,2387,1761,1593,1832,2099,2092,2196,2033,1994,2012,1832,1919,1766,1542,1373,..,..,..
"Patent applications, nonresidents",IP.PAT.NRES,French Polynesia,PYF,..,..,..,..,..,..,..,..,..,..,..,..,..,..,..,..,..,..,..,..,..,..,..,..,..,..,..,..,..,..,..,..,..,..,..,..,..,..,..,..,..,..,..,..,..,..,..,..,..,..,..,..,..,..,..,..,..,..,..,..,..,..,..,..,..
"Patent applications, nonresidents",IP.PAT.NRES,Gabon,GAB,..,..,..,..,..,..,..,..,..,..,..,..,..,..,..,..,..,..,..,..,..,..,..,..,..,..,..,..,..,..,..,..,..,..,..,..,..,..,..,..,..,..,..,..,..,..,..,..,..,..,..,..,..,..,..,..,..,..,..,..,..,..,..,..,..
"Patent applications, nonresidents",IP.PAT.NRES,"Gambia, The",GMB,..,..,..,..,..,..,..,..,..,..,..,..,..,..,..,..,..,..,..,..,..,..,..,..,..,..,..,..,..,..,..,..,..,..,..,..,..,..,..,..,..,..,..,..,..,..,..,..,..,..,..,..,..,..,..,2,2,4,..,16,66,91,..,..,..
"Patent applications, nonresidents",IP.PAT.NRES,Georgia,GEO,..,..,..,..,..,..,..,..,..,..,..,..,..,..,..,..,..,..,..,..,..,..,..,..,..,..,..,..,..,..,..,..,210,178,159,420,173,205,229,190,186,221,204,171,208,250,299,316,241,218,179,260,233,219,187,172,178,157,157,112,134,164,..,..,..
"Patent applications, nonresidents",IP.PAT.NRES,Germany,DEU,..,..,..,..,..,..,..,..,..,..,..,..,..,..,..,..,..,..,..,..,19900,16738,17158,15445,13225,12180,10945,9933,9332,9168,8605,7784,7404,6995,7261,8055,9511,11291,10843,9502,10406,10486,10589,10663,10786,11855,12573,13139,13177,11724,12198,12458,14720,15814,17811,19509,19419,19927,21281,20802,19845,18747,..,..,..
"Patent applications, nonresidents",IP.PAT.NRES,Ghana,GHA,..,..,..,..,..,..,..,..,..,..,..,..,..,..,..,..,..,..,..,..,17,19,18,14,..,..,15,16,..,12,20,12,11,..,39,..,..,..,..,..,..,..,..,..,..,..,..,..,..,..,..,..,..,..,..,..,17,11,39,..,8,..,..,..,..
"Patent applications, nonresidents",IP.PAT.NRES,Gibraltar,GIB,..,..,..,..,..,..,..,..,..,..,..,..,..,..,..,..,..,..,..,..,..,..,..,..,..,..,..,..,..,..,..,..,..,..,..,..,..,..,..,..,..,..,..,..,..,..,..,..,..,..,..,..,..,..,..,..,..,..,..,..,..,..,..,..,..
"Patent applications, nonresidents",IP.PAT.NRES,Greece,GRC,..,..,..,..,..,..,..,..,..,..,..,..,..,..,..,..,..,..,..,..,1570,1843,1911,1936,2142,2035,1714,586,457,454,466,192,211,171,139,46,37,57,34,33,34,49,36,27,28,20,30,20,30,22,16,19,28,19,19,23,40,91,149,238,363,532,..,..,..
"Patent applications, nonresidents",IP.PAT.NRES,Greenland,GRL,..,..,..,..,..,..,..,..,..,..,..,..,..,..,..,..,..,..,..,..,..,..,..,..,..,..,..,..,..,..,..,..,..,..,..,..,..,..,..,..,..,..,..,..,..,..,..,..,..,..,..,..,..,..,..,..,..,..,..,..,..,..,..,..,..
"Patent applications, nonresidents",IP.PAT.NRES,Grenada,GRD,..,..,..,..,..,..,..,..,..,..,..,..,..,..,..,..,..,..,..,..,2,..,..,..,..,..,..,..,..,..,..,..,..,..,..,..,..,..,..,..,..,..,..,..,..,..,..,..,..,..,..,..,26,33,17,9,17,..,..,..,16,16,..,..,..
"Patent applications, nonresidents",IP.PAT.NRES,Guam,GUM,..,..,..,..,..,..,..,..,..,..,..,..,..,..,..,..,..,..,..,..,..,..,..,..,..,..,..,..,..,..,..,..,..,..,..,..,..,..,..,..,..,..,..,..,..,..,..,..,..,..,..,..,..,..,..,..,..,..,..,..,..,..,..,..,..
"Patent applications, nonresidents",IP.PAT.NRES,Guatemala,GTM,..,..,..,..,..,..,..,..,..,..,..,..,..,..,..,..,..,..,..,..,..,..,168,..,115,92,106,76,82,75,97,104,79,94,99,77,142,175,218,267,250,285,293,296,266,388,500,99,306,322,374,327,337,319,288,341,266,275,228,231,205,249,..,..,..
"Patent applications, nonresidents",IP.PAT.NRES,Guinea,GIN,..,..,..,..,..,..,..,..,..,..,..,..,..,..,..,..,..,..,..,..,..,..,..,..,..,..,..,..,..,..,..,..,..,..,..,..,..,..,..,..,..,..,..,..,..,..,..,..,..,..,..,..,..,..,..,..,..,..,..,..,..,..,..,..,..
"Patent applications, nonresidents",IP.PAT.NRES,Guinea-Bissau,GNB,..,..,..,..,..,..,..,..,..,..,..,..,..,..,..,..,..,..,..,..,..,..,..,..,..,..,..,..,..,..,..,..,..,..,..,..,..,..,..,..,..,..,..,..,..,..,..,..,..,..,..,..,..,..,..,..,..,..,..,..,..,..,..,..,..
"Patent applications, nonresidents",IP.PAT.NRES,Guyana,GUY,..,..,..,..,..,..,..,..,..,..,..,..,..,..,..,..,..,..,..,..,..,..,..,12,5,16,8,3,..,..,6,..,..,..,..,..,..,..,..,..,..,..,..,..,..,..,..,..,..,..,..,..,14,16,19,13,17,23,18,..,..,..,..,..,..
"Patent applications, nonresidents",IP.PAT.NRES,Haiti,HTI,..,..,..,..,..,..,..,..,..,..,..,..,..,..,..,..,..,..,..,..,13,..,24,15,11,15,20,9,4,..,..,5,..,..,..,..,6,..,..,5,..,..,..,..,..,..,..,..,..,..,..,13,15,11,19,..,..,..,..,..,..,..,..,..,..
"Patent applications, nonresidents",IP.PAT.NRES,Honduras,HND,..,..,..,..,..,..,..,..,..,..,..,..,..,..,..,..,..,..,..,..,40,..,183,24,19,16,..,31,27,..,17,..,30,..,..,40,126,..,..,148,135,155,161,..,..,..,..,..,..,..,..,253,233,211,..,224,185,189,148,187,..,188,..,..,..
"Patent applications, nonresidents",IP.PAT.NRES,"Hong Kong SAR, China",HKG,..,..,..,..,..,..,..,..,..,..,..,..,..,..,..,..,..,..,..,..,..,..,..,871,810,955,1027,1107,1056,886,1060,1076,1248,1186,1619,1938,2059,2359,14539,5998,8244,8840,9018,8995,9878,11607,13618,13606,13489,11708,11569,13312,12817,13690,12350,11973,13859,12975,15672,16186,21133,21542,..,..,..
"Patent applications, nonresidents",IP.PAT.NRES,Hungary,HUN,..,..,..,..,..,..,..,..,..,..,..,..,..,..,..,..,..,..,..,..,1571,1528,1559,1530,1606,1531,1606,1630,1629,1666,1976,1799,1633,1323,1328,1793,850,888,904,3779,4127,4529,5064,4054,1909,497,206,102,89,30,47,36,66,66,73,64,49,36,36,23,28,13,..,..,..
"Patent applications, nonresidents",IP.PAT.NRES,Iceland,ISL,..,..,..,..,..,..,..,..,..,..,..,..,..,..,..,..,..,..,..,..,58,79,62,62,70,71,92,91,110,87,113,99,121,112,108,49,75,216,254,357,825,713,379,748,463,545,326,53,31,22,19,21,7,13,13,6,3,8,10,15,3,2,..,..,..
"Patent applications, nonresidents",IP.PAT.NRES,India,IND,..,..,..,..,..,..,..,..,..,..,..,..,..,..,..,..,..,..,..,..,1817,1834,1948,..,2291,2493,2497,2520,2504,2600,2673,2328,2176,2511,3212,5021,6901,8229,6707,2620,6332,8213,8772,9188,13452,19661,23242,28922,30387,27025,30909,33450,34402,32362,30814,33079,31858,31621,33766,34173,33630,35306,..,..,..
"Patent applications, nonresidents",IP.PAT.NRES,Indonesia,IDN,..,..,..,..,..,..,..,..,..,..,..,..,..,..,..,..,..,..,..,..,475,..,636,682,559,731,591,601,..,661,..,1280,3905,2031,2305,2813,3957,3939,1753,2784,3733,3714,3609,3099,3441,4069,4324,4850,4747,4103,5122,5297,..,6787,7321,8095,8538,7032,8347,8388,6851,7403,..,..,..
"Patent applications, nonresidents",IP.PAT.NRES,"Iran, Islamic Rep.",IRN,..,..,..,..,..,..,..,..,..,..,..,..,..,..,..,..,..,..,..,..,493,321,273,280,312,223,..,165,173,170,173,165,175,164,131,129,227,115,159,177,206,302,285,355,356,443,557,502,552,516,528,489,432,338,119,..,702,995,915,578,634,581,..,..,..
"Patent applications, nonresidents",IP.PAT.NRES,Iraq,IRQ,..,..,..,..,..,..,..,..,..,..,..,..,..,..,..,..,..,..,..,..,126,107,129,128,94,77,54,49,52,75,..,..,25,28,25,24,18,..,..,..,..,..,..,..,..,..,..,..,..,..,..,..,..,..,..,102,..,101,77,106,98,..,..,..,..
"Patent applications, nonresidents",IP.PAT.NRES,Ireland,IRL,..,..,..,..,..,..,..,..,..,..,..,..,..,..,..,..,..,..,..,..,2355,2649,2676,2527,2721,2614,2678,2846,3174,3494,4001,3794,..,..,..,..,..,..,..,..,..,..,..,..,..,..,..,..,..,..,..,..,..,..,..,..,70,75,32,35,54,42,..,..,..
"Patent applications, nonresidents",IP.PAT.NRES,Isle of Man,IMN,..,..,..,..,..,..,..,..,..,..,..,..,..,..,..,..,..,..,..,..,..,..,..,..,..,..,..,..,..,..,..,..,..,..,..,..,..,..,..,..,..,..,..,..,..,..,..,..,..,..,..,..,..,..,..,..,..,..,..,..,..,..,..,..,..
"Patent applications, nonresidents",IP.PAT.NRES,Israel,ISR,..,..,..,..,..,..,..,..,..,..,..,..,..,..,..,..,..,..,..,..,2104,2132,2207,2295,2690,2727,2830,3035,2859,3048,2856,2630,2327,2635,2701,3159,2101,1445,3106,3904,5203,5521,5095,4569,4870,5157,6154,6394,6214,5387,5856,5526,5473,4984,5148,5623,5119,5377,5857,6370,6481,8017,..,..,..
"Patent applications, nonresidents",IP.PAT.NRES,Italy,ITA,..,..,..,..,..,..,..,..,..,..,..,..,..,..,..,..,..,..,..,..,9971,..,..,12080,..,7851,..,..,8000,..,..,..,486,483,439,..,1678,..,..,1172,1396,..,..,..,..,..,..,870,861,903,846,927,871,905,781,..,973,1031,900,898,947,797,..,..,..
"Patent applications, nonresidents",IP.PAT.NRES,Jamaica,JAM,..,..,..,..,..,..,..,..,..,..,..,..,..,..,..,..,..,..,..,..,..,..,..,93,93,..,..,101,..,..,77,39,59,64,60,54,77,61,..,..,90,72,54,41,61,59,132,157,121,110,142,93,82,97,122,63,59,57,53,51,47,60,..,..,..
"Patent applications, nonresidents",IP.PAT.NRES,Japan,JPN,..,..,..,..,..,..,..,..,..,..,..,..,..,..,..,..,..,..,..,..,25290,..,..,24977,28562,28622,29887,30089,30491,33641,34360,33463,33875,34141,33363,34603,36514,40765,42551,45475,49501,52408,51586,54909,54665,59118,61614,62793,60892,53281,54517,55030,55783,56705,60030,59882,58137,58189,59937,62597,61124,66748,..,..,..
"Patent applications, nonresidents",IP.PAT.NRES,Jordan,JOR,..,..,..,..,..,..,..,..,..,..,..,..,..,..,..,..,..,..,..,..,68,91,24,..,..,..,..,..,..,61,..,..,..,..,..,..,..,..,..,..,127,147,117,157,141,169,428,507,535,446,429,360,346,357,339,294,256,174,109,290,301,322,..,..,..
"Patent applications, nonresidents",IP.PAT.NRES,Kazakhstan,KAZ,..,..,..,..,..,..,..,..,..,..,..,..,..,..,..,..,..,..,..,..,..,..,..,..,..,..,..,..,..,..,..,..,12,1205,183,342,325,303,159,111,116,99,103,102,111,103,124,194,189,314,273,317,..,378,271,232,231,173,193,..,97,..,..,..,..
"Patent applications, nonresidents",IP.PAT.NRES,Kenya,KEN,..,..,..,..,..,..,..,..,..,..,..,..,..,..,..,..,..,..,..,..,96,75,76,100,122,98,107,108,55,65,..,20,..,37,..,..,38,40,34,30,..,..,49,73,53,59,41,91,89,123,120,122,136,114,75,56,59,43,42,41,35,37,..,..,..
"Patent applications, nonresidents",IP.PAT.NRES,Kiribati,KIR,..,..,..,..,..,..,..,..,..,..,..,..,..,..,..,..,..,..,..,..,..,..,..,..,..,1,..,..,..,..,..,..,..,..,..,..,..,..,..,2,..,..,..,..,..,..,..,..,..,..,..,..,..,..,..,..,..,..,..,..,..,..,..,..,..
"Patent applications, nonresidents",IP.PAT.NRES,"Korea, Dem. People's Rep.",PRK,..,..,..,..,..,..,..,..,..,..,..,..,..,..,..,..,..,..,..,..,..,..,..,..,..,..,8,32,13,13,38,8,8,..,..,..,..,..,..,..,..,..,..,..,..,66,56,76,..,55,39,39,27,..,..,..,..,2,8,7,6,..,..,..,..
"Patent applications, nonresidents",IP.PAT.NRES,"Korea, Rep.",KOR,..,..,..,..,..,..,..,..,..,..,..,..,..,..,..,..,..,..,..,..,3829,3984,4368,4795,6636,7883,9115,12186,14355,16295,16738,14880,15122,15044,17158,19271,21921,25325,24637,24672,29179,30898,29566,28338,34865,38733,40713,43768,43518,36207,38296,40890,40779,44611,46219,46419,45406,45691,47431,47372,46282,51753,..,..,..
"Patent applications, nonresidents",IP.PAT.NRES,Kosovo,XKX,..,..,..,..,..,..,..,..,..,..,..,..,..,..,..,..,..,..,..,..,..,..,..,..,..,..,..,..,..,..,..,..,..,..,..,..,..,..,..,..,..,..,..,..,..,..,..,..,..,..,..,..,..,..,..,..,..,..,..,..,..,..,..,..,..
"Patent applications, nonresidents",IP.PAT.NRES,Kuwait,KWT,..,..,..,..,..,..,..,..,..,..,..,..,..,..,..,..,..,..,..,..,..,..,..,..,..,..,..,..,..,..,..,..,..,..,..,..,..,..,..,..,..,..,..,..,..,..,..,..,..,..,..,..,..,..,..,..,37,..,256,..,..,..,..,..,..
"Patent applications, nonresidents",IP.PAT.NRES,Kyrgyz Republic,KGZ,..,..,..,..,..,..,..,..,..,..,..,..,..,..,..,..,..,..,..,..,..,..,..,..,..,..,..,..,..,..,..,..,..,..,259,29,142,55,12,2,4,14,5,1,..,..,..,3,3,3,6,5,1,3,7,4,5,9,..,1,1,4,..,..,..
"Patent applications, nonresidents",IP.PAT.NRES,Lao PDR,LAO,..,..,..,..,..,..,..,..,..,..,..,..,..,..,..,..,..,..,..,..,..,..,..,..,..,..,..,..,..,..,..,..,..,..,..,..,..,..,..,..,..,..,..,..,11,4,14,21,36,18,20,43,53,69,43,61,63,97,58,..,..,..,..,..,..
"Patent applications, nonresidents",IP.PAT.NRES,Latvia,LVA,..,..,..,..,..,..,..,..,..,..,..,..,..,..,..,..,..,..,..,..,..,..,..,..,..,..,..,..,..,..,..,..,70,163,87,90,273,40,90,91,81,63,64,24,43,57,37,8,9,3,7,10,12,8,4,1,18,7,24,5,1,4,..,..,..
"Patent applications, nonresidents",IP.PAT.NRES,Lebanon,LBN,..,..,..,..,..,..,..,..,..,..,..,..,..,..,..,..,..,..,..,..,..,..,..,..,..,..,..,..,..,..,..,..,..,..,..,..,..,..,..,..,..,..,..,..,..,..,..,..,..,..,..,..,..,250,261,194,..,..,..,..,..,..,..,..,..
"Patent applications, nonresidents",IP.PAT.NRES,Lesotho,LSO,..,..,..,..,..,..,..,..,..,..,..,..,..,..,..,..,..,..,..,..,..,..,..,..,..,..,..,..,..,14,..,..,..,..,..,2,..,..,..,..,..,..,..,..,..,..,..,..,..,..,..,..,..,..,..,..,..,..,..,..,..,..,..,..,..
"Patent applications, nonresidents",IP.PAT.NRES,Liberia,LBR,..,..,..,..,..,..,..,..,..,..,..,..,..,..,..,..,..,..,..,..,..,..,..,..,..,..,..,..,..,..,..,11,..,21,..,..,..,..,..,..,..,..,..,..,..,..,..,..,..,..,..,..,..,..,..,..,..,..,..,..,..,..,..,..,..
"Patent applications, nonresidents",IP.PAT.NRES,Libya,LBY,..,..,..,..,..,..,..,..,..,..,..,..,..,..,..,..,..,..,..,..,..,..,..,..,..,..,..,..,..,24,47,22,..,21,21,37,23,..,..,..,..,..,..,..,..,..,..,..,..,..,..,..,..,..,..,..,..,..,..,..,..,..,..,..,..
"Patent applications, nonresidents",IP.PAT.NRES,Liechtenstein,LIE,..,..,..,..,..,..,..,..,..,..,..,..,..,..,..,..,..,..,..,..,..,..,..,..,..,..,..,..,..,..,..,..,..,..,..,..,..,..,..,..,..,..,..,..,..,..,..,..,..,..,..,..,..,..,..,..,..,..,..,..,..,..,..,..,..
"Patent applications, nonresidents",IP.PAT.NRES,Lithuania,LTU,..,..,..,..,..,..,..,..,..,..,..,..,..,..,..,..,..,..,..,..,..,..,..,..,..,..,..,..,..,..,..,..,117,1036,180,27,78,77,71,71,61,55,46,49,44,47,34,20,18,16,6,15,15,20,42,18,58,46,24,33,18,9,..,..,..
"Patent applications, nonresidents",IP.PAT.NRES,Luxembourg,LUX,..,..,..,..,..,..,..,..,..,..,..,..,..,..,..,..,..,..,..,..,897,708,616,..,496,439,407,300,248,169,165,119,..,166,74,69,77,102,68,86,91,70,42,8,18,64,26,25,23,24,21,43,52,56,90,119,301,512,243,359,679,1441,..,..,..
"Patent applications, nonresidents",IP.PAT.NRES,"Macao SAR, China",MAC,..,..,..,..,..,..,..,..,..,..,..,..,..,..,..,..,..,..,..,..,..,..,..,..,..,..,..,..,..,..,..,..,..,..,..,..,..,..,..,..,..,7,12,..,22,119,131,291,208,123,58,56,53,54,104,62,51,67,54,38,63,35,..,..,..
"Patent applications, nonresidents",IP.PAT.NRES,Madagascar,MDG,..,..,..,..,..,..,..,..,..,..,..,..,..,..,..,..,..,..,..,..,..,..,..,..,..,..,..,..,..,..,..,..,..,..,20,16,23,36,30,37,48,38,25,20,22,35,40,67,63,43,34,58,40,47,29,16,30,42,37,30,21,22,..,..,..
"Patent applications, nonresidents",IP.PAT.NRES,Malawi,MWI,..,..,..,..,..,..,..,..,..,..,..,..,..,..,..,..,..,..,..,..,51,41,49,37,26,35,39,53,33,34,33,21,12,15,12,33,30,26,18,..,17,..,..,..,..,..,..,..,..,..,..,..,..,..,..,..,1,..,..,..,..,..,..,..,..
"Patent applications, nonresidents",IP.PAT.NRES,Malaysia,MYS,..,..,..,..,..,..,..,..,..,..,..,..,..,..,..,..,..,..,..,..,..,..,..,..,..,1329,233,3195,1547,1803,2213,2321,2260,2684,3364,3911,5354,6272,5770,5624,6021,5663,4615,4686,4920,5764,4269,1702,4485,4503,5152,5376,5826,6006,6267,6455,6127,5906,6179,6480,5839,6651,..,..,..
"Patent applications, nonresidents",IP.PAT.NRES,Maldives,MDV,..,..,..,..,..,..,..,..,..,..,..,..,..,..,..,..,..,..,..,..,..,..,..,..,..,..,..,..,..,..,..,..,..,..,..,..,..,..,..,..,..,..,..,..,..,..,..,..,..,..,..,..,..,..,..,..,..,..,..,..,..,..,..,..,..
"Patent applications, nonresidents",IP.PAT.NRES,Mali,MLI,..,..,..,..,..,..,..,..,..,..,..,..,..,..,..,..,..,..,..,..,..,7,..,..,..,..,..,..,..,..,..,..,..,..,..,..,..,..,..,..,..,..,..,..,..,..,..,..,..,..,..,..,..,..,..,..,..,..,..,..,..,..,..,..,..
"Patent applications, nonresidents",IP.PAT.NRES,Malta,MLT,..,..,..,..,..,..,..,..,..,..,..,..,..,..,..,..,..,..,..,..,17,17,15,16,15,20,12,17,14,13,17,21,22,16,21,13,18,24,26,72,93,107,180,..,471,..,805,29,34,21,7,6,6,4,8,2,1,7,15,7,5,5,..,..,..
"Patent applications, nonresidents",IP.PAT.NRES,Marshall Islands,MHL,..,..,..,..,..,..,..,..,..,..,..,..,..,..,..,..,..,..,..,..,..,..,..,..,..,..,..,..,..,..,..,..,..,..,..,..,..,..,..,..,..,..,..,..,..,..,..,..,..,..,..,..,..,..,..,..,..,..,..,..,..,..,..,..,..
"Patent applications, nonresidents",IP.PAT.NRES,Mauritania,MRT,..,..,..,..,..,..,..,..,..,..,..,..,..,..,..,..,..,..,..,..,..,..,..,..,..,..,..,..,..,..,..,..,..,..,..,..,..,..,..,..,..,..,..,..,..,..,..,..,..,..,..,..,..,..,..,..,..,..,..,..,..,..,..,..,..
"Patent applications, nonresidents",IP.PAT.NRES,Mauritius,MUS,..,..,..,..,..,..,..,..,..,..,..,..,..,..,..,..,..,..,..,..,10,19,8,..,..,5,21,5,14,11,3,8,12,4,12,4,19,12,12,..,..,..,..,..,..,..,..,..,22,..,..,19,14,18,18,20,36,18,13,23,19,14,..,..,..
"Patent applications, nonresidents",IP.PAT.NRES,Mexico,MEX,..,..,..,..,..,..,..,..,..,..,..,..,..,..,..,..,..,..,..,..,4768,5232,4763,3861,3771,3091,3071,3509,3748,3817,4400,4707,7130,7659,9446,4961,6365,10111,10440,11655,12630,13031,12536,11739,12633,13851,14931,15970,15896,13459,13625,12990,14020,14234,14889,16707,16103,15850,14869,14636,13180,15044,..,..,..
"Patent applications, nonresidents",IP.PAT.NRES,"Micronesia, Fed. Sts.",FSM,..,..,..,..,..,..,..,..,..,..,..,..,..,..,..,..,..,..,..,..,..,..,..,..,..,..,..,..,..,..,..,..,..,..,..,..,..,..,..,..,..,..,..,..,..,..,..,..,..,..,..,..,..,..,..,..,..,..,..,..,..,..,..,..,..
"Patent applications, nonresidents",IP.PAT.NRES,Moldova,MDA,..,..,..,..,..,..,..,..,..,..,..,..,..,..,..,..,..,..,..,..,..,..,..,..,..,..,..,..,..,..,..,..,..,36,296,39,135,57,23,15,10,17,30,3,9,11,9,14,22,5,11,11,22,29,72,60,64,37,21,15,11,12,..,..,..
"Patent applications, nonresidents",IP.PAT.NRES,Monaco,MCO,..,..,..,..,..,..,..,..,..,..,..,..,..,..,..,..,..,..,..,..,54,56,37,46,51,54,40,55,67,50,56,42,13,11,14,17,23,13,15,14,7,14,4,3,2,5,7,5,3,7,5,3,4,..,4,1,7,17,11,5,7,3,..,..,..
"Patent applications, nonresidents",IP.PAT.NRES,Mongolia,MNG,..,..,..,..,..,..,..,..,..,..,..,..,..,..,..,..,..,..,..,..,..,..,..,32,11,..,..,..,..,..,..,1,2,6,21,52,23,3,32,..,..,76,105,86,86,87,110,..,..,67,69,..,..,132,126,128,107,104,79,86,82,77,..,..,..
"Patent applications, nonresidents",IP.PAT.NRES,Montenegro,MNE,..,..,..,..,..,..,..,..,..,..,..,..,..,..,..,..,..,..,..,..,..,..,..,..,..,..,..,..,..,..,..,..,..,..,..,..,..,..,..,..,..,..,..,..,..,..,..,..,914,..,136,83,41,..,..,..,..,..,..,..,..,..,..,..,..
"Patent applications, nonresidents",IP.PAT.NRES,Morocco,MAR,..,..,..,..,..,..,..,..,..,..,..,..,..,..,..,..,..,..,..,..,315,299,284,300,294,255,225,234,238,204,268,301,..,256,253,292,237,..,401,..,..,..,..,..,457,520,732,782,834,856,882,880,843,828,742,797,1066,2026,2350,2531,2438,2549,..,..,..
"Patent applications, nonresidents",IP.PAT.NRES,Mozambique,MOZ,..,..,..,..,..,..,..,..,..,..,..,..,..,..,..,..,..,..,..,..,..,..,..,..,..,..,..,..,..,..,..,..,..,..,..,..,..,..,..,18,8,1,9,16,4,14,17,26,14,17,25,15,26,30,46,30,25,26,13,24,14,16,..,..,..
"Patent applications, nonresidents",IP.PAT.NRES,Myanmar,MMR,..,..,..,..,..,..,..,..,..,..,..,..,..,..,..,..,..,..,..,..,..,..,..,..,..,..,..,..,..,..,..,..,..,..,..,..,..,..,..,..,..,..,..,..,..,..,..,..,..,..,..,..,..,..,..,..,..,..,..,..,..,..,..,..,..
"Patent applications, nonresidents",IP.PAT.NRES,Namibia,NAM,..,..,..,..,..,..,..,..,..,..,..,..,..,..,..,..,..,..,..,..,..,..,..,..,..,..,..,..,..,..,158,130,..,120,..,..,..,..,..,..,..,..,..,..,..,..,..,..,..,..,..,..,..,..,..,11,14,15,15,12,..,..,..,..,..
"Patent applications, nonresidents",IP.PAT.NRES,Nauru,NRU,..,..,..,..,..,..,..,..,..,..,..,..,..,..,..,..,..,..,..,..,..,..,..,..,..,..,..,..,..,..,..,..,..,..,..,..,..,..,..,..,..,..,..,..,..,..,..,..,..,..,..,..,..,..,..,..,..,..,..,..,..,..,..,..,..
"Patent applications, nonresidents",IP.PAT.NRES,Nepal,NPL,..,..,..,..,..,..,..,..,..,..,..,..,..,..,..,..,..,..,..,..,..,..,3,..,..,1,..,..,..,..,..,..,2,3,1,5,..,..,..,..,..,..,..,..,..,..,..,..,..,..,..,15,13,12,36,71,26,43,..,..,..,..,..,..,..
"Patent applications, nonresidents",IP.PAT.NRES,Netherlands,NLD,..,..,..,..,..,..,..,..,..,..,..,..,..,..,..,..,..,..,..,..,5532,4228,3212,2611,2139,1658,1464,1201,1068,993,764,595,555,560,501,569,633,637,549,506,529,543,481,573,556,633,548,367,311,279,240,310,338,449,288,287,314,365,394,449,825,1390,..,..,..
"Patent applications, nonresidents",IP.PAT.NRES,New Caledonia,NCL,..,..,..,..,..,..,..,..,..,..,..,..,..,..,..,..,..,..,..,..,..,..,..,..,..,..,..,..,..,..,..,..,..,..,..,..,..,..,..,..,..,..,..,..,..,..,..,..,..,..,..,..,..,..,..,..,..,..,..,..,..,..,..,..,..
"Patent applications, nonresidents",IP.PAT.NRES,New Zealand,NZL,..,..,..,..,..,..,..,..,..,..,..,..,..,..,..,..,..,..,..,..,2290,2424,2547,2683,3011,2967,3128,3368,3622,3660,3869,3550,3390,1866,2517,3435,6192,8259,4519,6541,5585,5507,5109,5028,4900,5112,5212,5952,4468,4803,5051,4708,5674,5167,6092,5317,5311,5146,5221,5690,5417,6522,..,..,..
"Patent applications, nonresidents",IP.PAT.NRES,Nicaragua,NIC,..,..,..,..,..,..,..,..,..,..,..,..,..,..,..,..,..,..,..,..,..,..,..,64,49,33,39,..,..,..,..,..,39,34,..,35,..,..,..,136,129,..,..,..,..,..,..,..,..,..,..,208,172,124,145,..,..,..,..,..,..,..,..,..,..
"Patent applications, nonresidents",IP.PAT.NRES,Niger,NER,..,..,..,..,..,..,..,..,..,..,..,..,..,..,..,..,..,..,..,..,..,..,..,..,..,..,..,..,..,..,..,..,..,..,..,..,..,..,..,..,..,..,..,..,..,..,..,..,..,..,..,..,..,..,..,..,..,..,..,..,..,..,..,..,..
"Patent applications, nonresidents",IP.PAT.NRES,Nigeria,NGA,..,..,..,..,..,..,..,..,..,..,..,..,..,..,..,..,..,..,..,..,..,..,..,..,..,431,..,..,..,..,246,..,..,..,..,..,..,..,..,..,..,..,..,..,..,..,..,..,..,..,..,747,676,869,..,..,150,180,509,683,598,..,..,..,..
"Patent applications, nonresidents",IP.PAT.NRES,North Macedonia,MKD,..,..,..,..,..,..,..,..,..,..,..,..,..,..,..,..,..,..,..,..,..,..,..,..,..,..,..,..,..,..,..,..,..,50,178,76,13,118,60,2,53,59,209,23,9,15,4,13,5,11,1,3,3,4,..,..,..,..,..,..,..,..,..,..,..
"Patent applications, nonresidents",IP.PAT.NRES,Northern Mariana Islands,MNP,..,..,..,..,..,..,..,..,..,..,..,..,..,..,..,..,..,..,..,..,..,..,..,..,..,..,..,..,..,..,..,..,..,..,..,..,..,..,..,..,..,..,..,..,..,..,..,..,..,..,..,..,..,..,..,..,..,..,..,..,..,..,..,..,..
"Patent applications, nonresidents",IP.PAT.NRES,Norway,NOR,..,..,..,..,..,..,..,..,..,..,..,..,..,..,..,..,..,..,..,..,3247,3785,3733,4068,4332,3694,3519,4616,4933,4324,4745,4213,4120,3886,4072,4280,4336,4959,5006,5255,5389,5242,5109,4782,4348,4843,4957,5431,4280,2358,696,654,555,648,457,652,833,908,592,582,564,634,..,..,..
"Patent applications, nonresidents",IP.PAT.NRES,Oman,OMN,..,..,..,..,..,..,..,..,..,..,..,..,..,..,..,..,..,..,..,..,..,..,..,..,..,..,..,..,..,..,..,..,..,..,..,..,..,..,..,..,..,..,..,..,..,..,..,..,..,..,..,..,..,..,..,341,366,387,404,476,519,511,..,..,..
"Patent applications, nonresidents",IP.PAT.NRES,Pakistan,PAK,..,..,..,..,..,..,..,..,..,..,..,..,..,..,..,..,..,..,..,..,369,..,..,..,..,..,..,..,..,..,524,502,605,617,574,678,799,1049,1275,1089,1149,1168,1057,1070,1008,1141,1647,1449,1375,..,980,861,798,783,776,677,636,505,586,561,562,567,..,..,..
"Patent applications, nonresidents",IP.PAT.NRES,Palau,PLW,..,..,..,..,..,..,..,..,..,..,..,..,..,..,..,..,..,..,..,..,..,..,..,..,..,..,..,..,..,..,..,..,..,..,..,..,..,..,..,..,..,..,..,..,..,..,..,..,..,..,..,..,..,..,..,..,..,..,..,..,..,..,..,..,..
"Patent applications, nonresidents",IP.PAT.NRES,Panama,PAN,..,..,..,..,..,..,..,..,..,..,..,..,..,..,..,..,..,..,..,..,90,90,97,134,98,78,83,73,79,44,53,68,66,80,86,62,142,..,..,..,153,..,..,..,..,..,..,..,371,370,468,420,234,78,274,389,349,376,362,328,297,401,..,..,..
"Patent applications, nonresidents",IP.PAT.NRES,Papua New Guinea,PNG,..,..,..,..,..,..,..,..,..,..,..,..,..,..,..,..,..,..,..,..,..,..,..,..,..,..,..,..,..,..,..,..,..,..,..,..,..,..,..,..,..,..,..,..,..,..,..,..,45,..,..,..,..,79,..,46,..,..,33,63,53,29,..,..,..
"Patent applications, nonresidents",IP.PAT.NRES,Paraguay,PRY,..,..,..,..,..,..,..,..,..,..,..,..,..,..,..,..,..,..,..,..,..,..,..,50,32,35,..,..,..,34,36,..,44,71,..,..,..,..,..,..,211,253,171,173,187,241,364,295,265,246,347,..,..,..,..,..,..,..,315,324,323,354,..,..,..
"Patent applications, nonresidents",IP.PAT.NRES,Peru,PER,..,..,..,..,..,..,..,..,..,..,..,..,..,..,..,..,..,..,..,..,280,375,294,266,..,211,208,194,194,..,219,216,262,254,369,..,565,756,..,944,1038,974,840,892,785,993,1232,1331,1504,657,261,1129,1136,1193,1204,1182,1091,1119,1133,1122,1142,1141,..,..,..
"Patent applications, nonresidents",IP.PAT.NRES,Philippines,PHL,..,..,..,..,..,..,..,..,..,..,..,..,..,..,..,..,..,..,..,..,1454,1514,1514,1613,1194,1489,1379,1568,1617,1772,1822,1774,1687,1860,1965,2207,2634,3440,3280,3217,3482,2470,705,1732,2538,2762,3034,3248,3097,2825,3223,3010,2832,3065,3255,3359,3092,3072,3771,3879,3517,3903,..,..,..
"Patent applications, nonresidents",IP.PAT.NRES,Poland,POL,..,..,..,..,..,..,..,..,..,..,..,..,..,..,..,..,..,..,..,..,1644,1188,990,783,798,770,713,769,763,843,1315,1086,1354,1013,1327,1265,1297,3950,4128,4671,4899,4328,4292,3973,5359,4555,655,361,290,241,227,244,247,174,155,139,135,117,115,112,88,111,..,..,..
"Patent applications, nonresidents",IP.PAT.NRES,Portugal,PRT,..,..,..,..,..,..,..,..,..,..,..,..,..,..,..,..,..,..,..,..,1731,1843,1734,1760,1756,1906,2191,2258,2410,3311,3541,3453,1138,180,88,120,76,101,61,114,65,56,49,40,64,47,36,31,24,46,46,75,26,22,18,20,27,36,29,104,263,42,..,..,..
"Patent applications, nonresidents",IP.PAT.NRES,Puerto Rico (US),PRI,..,..,..,..,..,..,..,..,..,..,..,..,..,..,..,..,..,..,..,..,..,..,..,..,..,..,..,..,..,..,..,..,..,..,..,..,..,..,..,..,..,..,..,..,..,..,..,..,..,..,..,..,..,..,..,..,..,..,..,..,..,..,..,..,..
"Patent applications, nonresidents",IP.PAT.NRES,Qatar,QAT,..,..,..,..,..,..,..,..,..,..,..,..,..,..,..,..,..,..,..,..,..,..,..,..,..,..,..,..,..,..,..,..,..,..,..,..,..,..,..,..,..,..,..,..,..,..,..,..,..,..,..,..,58,323,477,..,548,574,..,799,604,722,..,..,..
"Patent applications, nonresidents",IP.PAT.NRES,Romania,ROU,..,..,..,..,..,..,..,..,..,..,..,..,..,..,..,..,..,..,..,..,726,681,638,487,457,379,225,291,181,191,304,361,420,628,500,421,636,722,894,330,287,277,363,293,200,68,62,59,36,37,36,39,55,53,84,78,58,80,47,58,47,45,..,..,..
"Patent applications, nonresidents",IP.PAT.NRES,Russian Federation,RUS,..,..,..,..,..,..,..,..,..,..,..,..,..,..,..,..,..,..,..,..,..,..,..,..,..,..,..,..,..,..,..,..,11850,3974,4495,6893,7980,8123,8299,7944,8960,9313,9596,9901,7205,8609,9807,11934,14137,12966,13778,14919,15510,16149,16236,16248,14792,14106,13031,12174,11225,11408,..,..,..
"Patent applications, nonresidents",IP.PAT.NRES,Rwanda,RWA,..,..,..,..,..,..,..,..,..,..,..,..,..,..,..,..,..,..,..,..,3,7,2,3,6,1,1,2,5,1,4,1,2,..,3,..,..,..,..,4,..,..,..,..,..,..,..,..,..,..,..,..,30,..,7,1,3,2,1,..,..,2,..,..,..
"Patent applications, nonresidents",IP.PAT.NRES,Samoa,WSM,..,..,..,..,..,..,..,..,..,..,..,..,..,..,..,..,..,..,..,..,2,..,..,..,..,4,..,..,..,..,..,2,..,..,..,2,3,..,..,..,..,..,..,7,2,..,..,11,..,..,..,..,..,..,99,3,..,..,..,1,2,..,..,..,..
"Patent applications, nonresidents",IP.PAT.NRES,San Marino,SMR,..,..,..,..,..,..,..,..,..,..,..,..,..,..,..,..,..,..,..,..,..,..,..,..,..,..,..,..,..,..,..,..,..,..,..,..,..,..,..,..,..,..,..,..,..,..,..,..,..,..,..,..,..,155,191,296,467,604,681,741,709,722,..,..,..
"Patent applications, nonresidents",IP.PAT.NRES,Sao Tome and Principe,STP,..,..,..,..,..,..,..,..,..,..,..,..,..,..,..,..,..,..,..,..,..,..,..,..,..,..,..,..,..,..,..,..,..,..,..,..,..,..,..,..,..,..,..,..,..,..,..,..,..,1,1,2,..,8,3,..,..,..,..,..,14,14,..,..,..
"Patent applications, nonresidents",IP.PAT.NRES,Saudi Arabia,SAU,..,..,..,..,..,..,..,..,..,..,..,..,..,..,..,..,..,..,..,..,..,..,..,..,..,..,..,..,..,58,439,492,605,729,687,718,810,1001,1286,1144,797,683,552,487,395,374,419,642,..,..,643,643,..,440,135,1691,2196,2282,2321,2463,2274,2581,..,..,..
"Patent applications, nonresidents",IP.PAT.NRES,Senegal,SEN,..,..,..,..,..,..,..,..,..,..,..,..,..,..,..,..,..,..,..,..,..,..,..,..,..,..,..,..,..,..,..,..,..,..,..,..,..,..,..,..,..,..,..,..,..,..,..,..,..,..,..,..,..,..,..,..,..,..,..,..,..,..,..,..,..
"Patent applications, nonresidents",IP.PAT.NRES,Serbia,SRB,..,..,..,..,..,..,..,..,..,..,..,..,..,..,..,..,..,..,..,..,..,..,..,..,..,..,..,..,..,..,..,..,..,..,..,..,..,..,..,..,..,..,..,..,694,609,273,121,237,40,39,49,32,20,10,13,21,13,11,9,8,18,..,..,..
"Patent applications, nonresidents",IP.PAT.NRES,Seychelles,SYC,..,..,..,..,..,..,..,..,..,..,..,..,..,..,..,..,..,..,..,..,3,7,..,3,1,2,..,..,5,..,..,..,..,..,..,1,6,..,..,..,..,..,..,..,..,..,..,..,..,..,..,..,..,..,..,..,14,46,17,12,9,28,..,..,..
"Patent applications, nonresidents",IP.PAT.NRES,Sierra Leone,SLE,..,..,..,..,..,..,..,..,..,..,..,..,..,..,..,..,..,..,..,..,..,..,..,..,..,..,..,..,..,..,..,..,..,..,..,5,..,..,..,..,..,..,..,..,..,..,..,..,..,..,..,..,..,..,..,..,..,..,100,5,4,..,..,..,..
"Patent applications, nonresidents",IP.PAT.NRES,Singapore,SGP,..,..,..,..,..,..,..,..,..,..,..,..,..,..,..,..,..,..,..,..,631,603,..,852,927,1003,..,..,..,..,..,..,..,..,..,2412,12357,6048,6367,6679,7720,7726,7575,7248,7944,8036,8537,9255,8899,7986,8878,8738,8604,8579,9009,9345,9379,9321,10270,12409,11487,12566,..,..,..
"Patent applications, nonresidents",IP.PAT.NRES,Sint Maarten (Dutch part),SXM,..,..,..,..,..,..,..,..,..,..,..,..,..,..,..,..,..,..,..,..,..,..,..,..,..,..,..,..,..,..,..,..,..,..,..,..,..,..,..,..,..,..,..,..,..,..,..,..,..,..,..,..,..,..,..,..,..,..,..,..,..,..,..,..,..
"Patent applications, nonresidents",IP.PAT.NRES,Slovak Republic,SVK,..,..,..,..,..,..,..,..,..,..,..,..,..,..,..,..,..,..,..,..,..,..,..,..,..,..,..,..,..,..,..,..,..,681,620,1400,1498,1578,1612,1683,1804,1696,1599,1437,238,95,90,106,75,63,48,33,35,26,23,28,15,23,14,28,15,13,..,..,..
"Patent applications, nonresidents",IP.PAT.NRES,Slovenia,SVN,..,..,..,..,..,..,..,..,..,..,..,..,..,..,..,..,..,..,..,..,..,..,..,..,..,..,..,..,..,..,..,1,409,784,404,116,201,238,127,138,124,107,101,60,42,29,12,15,6,12,11,11,..,..,..,..,..,..,23,..,12,17,..,..,..
"Patent applications, nonresidents",IP.PAT.NRES,Solomon Islands,SLB,..,..,..,..,..,..,..,..,..,..,..,..,..,..,..,..,..,..,..,..,..,..,..,4,12,4,8,6,2,2,..,..,..,..,..,..,..,..,..,..,..,..,..,..,..,..,..,..,..,..,..,..,..,..,..,..,..,..,..,..,..,..,..,..,..
"Patent applications, nonresidents",IP.PAT.NRES,"Somalia, Fed. Rep.",SOM,..,..,..,..,..,..,..,..,..,..,..,..,..,..,..,..,..,..,..,..,..,..,..,..,7,7,..,..,..,..,..,..,..,..,..,..,..,..,..,..,..,..,..,..,..,..,..,..,..,..,..,..,..,..,..,..,..,..,..,..,..,..,..,..,..
"Patent applications, nonresidents",IP.PAT.NRES,South Africa,ZAF,..,..,..,..,..,..,..,..,..,..,..,..,..,..,..,..,..,..,..,..,5024,5694,6585,5479,6275,5849,5046,4844,4905,4842,4943,4654,4423,4282,4968,5482,6115,6917,7190,3002,2400,5427,5617,5303,5833,6001,6739,7402,7081,5913,5562,6589,6836,6657,6750,6608,6506,6816,6258,6347,6146,9156,..,..,..
"Patent applications, nonresidents",IP.PAT.NRES,South Sudan,SSD,..,..,..,..,..,..,..,..,..,..,..,..,..,..,..,..,..,..,..,..,..,..,..,..,..,..,..,..,..,..,..,..,..,..,..,..,..,..,..,..,..,..,..,..,..,..,..,..,..,..,..,..,..,..,..,..,..,..,..,..,..,..,..,..,..
"Patent applications, nonresidents",IP.PAT.NRES,Spain,ESP,..,..,..,..,..,..,..,..,..,..,..,..,..,..,..,..,..,..,..,..,9001,8509,8555,8352,8916,9149,8581,2590,2209,2318,1079,746,561,563,537,553,524,496,476,506,484,467,371,367,313,313,316,265,252,207,213,196,209,218,225,221,177,176,149,159,124,126,..,..,..
"Patent applications, nonresidents",IP.PAT.NRES,Sri Lanka,LKA,..,..,..,..,..,..,..,..,..,..,..,..,..,..,..,..,..,..,..,..,67,102,76,85,78,80,103,90,92,94,83,92,91,77,57,113,114,193,158,248,250,236,202,189,195,211,270,279,264,200,235,235,..,188,..,263,293,266,260,255,251,273,..,..,..
"Patent applications, nonresidents",IP.PAT.NRES,St. Kitts and Nevis,KNA,..,..,..,..,..,..,..,..,..,..,..,..,..,..,..,..,..,..,..,..,..,..,..,..,..,..,..,..,..,..,..,..,..,..,..,..,..,..,..,..,..,..,..,..,..,..,..,..,..,..,..,..,..,..,..,4,5,9,4,..,..,..,..,..,..
"Patent applications, nonresidents",IP.PAT.NRES,St. Lucia,LCA,..,..,..,..,..,..,..,..,..,..,..,..,..,..,..,..,..,..,..,..,14,10,..,5,1,..,..,..,..,..,2,..,1,..,..,4,5,..,..,..,..,7,..,..,..,..,..,..,..,..,..,..,..,..,..,..,..,..,..,..,..,..,..,..,..
"Patent applications, nonresidents",IP.PAT.NRES,St. Martin (French part),MAF,..,..,..,..,..,..,..,..,..,..,..,..,..,..,..,..,..,..,..,..,..,..,..,..,..,..,..,..,..,..,..,..,..,..,..,..,..,..,..,..,..,..,..,..,..,..,..,..,..,..,..,..,..,..,..,..,..,..,..,..,..,..,..,..,..
"Patent applications, nonresidents",IP.PAT.NRES,St. Vincent and the Grenadines,VCT,..,..,..,..,..,..,..,..,..,..,..,..,..,..,..,..,..,..,..,..,..,..,..,..,..,..,..,..,..,..,..,..,..,..,..,..,8,..,..,..,2,..,..,..,..,..,..,..,..,..,..,..,2,8,8,7,..,3,4,3,5,11,..,..,..
"Patent applications, nonresidents",IP.PAT.NRES,Sudan,SDN,..,..,..,..,..,..,..,..,..,..,..,..,..,..,..,..,..,..,..,..,..,..,..,67,..,..,..,..,..,..,..,..,26,..,..,..,..,..,..,4,16,13,20,11,17,16,13,13,3,2,2,3,..,..,8,1,1,12,31,7,7,..,..,..,..
"Patent applications, nonresidents",IP.PAT.NRES,Suriname,SUR,..,..,..,..,..,..,..,..,..,..,..,..,..,..,..,..,..,..,..,..,..,..,..,..,..,..,..,..,..,..,..,..,..,..,..,..,..,..,..,..,..,..,..,..,..,..,..,..,..,..,..,..,..,..,..,..,..,..,..,..,..,..,..,..,..
"Patent applications, nonresidents",IP.PAT.NRES,Sweden,SWE,..,..,..,..,..,..,..,..,..,..,..,..,..,..,..,..,..,..,..,..,5086,3968,3442,2958,2705,2322,1939,1695,1462,1270,1073,702,657,614,636,924,857,940,753,853,844,574,597,703,462,438,413,398,306,463,353,337,148,163,441,390,352,305,442,388,432,425,..,..,..
"Patent applications, nonresidents",IP.PAT.NRES,Switzerland,CHE,..,..,..,..,..,..,..,..,..,..,..,..,..,..,..,..,..,..,..,..,5613,4430,3637,3038,2714,2281,1954,1764,1556,1371,1081,893,903,874,892,830,718,620,564,535,468,594,466,396,434,455,362,342,439,394,533,446,1508,631,568,446,309,291,332,348,301,267,..,..,..
"Patent applications, nonresidents",IP.PAT.NRES,Syrian Arab Republic,SYR,..,..,..,..,..,..,..,..,..,..,..,..,..,..,..,..,..,..,..,..,98,76,81,..,..,..,..,..,..,..,..,..,33,40,42,68,59,46,9,..,48,39,47,36,40,34,133,..,..,..,..,..,..,..,..,..,..,16,45,32,16,20,..,..,..
"Patent applications, nonresidents",IP.PAT.NRES,Tajikistan,TJK,..,..,..,..,..,..,..,..,..,..,..,..,..,..,..,..,..,..,..,..,..,..,..,..,..,..,..,..,..,..,..,..,..,..,169,30,141,51,9,5,7,1,..,1,2,6,..,..,..,1,3,1,3,2,..,1,..,..,..,1,8,..,..,..,..
"Patent applications, nonresidents",IP.PAT.NRES,Tanzania,TZA,..,..,..,..,..,..,..,..,..,..,..,..,..,..,..,..,..,..,..,..,88,..,30,57,..,30,..,..,37,23,..,..,..,..,..,..,..,..,..,..,..,3,2,1,3,3,1,4,5,3,1,2,..,3,4,1,..,..,..,..,..,..,..,..,..
"Patent applications, nonresidents",IP.PAT.NRES,Thailand,THA,..,..,..,..,..,..,..,..,..,..,..,..,..,..,..,..,..,..,..,..,202,306,331,512,619,652,634,814,1041,1381,1867,1907,1906,2353,2816,3387,4355,5148,4592,4438,4488,4798,3874,4329,4554,5449,5221,5873,5839,4832,723,2997,5726,5832,6924,7138,6722,6886,7245,7307,6662,7375,..,..,..
"Patent applications, nonresidents",IP.PAT.NRES,Timor-Leste,TLS,..,..,..,..,..,..,..,..,..,..,..,..,..,..,..,..,..,..,..,..,..,..,..,..,..,..,..,..,..,..,..,..,..,..,..,..,..,..,..,..,..,..,..,..,..,..,..,..,..,..,..,..,..,..,..,..,..,..,..,..,..,..,..,..,..
"Patent applications, nonresidents",IP.PAT.NRES,Togo,TGO,..,..,..,..,..,..,..,..,..,..,..,..,..,..,..,..,..,..,..,..,..,..,..,..,..,..,..,..,..,..,..,..,..,..,..,..,..,..,..,..,..,..,..,..,..,..,..,..,..,..,..,..,..,..,..,..,..,..,..,..,..,..,..,..,..
"Patent applications, nonresidents",IP.PAT.NRES,Tonga,TON,..,..,..,..,..,..,..,..,..,..,..,..,..,..,..,..,..,..,..,..,..,..,..,..,..,..,..,..,..,..,..,..,..,..,..,..,..,..,..,..,..,..,..,..,..,..,..,..,..,..,..,..,..,..,..,..,1,1,..,..,3,2,..,..,..
"Patent applications, nonresidents",IP.PAT.NRES,Trinidad and Tobago,TTO,..,..,..,..,..,..,..,..,..,..,..,..,..,..,..,..,..,..,..,..,123,..,83,..,..,..,..,..,..,..,..,..,54,62,70,63,110,154,107,120,154,239,221,231,205,205,278,317,280,..,..,..,213,174,184,165,133,171,135,112,111,149,..,..,..
"Patent applications, nonresidents",IP.PAT.NRES,Tunisia,TUN,..,..,..,..,..,..,..,..,..,..,..,..,..,..,..,..,..,..,..,..,214,183,..,197,201,202,139,120,118,118,134,104,98,100,106,115,128,174,200,190,210,156,58,120,223,282,379,416,472,452,508,543,476,437,400,409,348,383,271,..,..,..,..,..,..
"Patent applications, nonresidents",IP.PAT.NRES,Turkiye,TUR,..,..,..,..,..,..,..,..,..,..,..,..,..,..,..,..,..,..,..,..,527,368,385,..,447,461,552,760,747,886,1090,1057,1063,1057,1216,1520,735,1327,2276,2744,3156,2875,1424,348,235,218,160,211,176,177,177,228,232,269,331,489,618,380,310,217,238,242,..,..,..
"Patent applications, nonresidents",IP.PAT.NRES,Turkmenistan,TKM,..,..,..,..,..,..,..,..,..,..,..,..,..,..,..,..,..,..,..,..,..,..,..,..,..,..,..,..,..,..,..,..,..,..,..,..,252,50,20,5,..,..,..,..,..,..,..,..,..,..,..,..,..,..,..,..,..,..,..,..,..,..,..,..,..
"Patent applications, nonresidents",IP.PAT.NRES,Turks and Caicos Islands,TCA,..,..,..,..,..,..,..,..,..,..,..,..,..,..,..,..,..,..,..,..,..,..,..,..,..,..,..,..,..,..,..,..,..,..,..,..,..,..,..,..,..,..,..,..,..,..,..,..,..,..,..,..,..,..,..,..,..,..,..,..,..,..,..,..,..
"Patent applications, nonresidents",IP.PAT.NRES,Tuvalu,TUV,..,..,..,..,..,..,..,..,..,..,..,..,..,..,..,..,..,..,..,..,..,..,..,..,..,..,..,..,..,..,..,..,..,..,..,..,..,..,..,..,..,..,..,..,..,..,..,..,..,..,..,..,..,..,..,..,..,..,7,10,10,11,..,..,..
"Patent applications, nonresidents",IP.PAT.NRES,Uganda,UGA,..,..,..,..,..,..,..,..,..,..,..,..,..,..,..,..,..,..,..,..,28,55,17,16,28,26,..,21,21,14,13,4,11,..,..,..,..,..,..,..,..,..,..,..,1,..,..,1,..,..,..,..,..,4,3,..,..,6,1,1,6,4,..,..,..
"Patent applications, nonresidents",IP.PAT.NRES,Ukraine,UKR,..,..,..,..,..,..,..,..,..,..,..,..,..,..,..,..,..,..,..,..,..,..,..,..,..,..,..,..,..,..,..,..,..,1909,555,1156,1257,1568,1631,1621,1604,1610,1153,1438,1689,2054,2416,2723,2872,2380,2756,2604,2464,2556,2356,2226,1862,1764,1861,1755,1822,2091,..,..,..
"Patent applications, nonresidents",IP.PAT.NRES,United Arab Emirates,ARE,..,..,..,..,..,..,..,..,..,..,..,..,..,..,..,..,..,..,..,..,..,..,..,..,..,..,..,..,..,..,..,..,..,..,..,..,..,..,..,..,..,..,..,..,..,..,..,..,..,..,1263,1318,1327,1402,1438,1714,1642,1733,1723,1843,1869,2354,..,..,..
"Patent applications, nonresidents",IP.PAT.NRES,United Kingdom,GBR,..,..,..,..,..,..,..,..,..,..,..,..,..,..,..,..,..,..,..,..,22000,18406,16563,14798,13735,12293,11063,10419,9935,9637,8928,8357,7839,7922,8081,8891,9821,10171,10083,10399,10697,10658,10907,11198,10776,10155,8261,7624,6856,6480,6439,6916,7865,7966,7844,7934,8183,8771,8076,7189,8659,7263,..,..,..
"Patent applications, nonresidents",IP.PAT.NRES,United States,USA,..,..,..,..,..,..,..,..,..,..,..,..,..,..,..,..,..,..,..,..,42231,44009,46309,44312,49443,51562,55721,63522,68644,76337,80520,84160,90922,84241,95522,104180,105054,101282,102246,116512,131100,148958,150200,153500,167407,182866,204182,214807,224733,231194,248249,255832,274033,283781,293706,301075,310244,313052,312046,336340,327586,329229,..,..,..
"Patent applications, nonresidents",IP.PAT.NRES,Uruguay,URY,..,..,..,..,..,..,..,..,..,..,..,..,..,..,..,..,..,..,..,..,213,227,157,174,147,105,124,101,144,111,..,137,140,147,151,221,182,370,469,525,572,543,466,504,514,589,725,739,706,750,761,667,678,..,639,532,..,500,..,..,..,..,..,..,..
"Patent applications, nonresidents",IP.PAT.NRES,Uzbekistan,UZB,..,..,..,..,..,..,..,..,..,..,..,..,..,..,..,..,..,..,..,..,..,..,..,..,..,..,..,..,..,..,..,..,..,295,64,19,53,367,..,361,213,443,203,171,205,180,186,198,186,174,262,274,253,258,223,219,202,196,180,169,232,252,..,..,..
"Patent applications, nonresidents",IP.PAT.NRES,Vanuatu,VUT,..,..,..,..,..,..,..,..,..,..,..,..,..,..,..,..,..,..,..,..,..,..,..,..,..,..,..,..,..,..,..,..,..,..,..,..,..,..,..,..,..,..,..,..,..,..,..,..,..,..,..,..,..,..,..,..,..,..,..,..,..,..,..,..,..
"Patent applications, nonresidents",IP.PAT.NRES,"Venezuela, RB",VEN,..,..,..,..,..,..,..,..,..,..,..,..,..,..,..,..,..,..,..,..,1831,1980,1893,1482,1359,1303,1292,1369,..,1184,1090,1128,1338,1489,1505,..,1822,2323,..,..,2292,..,2150,1984,1873,2232,2439,2479,2325,2051,1773,1564,1461,1389,1377,928,560,338,..,..,..,..,..,..,..
"Patent applications, nonresidents",IP.PAT.NRES,Viet Nam,VNM,..,..,..,..,..,..,..,..,..,..,..,..,..,..,..,..,..,..,..,..,..,..,..,..,..,3,2,..,2,16,17,25,49,193,270,659,929,1234,1080,1107,1205,1234,1142,1072,1328,1767,1970,2641,2995,2632,3276,3260,3423,3552,3960,4451,4668,4790,5425,6800,6674,7468,..,..,..
"Patent applications, nonresidents",IP.PAT.NRES,Virgin Islands (U.S.),VIR,..,..,..,..,..,..,..,..,..,..,..,..,..,..,..,..,..,..,..,..,..,..,..,..,..,..,..,..,..,..,..,..,..,..,..,..,..,..,..,..,..,..,..,..,..,..,..,..,..,..,..,..,..,..,..,..,..,..,..,..,..,..,..,..,..
"Patent applications, nonresidents",IP.PAT.NRES,West Bank and Gaza,PSE,..,..,..,..,..,..,..,..,..,..,..,..,..,..,..,..,..,..,..,..,..,..,..,..,..,..,..,..,..,..,..,..,..,..,..,..,..,..,..,..,..,..,..,..,..,..,..,..,..,..,..,..,..,..,..,..,..,..,..,..,..,..,..,..,..
"Patent applications, nonresidents",IP.PAT.NRES,"Yemen, Rep.",YEM,..,..,..,..,..,..,..,..,..,..,..,..,..,..,..,..,..,..,..,..,..,..,..,..,..,..,..,..,..,..,..,..,..,..,..,..,..,..,16,30,22,18,19,13,27,23,34,24,..,..,55,37,49,37,24,25,16,13,..,15,8,22,..,..,..
"Patent applications, nonresidents",IP.PAT.NRES,Zambia,ZMB,..,..,..,..,..,..,..,..,..,..,..,..,..,..,..,..,..,..,..,..,113,107,91,91,79,105,108,99,74,50,50,47,64,60,..,39,36,..,..,34,..,25,6,10,27,22,9,20,17,9,12,21,31,26,25,12,18,10,13,21,10,13,..,..,..
"Patent applications, nonresidents",IP.PAT.NRES,Zimbabwe,ZWE,..,..,..,..,..,..,..,..,..,..,..,..,..,..,..,..,..,..,..,..,281,274,230,237,191,205,206,200,144,138,159,128,161,136,..,125,122,..,..,..,..,..,..,..,..,..,..,..,..,..,..,..,..,..,..,19,5,..,..,..,..,..,..,..,..
"Patent applications, nonresidents",IP.PAT.NRES,Africa Eastern and Southern,AFE,..,..,..,..,..,..,..,..,..,..,..,..,..,..,..,..,..,..,..,..,..,..,..,..,..,..,..,..,..,..,..,..,..,..,..,..,..,..,..,..,..,..,..,..,..,..,..,..,..,..,..,..,..,..,..,..,..,..,..,..,..,..,..,..,..
"Patent applications, nonresidents",IP.PAT.NRES,Africa Western and Central,AFW,..,..,..,..,..,..,..,..,..,..,..,..,..,..,..,..,..,..,..,..,..,..,..,..,..,..,..,..,..,..,..,..,..,..,..,..,..,..,..,..,..,..,..,..,..,..,..,..,..,..,..,..,..,..,..,..,..,..,..,..,..,..,..,..,..
"Patent applications, nonresidents",IP.PAT.NRES,Arab World,ARB,..,..,..,..,..,..,..,..,..,..,..,..,..,..,..,..,..,..,..,..,..,..,..,..,..,..,..,..,..,..,..,..,..,..,..,..,..,..,..,..,..,..,..,..,..,..,..,..,..,..,..,..,..,..,..,..,..,..,..,..,..,..,..,..,..
"Patent applications, nonresidents",IP.PAT.NRES,Caribbean small states,CSS,..,..,..,..,..,..,..,..,..,..,..,..,..,..,..,..,..,..,..,..,..,..,..,..,..,..,..,..,..,..,..,..,..,..,..,..,..,..,..,..,..,..,..,..,..,..,..,..,..,..,..,..,..,..,..,..,..,..,..,..,..,..,..,..,..
"Patent applications, nonresidents",IP.PAT.NRES,Central Europe and the Baltics,CEB,..,..,..,..,..,..,..,..,..,..,..,..,..,..,..,..,..,..,..,..,..,..,..,..,..,..,..,..,..,..,..,..,..,..,..,..,..,..,..,..,..,..,..,..,..,..,..,..,..,..,..,..,..,..,..,..,..,..,..,..,..,..,..,..,..
"Patent applications, nonresidents",IP.PAT.NRES,Early-demographic dividend,EAR,..,..,..,..,..,..,..,..,..,..,..,..,..,..,..,..,..,..,..,..,..,..,..,..,..,..,..,..,..,..,..,..,..,..,..,..,..,..,..,..,..,..,..,..,..,..,..,..,..,..,..,..,..,..,..,..,..,..,..,..,..,..,..,..,..
"Patent applications, nonresidents",IP.PAT.NRES,East Asia & Pacific,EAS,..,..,..,..,..,..,..,..,..,..,..,..,..,..,..,..,..,..,..,..,43538,18652,18968,46550,52553,50154,50544,57050,58618,65040,66289,64338,67839,68986,73315,95697,120654,130334,158860,158949,165812,177322,177544,187296,214057,243863,260213,270387,271616,239908,256608,276525,282856,301273,312965,322725,320907,321721,345379,361970,354833,..,..,..,..
"Patent applications, nonresidents",IP.PAT.NRES,East Asia & Pacific (excluding high income),EAP,..,..,..,..,..,..,..,..,..,..,..,..,..,..,..,..,..,..,..,..,..,..,..,..,..,..,..,..,..,..,..,..,..,..,..,..,..,..,..,..,..,..,..,..,..,..,..,..,..,..,..,..,..,..,..,..,..,..,..,..,..,..,..,..,..
"Patent applications, nonresidents",IP.PAT.NRES,East Asia & Pacific (IDA & IBRD countries),TEA,..,..,..,..,..,..,..,..,..,..,..,..,..,..,..,..,..,..,..,..,..,..,..,..,..,..,..,..,..,..,..,..,..,..,..,..,..,..,..,..,..,..,..,..,..,..,..,..,..,..,..,..,..,..,..,..,..,..,..,..,..,..,..,..,..
"Patent applications, nonresidents",IP.PAT.NRES,Euro area,EMU,..,..,..,..,..,..,..,..,..,..,..,..,..,..,..,..,..,..,..,..,..,..,..,..,..,..,..,..,..,..,..,..,..,..,..,..,..,..,..,..,..,..,..,..,..,..,..,..,..,..,..,..,..,..,..,..,..,..,..,..,..,..,..,..,..
"Patent applications, nonresidents",IP.PAT.NRES,Europe & Central Asia,ECS,..,..,..,..,..,..,..,..,..,..,..,..,..,..,..,..,..,..,..,..,125951,100535,92401,95965,80546,81297,67976,58851,65760,56163,51472,67229,73990,68444,66950,70301,86492,96444,100868,108804,120443,124178,119545,121174,116622,119294,118475,123606,125789,111028,121885,118649,127658,127925,132015,139754,138799,143949,147900,151430,151788,..,..,..,..
"Patent applications, nonresidents",IP.PAT.NRES,Europe & Central Asia (excluding high income),ECA,..,..,..,..,..,..,..,..,..,..,..,..,..,..,..,..,..,..,..,..,..,..,..,..,..,..,..,..,..,..,..,..,..,..,..,..,..,..,..,..,..,..,..,..,..,..,..,..,..,..,..,..,..,..,..,..,..,..,..,..,..,..,..,..,..
"Patent applications, nonresidents",IP.PAT.NRES,Europe & Central Asia (IDA & IBRD countries),TEC,..,..,..,..,..,..,..,..,..,..,..,..,..,..,..,..,..,..,..,..,..,..,..,..,..,..,..,..,..,..,..,..,..,..,..,..,..,..,..,..,..,..,..,..,..,..,..,..,..,..,..,..,..,..,..,..,..,..,..,..,..,..,..,..,..
"Patent applications, nonresidents",IP.PAT.NRES,European Union,EUU,..,..,..,..,..,..,..,..,..,..,..,..,..,..,..,..,..,..,..,..,..,..,..,..,..,..,..,..,..,..,..,..,..,..,..,..,..,..,..,..,..,..,..,..,..,..,..,..,..,..,..,..,..,..,..,..,..,..,..,..,..,..,..,..,..
"Patent applications, nonresidents",IP.PAT.NRES,Fragile and conflict affected situations,FCS,..,..,..,..,..,..,..,..,..,..,..,..,..,..,..,..,..,..,..,..,..,..,..,..,..,..,..,..,..,..,..,..,..,..,..,..,..,..,..,..,..,..,..,..,..,..,..,..,..,..,..,..,..,..,..,..,..,..,..,..,..,..,..,..,..
"Patent applications, nonresidents",IP.PAT.NRES,Heavily indebted poor countries (HIPC),HPC,..,..,..,..,..,..,..,..,..,..,..,..,..,..,..,..,..,..,..,..,..,..,..,..,..,..,..,..,..,..,..,..,..,..,..,..,..,..,..,..,..,..,..,..,..,..,..,..,..,..,..,..,..,..,..,..,..,..,..,..,..,..,..,..,..
"Patent applications, nonresidents",IP.PAT.NRES,High income,HIC,..,..,..,..,..,..,..,..,..,..,..,..,..,..,..,..,..,..,..,..,..,..,..,..,..,..,..,..,..,..,..,..,..,..,..,..,..,326700,339200,361400,387200,434500,429400,427200,448400,478600,511400,529700,535500,502300,532200,542500,571600,587900,605300,626600,631600,641700,655200,691800,682500,..,..,..,..
"Patent applications, nonresidents",IP.PAT.NRES,IBRD only,IBD,..,..,..,..,..,..,..,..,..,..,..,..,..,..,..,..,..,..,..,..,..,..,..,..,..,..,..,..,..,..,..,..,..,..,..,..,..,..,..,..,..,..,..,..,..,..,..,..,..,..,..,..,..,..,..,..,..,..,..,..,..,..,..,..,..
"Patent applications, nonresidents",IP.PAT.NRES,IDA & IBRD total,IBT,..,..,..,..,..,..,..,..,..,..,..,..,..,..,..,..,..,..,..,..,..,..,..,..,..,..,..,..,..,..,..,..,..,..,..,..,..,..,..,..,..,..,..,..,..,..,..,..,..,..,..,..,..,..,..,..,..,..,..,..,..,..,..,..,..
"Patent applications, nonresidents",IP.PAT.NRES,IDA blend,IDB,..,..,..,..,..,..,..,..,..,..,..,..,..,..,..,..,..,..,..,..,..,..,..,..,..,..,..,..,..,..,..,..,..,..,..,..,..,..,..,..,..,..,..,..,..,..,..,..,..,..,..,..,..,..,..,..,..,..,..,..,..,..,..,..,..
"Patent applications, nonresidents",IP.PAT.NRES,IDA only,IDX,..,..,..,..,..,..,..,..,..,..,..,..,..,..,..,..,..,..,..,..,..,..,..,..,..,..,..,..,..,..,..,..,..,..,..,..,..,..,..,..,..,..,..,..,..,..,..,..,..,..,..,..,..,..,..,..,..,..,..,..,..,..,..,..,..
"Patent applications, nonresidents",IP.PAT.NRES,IDA total,IDA,..,..,..,..,..,..,..,..,..,..,..,..,..,..,..,..,..,..,..,..,..,..,..,..,..,..,..,..,..,..,..,..,..,..,..,..,..,..,..,..,..,..,..,..,..,..,..,..,..,..,..,..,..,..,..,..,..,..,..,..,..,..,..,..,..
"Patent applications, nonresidents",IP.PAT.NRES,Late-demographic dividend,LTE,..,..,..,..,..,..,..,..,..,..,..,..,..,..,..,..,..,..,..,..,..,..,..,..,..,..,..,..,..,..,..,..,..,..,..,..,..,..,..,..,..,..,..,..,..,..,..,..,..,..,..,..,..,..,..,..,..,..,..,..,..,..,..,..,..
"Patent applications, nonresidents",IP.PAT.NRES,Latin America & Caribbean,LCN,..,..,..,..,..,..,..,..,..,..,..,..,..,..,..,..,..,..,..,..,18229,19233,17103,15132,14439,10708,10672,11433,10035,11273,13880,14456,17359,18718,21742,17060,22471,36818,34649,39071,42558,38671,37830,36331,37919,43034,47719,50846,52677,45025,46886,51214,54246,54244,55532,56102,50470,48231,46257,46129,42462,..,..,..,..
"Patent applications, nonresidents",IP.PAT.NRES,Latin America & Caribbean (excluding high income),LAC,..,..,..,..,..,..,..,..,..,..,..,..,..,..,..,..,..,..,..,..,..,..,..,..,..,..,..,..,..,..,..,..,..,..,..,..,..,..,..,..,..,..,..,..,..,..,..,..,..,..,..,..,..,..,..,..,..,..,..,..,..,..,..,..,..
"Patent applications, nonresidents",IP.PAT.NRES,Latin America & the Caribbean (IDA & IBRD countries),TLA,..,..,..,..,..,..,..,..,..,..,..,..,..,..,..,..,..,..,..,..,..,..,..,..,..,..,..,..,..,..,..,..,..,..,..,..,..,..,..,..,..,..,..,..,..,..,..,..,..,..,..,..,..,..,..,..,..,..,..,..,..,..,..,..,..
"Patent applications, nonresidents",IP.PAT.NRES,Least developed countries: UN classification,LDC,..,..,..,..,..,..,..,..,..,..,..,..,..,..,..,..,..,..,..,..,..,..,..,..,..,..,..,..,..,..,..,..,..,..,..,..,..,..,..,..,..,..,..,..,..,..,..,..,..,..,..,..,..,..,..,..,..,..,..,..,..,..,..,..,..
"Patent applications, nonresidents",IP.PAT.NRES,Low & middle income,LMY,..,..,..,..,..,..,..,..,..,..,..,..,..,..,..,..,..,..,..,..,..,..,..,..,..,..,..,..,..,..,..,..,..,..,..,..,..,..,..,..,..,..,..,..,..,..,..,..,..,..,..,..,..,..,..,..,..,..,..,..,..,..,..,..,..
"Patent applications, nonresidents",IP.PAT.NRES,Low income,LIC,..,..,..,..,..,..,..,..,..,..,..,..,..,..,..,..,..,..,..,..,..,..,..,..,..,..,..,..,..,..,..,..,..,..,..,..,..,700,600,700,800,900,800,600,600,800,1100,1100,1000,900,1000,1200,1200,1300,1500,1300,1200,1300,1500,1600,1300,..,..,..,..
"Patent applications, nonresidents",IP.PAT.NRES,Lower middle income,LMC,..,..,..,..,..,..,..,..,..,..,..,..,..,..,..,..,..,..,..,..,..,..,..,..,..,..,..,..,..,..,..,..,..,..,..,..,..,18600,17300,13200,17100,18000,15900,17500,22900,31300,37200,44200,46400,41400,52600,55700,57000,55800,54500,58500,57400,56400,62200,64300,62500,..,..,..,..
"Patent applications, nonresidents",IP.PAT.NRES,"Middle East, North Africa, Afghanistan & Pakistan",MEA,..,..,..,..,..,..,..,..,..,..,..,..,..,..,..,..,..,..,..,..,4562,4332,4087,4249,4720,4191,3947,4216,4129,4433,4674,4384,3997,4630,4633,5382,4477,3012,6663,7287,8535,8657,8036,7366,8647,9909,12131,13973,13000,11546,14914,14923,14219,14438,13614,15165,15955,17628,17894,19082,18210,..,..,..,..
"Patent applications, nonresidents",IP.PAT.NRES,"Middle East, North Africa, Afghanistan & Pakistan (excluding high income)",MNA,..,..,..,..,..,..,..,..,..,..,..,..,..,..,..,..,..,..,..,..,..,..,..,..,..,..,..,..,..,..,..,..,..,..,..,..,..,..,..,..,..,..,..,..,..,..,..,..,..,..,..,..,..,..,..,..,..,..,..,..,..,..,..,..,..
"Patent applications, nonresidents",IP.PAT.NRES,"Middle East, North Africa, Afghanistan & Pakistan (IDA & IBRD)",TMN,..,..,..,..,..,..,..,..,..,..,..,..,..,..,..,..,..,..,..,..,..,..,..,..,..,..,..,..,..,..,..,..,..,..,..,..,..,..,..,..,..,..,..,..,..,..,..,..,..,..,..,..,..,..,..,..,..,..,..,..,..,..,..,..,..
"Patent applications, nonresidents",IP.PAT.NRES,Middle income,MIC,..,..,..,..,..,..,..,..,..,..,..,..,..,..,..,..,..,..,..,..,..,..,..,..,..,..,..,..,..,..,..,..,..,..,..,..,..,..,..,..,..,..,..,..,..,..,..,..,..,..,..,..,..,..,..,..,..,..,..,..,..,..,..,..,..
"Patent applications, nonresidents",IP.PAT.NRES,North America,NAC,..,..,..,..,..,..,..,..,..,..,..,..,..,..,..,..,..,..,..,..,64930,67276,70192,68002,74152,77044,81317,90120,97513,108397,104895,105257,113872,107548,120205,128341,130041,126520,132409,149701,166535,184711,185982,186799,200377,217571,240698,249940,261761,263604,279148,286189,304566,313955,324989,333762,340911,344021,343858,368590,357699,..,..,..,..
"Patent applications, nonresidents",IP.PAT.NRES,Not classified,INX,..,..,..,..,..,..,..,..,..,..,..,..,..,..,..,..,..,..,..,..,..,..,..,..,..,..,..,..,..,..,..,..,..,..,..,..,..,..,..,..,..,..,..,..,..,..,..,..,..,..,..,..,..,..,..,..,..,..,..,..,..,..,..,..,..
"Patent applications, nonresidents",IP.PAT.NRES,OECD members,OED,..,..,..,..,..,..,..,..,..,..,..,..,..,..,..,..,..,..,..,..,..,..,..,..,..,..,..,..,..,..,..,..,..,..,..,..,..,..,..,..,..,..,..,..,..,..,..,..,..,..,..,..,..,..,..,..,..,..,..,..,..,..,..,..,..
"Patent applications, nonresidents",IP.PAT.NRES,Other small states,OSS,..,..,..,..,..,..,..,..,..,..,..,..,..,..,..,..,..,..,..,..,..,..,..,..,..,..,..,..,..,..,..,..,..,..,..,..,..,..,..,..,..,..,..,..,..,..,..,..,..,..,..,..,..,..,..,..,..,..,..,..,..,..,..,..,..
"Patent applications, nonresidents",IP.PAT.NRES,Pacific island small states,PSS,..,..,..,..,..,..,..,..,..,..,..,..,..,..,..,..,..,..,..,..,..,..,..,..,..,..,..,..,..,..,..,..,..,..,..,..,..,..,..,..,..,..,..,..,..,..,..,..,..,..,..,..,..,..,..,..,..,..,..,..,..,..,..,..,..
"Patent applications, nonresidents",IP.PAT.NRES,Post-demographic dividend,PST,..,..,..,..,..,..,..,..,..,..,..,..,..,..,..,..,..,..,..,..,..,..,..,..,..,..,..,..,..,..,..,..,..,..,..,..,..,..,..,..,..,..,..,..,..,..,..,..,..,..,..,..,..,..,..,..,..,..,..,..,..,..,..,..,..
"Patent applications, nonresidents",IP.PAT.NRES,Pre-demographic dividend,PRE,..,..,..,..,..,..,..,..,..,..,..,..,..,..,..,..,..,..,..,..,..,..,..,..,..,..,..,..,..,..,..,..,..,..,..,..,..,..,..,..,..,..,..,..,..,..,..,..,..,..,..,..,..,..,..,..,..,..,..,..,..,..,..,..,..
"Patent applications, nonresidents",IP.PAT.NRES,Small states,SST,..,..,..,..,..,..,..,..,..,..,..,..,..,..,..,..,..,..,..,..,..,..,..,..,..,..,..,..,..,..,..,..,..,..,..,..,..,..,..,..,..,..,..,..,..,..,..,..,..,..,..,..,..,..,..,..,..,..,..,..,..,..,..,..,..
"Patent applications, nonresidents",IP.PAT.NRES,South Asia,SAS,..,..,..,..,..,..,..,..,..,..,..,..,..,..,..,..,..,..,..,..,2355,2069,2131,208,2473,2670,2677,2708,2705,2770,3356,2999,2963,3279,3933,5973,7945,9590,8324,4157,7979,9853,10277,10707,14923,21307,25447,30920,32304,27500,32400,34830,35501,33592,31875,34396,33081,32679,34920,35351,34811,..,..,..,..
"Patent applications, nonresidents",IP.PAT.NRES,South Asia (IDA & IBRD),TSA,..,..,..,..,..,..,..,..,..,..,..,..,..,..,..,..,..,..,..,..,..,..,..,..,..,..,..,..,..,..,..,..,..,..,..,..,..,..,..,..,..,..,..,..,..,..,..,..,..,..,..,..,..,..,..,..,..,..,..,..,..,..,..,..,..
"Patent applications, nonresidents",IP.PAT.NRES,Sub-Saharan Africa,SSF,..,..,..,..,..,..,..,..,..,..,..,..,..,..,..,..,..,..,..,..,6040,6622,7427,6374,7035,6824,5626,5348,5348,5232,5632,5036,4773,4676,5314,6202,6543,7511,7801,3748,3132,6206,6099,5716,6244,6467,7319,8161,8177,6559,5757,8066,8260,8951,8271,8015,8200,8807,8905,8704,8160,..,..,..,..
"Patent applications, nonresidents",IP.PAT.NRES,Sub-Saharan Africa (excluding high income),SSA,..,..,..,..,..,..,..,..,..,..,..,..,..,..,..,..,..,..,..,..,..,..,..,..,..,..,..,..,..,..,..,..,..,..,..,..,..,..,..,..,..,..,..,..,..,..,..,..,..,..,..,..,..,..,..,..,..,..,..,..,..,..,..,..,..
"Patent applications, nonresidents",IP.PAT.NRES,Sub-Saharan Africa (IDA & IBRD countries),TSS,..,..,..,..,..,..,..,..,..,..,..,..,..,..,..,..,..,..,..,..,..,..,..,..,..,..,..,..,..,..,..,..,..,..,..,..,..,..,..,..,..,..,..,..,..,..,..,..,..,..,..,..,..,..,..,..,..,..,..,..,..,..,..,..,..
"Patent applications, nonresidents",IP.PAT.NRES,Upper middle income,UMC,..,..,..,..,..,..,..,..,..,..,..,..,..,..,..,..,..,..,..,..,..,..,..,..,..,..,..,..,..,..,..,..,..,..,..,..,..,80200,101300,102000,97600,107100,108900,113800,129600,153700,166900,174700,185000,164900,174600,193700,207200,210500,219500,227300,219700,218400,228100,236700,225900,..,..,..,..
"Patent applications, nonresidents",IP.PAT.NRES,World,WLD,..,..,..,..,..,..,..,..,..,..,..,..,..,..,..,..,..,..,..,..,..,..,..,..,..,270700,272700,282500,294800,309000,309800,287200,307900,294100,305800,345000,380800,426100,458500,477200,502700,560400,555000,559100,601600,664400,716500,749700,767800,709500,760500,793000,836800,855400,880700,913700,909900,917600,946300,993600,970400,1015900,..,..,..
"Patent applications, residents",IP.PAT.RESD,Afghanistan,AFG,..,..,..,..,..,..,..,..,..,..,..,..,..,..,..,..,..,..,..,..,..,..,..,..,..,..,..,..,..,..,..,..,..,..,..,..,..,..,..,..,..,..,..,..,..,..,..,..,..,..,..,..,..,..,..,..,..,..,..,..,..,..,..,..,..
"Patent applications, residents",IP.PAT.RESD,Albania,ALB,..,..,..,..,..,..,..,..,..,..,..,..,..,..,..,..,..,..,..,..,..,..,..,..,..,..,..,..,..,..,..,..,..,..,..,..,..,..,..,..,..,..,..,..,..,..,..,..,..,..,..,3,..,..,10,14,20,16,15,4,..,23,..,..,..
"Patent applications, residents",IP.PAT.RESD,Algeria,DZA,..,..,..,..,..,..,..,..,..,..,..,..,..,..,..,..,..,..,..,..,5,14,14,30,30,..,..,..,5,4,6,6,10,8,27,28,50,34,42,36,32,51,43,30,58,59,58,84,..,..,76,94,119,118,94,89,106,149,152,113,163,268,..,..,..
"Patent applications, residents",IP.PAT.RESD,American Samoa,ASM,..,..,..,..,..,..,..,..,..,..,..,..,..,..,..,..,..,..,..,..,..,..,..,..,..,..,..,..,..,..,..,..,..,..,..,..,..,..,..,..,..,..,..,..,..,..,..,..,..,..,..,..,..,..,..,..,..,..,..,..,..,..,..,..,..
"Patent applications, residents",IP.PAT.RESD,Andorra,AND,..,..,..,..,..,..,..,..,..,..,..,..,..,..,..,..,..,..,..,..,..,..,..,..,..,..,..,..,..,..,..,..,..,..,..,..,..,..,..,..,..,..,..,..,..,..,..,..,..,..,..,..,..,..,..,..,..,..,1,3,3,3,..,..,..
"Patent applications, residents",IP.PAT.RESD,Angola,AGO,..,..,..,..,..,..,..,..,..,..,..,..,..,..,..,..,..,..,..,..,..,..,..,..,..,..,..,..,..,..,..,..,4,..,..,..,..,..,..,..,..,..,..,..,..,..,..,..,..,..,..,..,..,..,..,..,..,..,6,2,..,..,..,..,..
"Patent applications, residents",IP.PAT.RESD,Antigua and Barbuda,ATG,..,..,..,..,..,..,..,..,..,..,..,..,..,..,..,..,..,..,..,..,..,..,..,..,..,..,..,..,..,..,..,..,..,..,..,..,..,..,..,..,..,..,..,..,..,..,..,..,..,..,..,..,..,..,..,..,..,..,5,..,..,..,..,..,..
"Patent applications, residents",IP.PAT.RESD,Argentina,ARG,..,..,..,..,..,..,..,..,..,..,..,..,..,..,..,..,..,..,..,..,1269,954,951,1102,1182,..,..,..,..,..,955,943,503,787,694,676,1097,824,861,899,1062,691,718,792,786,1054,1020,937,801,640,552,688,735,643,509,546,884,393,425,442,930,406,..,..,..
"Patent applications, residents",IP.PAT.RESD,Armenia,ARM,..,..,..,..,..,..,..,..,..,..,..,..,..,..,..,..,..,..,..,..,..,..,..,..,..,..,..,..,..,..,..,..,..,184,154,187,162,62,75,109,119,140,200,151,..,206,192,135,226,116,136,121,137,125,121,113,125,107,101,112,63,40,..,..,..
"Patent applications, residents",IP.PAT.RESD,Aruba,ABW,..,..,..,..,..,..,..,..,..,..,..,..,..,..,..,..,..,..,..,..,..,..,..,..,..,..,..,..,..,..,..,..,..,..,..,..,..,..,..,..,..,..,1,..,..,..,..,..,..,..,..,..,..,..,..,..,..,..,..,..,..,..,..,..,..
"Patent applications, residents",IP.PAT.RESD,Australia,AUS,..,..,..,..,..,..,..,..,..,..,..,..,..,..,..,..,..,..,..,..,397,458,369,446,565,699,967,1131,1418,1649,1712,1717,1695,1663,1699,1784,1797,1760,1862,1858,1928,2187,2364,2418,2559,2555,2837,2718,2821,2494,2409,2383,2627,3061,1988,2291,2620,2503,2757,2637,2368,2966,..,..,..
"Patent applications, residents",IP.PAT.RESD,Austria,AUT,..,..,..,..,..,..,..,..,..,..,..,..,..,..,..,..,..,..,..,..,2327,2390,2233,2345,2324,2269,2210,2249,2212,2105,2025,2076,2117,2190,1989,1728,1909,1910,1957,2028,1961,1815,1932,2120,2248,2270,2271,2385,2298,2263,2424,2154,2258,2162,2092,2205,2078,2073,2039,2066,2124,1872,..,..,..
"Patent applications, residents",IP.PAT.RESD,Azerbaijan,AZE,..,..,..,..,..,..,..,..,..,..,..,..,..,..,..,..,..,..,..,..,..,..,..,..,..,..,..,..,..,..,..,..,..,..,..,221,165,..,..,..,..,203,234,246,270,281,246,287,226,264,254,193,144,156,168,184,144,204,155,147,90,119,..,..,..
"Patent applications, residents",IP.PAT.RESD,"Bahamas, The",BHS,..,..,..,..,..,..,..,..,..,..,..,..,..,..,..,..,..,..,..,..,..,2,3,..,3,3,1,..,4,..,2,1,2,..,..,..,..,..,..,..,..,..,..,..,..,..,..,..,..,..,..,..,3,1,1,2,3,4,..,..,..,..,..,..,..
"Patent applications, residents",IP.PAT.RESD,Bahrain,BHR,..,..,..,..,..,..,..,..,..,..,..,..,..,..,..,..,..,..,..,..,..,1,..,..,..,..,..,..,..,..,..,..,..,..,..,..,..,..,..,..,..,..,..,..,..,..,..,..,..,..,..,1,3,3,6,8,6,8,11,4,7,3,..,..,..
"Patent applications, residents",IP.PAT.RESD,Bangladesh,BGD,..,..,..,..,..,..,..,..,..,..,..,..,..,..,..,..,..,..,..,..,34,39,40,40,62,40,16,23,24,32,32,36,72,36,39,70,22,46,32,49,70,59,43,58,48,50,22,29,60,55,66,37,67,60,44,41,77,61,69,68,40,74,..,..,..
"Patent applications, residents",IP.PAT.RESD,Barbados,BRB,..,..,..,..,..,..,..,..,..,..,..,..,..,..,..,..,..,..,..,..,..,..,..,..,3,..,..,..,..,..,..,..,..,..,..,..,..,..,..,..,..,..,..,2,..,..,..,3,1,..,..,..,..,3,1,..,..,..,..,..,29,73,..,..,..
"Patent applications, residents",IP.PAT.RESD,Belarus,BLR,..,..,..,..,..,..,..,..,..,..,..,..,..,..,..,..,..,..,..,..,..,..,..,..,..,..,..,..,..,..,..,..,..,828,683,624,698,752,910,993,994,930,895,1082,1065,1166,1188,1405,1510,1753,1759,1725,1681,1489,652,543,455,434,453,298,317,276,..,..,..
"Patent applications, residents",IP.PAT.RESD,Belgium,BEL,..,..,..,..,..,..,..,..,..,..,..,..,..,..,..,..,..,..,..,..,865,806,914,805,869,771,794,548,636,681,643,625,675,809,744,732,776,792,690,591,577,571,601,519,514,517,490,454,575,669,620,636,755,715,889,949,1054,1001,892,876,862,799,..,..,..
"Patent applications, residents",IP.PAT.RESD,Belize,BLZ,..,..,..,..,..,..,..,..,..,..,..,..,..,..,..,..,..,..,..,..,..,..,..,..,..,..,..,..,..,..,..,..,..,..,..,..,..,..,..,..,..,..,..,..,..,..,1,..,..,..,..,..,..,..,..,..,..,..,..,..,..,..,..,..,..
"Patent applications, residents",IP.PAT.RESD,Benin,BEN,..,..,..,..,..,..,..,..,..,..,..,..,..,..,..,..,..,..,..,..,..,..,..,..,..,..,..,..,..,..,..,..,..,..,..,..,..,..,..,..,..,..,..,..,..,..,..,..,..,..,..,..,..,..,..,..,..,..,..,..,..,..,..,..,..
"Patent applications, residents",IP.PAT.RESD,Bermuda,BMU,..,..,..,..,..,..,..,..,..,..,..,..,..,..,..,..,..,..,..,..,..,..,..,..,..,..,..,..,..,..,..,..,..,..,..,..,..,..,..,..,..,..,..,..,..,..,..,..,..,..,..,..,..,..,..,..,..,..,..,..,..,..,..,..,..
"Patent applications, residents",IP.PAT.RESD,Bhutan,BTN,..,..,..,..,..,..,..,..,..,..,..,..,..,..,..,..,..,..,..,..,..,..,..,..,..,..,..,..,..,..,..,..,..,..,..,..,..,..,..,..,..,..,..,..,..,..,..,..,..,..,..,..,3,3,..,1,4,..,1,1,..,..,..,..,..
"Patent applications, residents",IP.PAT.RESD,Bolivia,BOL,..,..,..,..,..,..,..,..,..,..,..,..,..,..,..,..,..,..,..,..,8,12,18,11,4,5,..,..,..,..,..,..,..,26,28,17,..,..,..,..,..,..,..,..,..,..,..,..,..,..,..,..,..,..,9,..,12,59,..,..,8,5,..,..,..
"Patent applications, residents",IP.PAT.RESD,Bosnia and Herzegovina,BIH,..,..,..,..,..,..,..,..,..,..,..,..,..,..,..,..,..,..,..,..,..,..,..,..,..,..,..,..,..,..,..,..,..,..,..,..,..,..,..,23,31,52,..,32,50,66,55,..,59,..,56,43,2,7,41,..,60,87,84,45,50,53,..,..,..
"Patent applications, residents",IP.PAT.RESD,Botswana,BWA,..,..,..,..,..,..,..,..,..,..,..,..,..,..,..,..,..,..,..,..,..,..,..,..,..,..,..,..,..,..,..,..,..,..,..,..,..,..,..,..,..,..,..,..,..,..,..,..,..,..,..,1,5,8,4,3,1,3,..,2,2,3,..,..,..
"Patent applications, residents",IP.PAT.RESD,Brazil,BRA,..,..,..,..,..,..,..,..,..,..,..,..,..,..,..,..,..,..,..,..,2149,2171,2116,2302,2062,1954,1855,2451,2338,2323,2389,2319,2100,2429,2269,2707,2611,2756,2491,2816,3179,3439,3481,3866,4044,4054,3956,4194,4280,4271,4228,4695,4798,4959,4659,4641,5200,5480,4980,5464,5280,4666,..,..,..
"Patent applications, residents",IP.PAT.RESD,British Virgin Islands,VGB,..,..,..,..,..,..,..,..,..,..,..,..,..,..,..,..,..,..,..,..,..,..,..,..,..,..,..,..,..,..,..,..,..,..,..,..,..,..,..,..,..,..,..,..,..,..,..,..,..,..,..,..,..,..,..,..,..,..,..,..,..,..,..,..,..
"Patent applications, residents",IP.PAT.RESD,Brunei Darussalam,BRN,..,..,..,..,..,..,..,..,..,..,..,..,..,..,..,..,..,..,..,..,..,..,..,..,..,..,..,..,..,..,..,..,..,..,..,..,..,..,..,..,..,..,..,..,..,..,..,..,..,..,..,..,20,20,26,..,16,8,26,8,5,2,..,..,..
"Patent applications, residents",IP.PAT.RESD,Bulgaria,BGR,..,..,..,..,..,..,..,..,..,..,..,..,..,..,..,..,..,..,..,..,3297,3673,3628,3811,3843,2,1,3,6,63,198,422,329,412,319,368,316,394,274,282,231,283,289,278,263,261,243,211,249,242,243,262,245,282,218,280,230,202,180,186,239,165,..,..,..
"Patent applications, residents",IP.PAT.RESD,Burkina Faso,BFA,..,..,..,..,..,..,..,..,..,..,..,..,..,..,..,..,..,..,..,..,..,..,..,..,..,..,..,..,..,..,..,..,..,..,..,..,..,..,2,4,2,..,..,1,2,1,..,..,..,..,2,..,..,..,..,..,..,..,..,..,..,..,..,..,..
"Patent applications, residents",IP.PAT.RESD,Burundi,BDI,..,..,..,..,..,..,..,..,..,..,..,..,..,..,..,..,..,..,..,..,..,..,..,..,..,..,..,..,..,1,..,..,..,..,..,..,1,..,..,..,..,..,..,..,..,..,..,..,..,..,..,..,..,..,..,..,..,3,2,..,2,..,..,..,..
"Patent applications, residents",IP.PAT.RESD,Cabo Verde,CPV,..,..,..,..,..,..,..,..,..,..,..,..,..,..,..,..,..,..,..,..,..,..,..,..,..,..,..,..,..,..,..,..,..,..,..,..,..,..,..,..,..,..,..,..,..,..,..,..,..,..,..,..,..,..,..,..,2,2,3,..,1,1,..,..,..
"Patent applications, residents",IP.PAT.RESD,Cambodia,KHM,..,..,..,..,..,..,..,..,..,..,..,..,..,..,..,..,..,..,..,..,..,..,..,..,..,..,..,..,..,..,..,..,..,..,..,..,..,..,..,..,..,..,..,..,..,..,..,..,..,..,..,..,..,1,2,..,3,..,1,..,..,..,..,..,..
"Patent applications, residents",IP.PAT.RESD,Cameroon,CMR,..,..,..,..,..,..,..,..,..,..,..,..,..,..,..,..,..,..,..,..,..,..,..,..,..,..,..,..,..,..,..,..,..,..,..,..,..,..,..,..,..,..,..,..,..,..,..,..,..,..,..,..,..,..,..,..,..,..,..,..,..,..,..,..,..
"Patent applications, residents",IP.PAT.RESD,Canada,CAN,..,..,..,..,..,..,..,..,..,..,..,..,..,..,..,..,..,..,..,..,1648,2164,2000,2017,2026,2092,2161,2527,2772,3031,2549,2182,2807,3623,2480,2431,2583,3344,3809,4061,4187,3963,3959,3929,5231,5183,5522,4998,5061,5067,4550,4754,4709,4567,4198,4277,4078,4053,4349,4238,4452,4710,..,..,..
"Patent applications, residents",IP.PAT.RESD,Cayman Islands,CYM,..,..,..,..,..,..,..,..,..,..,..,..,..,..,..,..,..,..,..,..,..,..,..,..,..,..,..,..,..,..,..,..,..,..,..,..,..,..,..,..,..,..,..,..,..,..,..,..,..,..,..,..,..,..,..,..,..,..,..,..,..,..,..,..,..
"Patent applications, residents",IP.PAT.RESD,Central African Republic,CAF,..,..,..,..,..,..,..,..,..,..,..,..,..,..,..,..,..,..,..,..,..,..,..,..,..,..,..,..,..,..,..,..,..,..,..,..,..,..,..,..,..,..,..,..,..,..,..,..,..,..,..,..,..,..,..,..,..,..,..,..,..,..,..,..,..
"Patent applications, residents",IP.PAT.RESD,Chad,TCD,..,..,..,..,..,..,..,..,..,..,..,..,..,..,..,..,..,..,..,..,..,..,..,..,..,..,..,..,..,..,..,..,..,..,..,..,..,..,..,..,..,..,..,..,..,..,..,..,..,..,..,..,..,..,..,..,..,..,..,..,..,..,..,..,..
"Patent applications, residents",IP.PAT.RESD,Channel Islands,CHI,..,..,..,..,..,..,..,..,..,..,..,..,..,..,..,..,..,..,..,..,..,..,..,..,..,..,..,..,..,..,..,..,..,..,..,..,..,..,..,..,..,..,..,..,..,..,..,..,..,..,..,..,..,..,..,..,..,..,..,..,..,..,..,..,..
"Patent applications, residents",IP.PAT.RESD,Chile,CHL,..,..,..,..,..,..,..,..,..,..,..,..,..,..,..,..,..,..,..,..,140,92,96,96,105,122,96,108,111,135,169,151,178,155,219,171,176,161,207,204,241,246,391,329,382,361,291,403,531,343,328,339,336,340,452,443,386,425,406,438,372,402,..,..,..
"Patent applications, residents",IP.PAT.RESD,China,CHN,..,..,..,..,..,..,..,..,..,..,..,..,..,..,..,..,..,..,..,..,..,..,..,..,..,4065,3494,3975,4780,4749,5832,7372,10022,12084,11191,10011,11628,12672,13751,15626,25346,30038,39806,56769,65786,93485,122318,153060,194579,229096,293066,415829,535313,704936,801135,968252,1204981,1245709,1393815,1243568,1344817,1426644,..,..,..
"Patent applications, residents",IP.PAT.RESD,Colombia,COL,..,..,..,..,..,..,..,..,..,..,..,..,..,..,..,..,..,..,..,..,43,39,..,82,69,72,81,52,85,90,..,85,120,138,124,141,87,80,161,68,75,65,54,82,76,99,142,128,126,128,133,183,213,251,260,321,545,595,415,422,369,432,..,..,..
"Patent applications, residents",IP.PAT.RESD,Comoros,COM,..,..,..,..,..,..,..,..,..,..,..,..,..,..,..,..,..,..,..,..,..,..,..,..,..,..,..,..,..,..,..,..,..,..,..,..,..,..,..,..,..,..,..,..,..,..,..,..,..,..,..,..,..,..,..,..,..,..,..,..,..,..,..,..,..
"Patent applications, residents",IP.PAT.RESD,"Congo, Dem. Rep.",COD,..,..,..,..,..,..,..,..,..,..,..,..,..,..,..,..,..,..,..,..,..,..,..,..,..,..,..,..,..,..,..,..,..,..,..,..,..,..,..,..,..,..,..,..,..,..,..,..,..,..,..,..,..,..,..,..,..,..,44,42,72,..,..,..,..
"Patent applications, residents",IP.PAT.RESD,"Congo, Rep.",COG,..,..,..,..,..,..,..,..,..,..,..,..,..,..,..,..,..,..,..,..,..,..,..,..,..,..,5,..,19,..,..,..,..,..,..,..,..,..,..,..,..,..,..,..,..,..,..,..,..,..,..,..,..,..,..,..,..,..,..,..,..,..,..,..,..
"Patent applications, residents",IP.PAT.RESD,Costa Rica,CRI,..,..,..,..,..,..,..,..,..,..,..,..,..,..,..,..,..,..,..,..,30,41,39,16,24,16,11,10,10,13,15,63,18,27,32,25,23,25,22,31,28,21,23,33,26,17,22,20,24,16,8,13,9,18,15,17,9,19,8,16,12,15,..,..,..
"Patent applications, residents",IP.PAT.RESD,Cote d'Ivoire,CIV,..,..,..,..,..,..,..,..,..,..,..,..,..,..,..,..,..,..,..,..,..,..,..,..,..,..,..,..,..,..,..,..,..,..,..,..,..,..,..,..,..,..,..,..,..,..,..,..,..,..,..,..,26,..,..,..,..,..,..,..,..,..,..,..,..
"Patent applications, residents",IP.PAT.RESD,Croatia,HRV,..,..,..,..,..,..,..,..,..,..,..,..,..,..,..,..,..,..,..,..,..,..,..,..,..,..,..,..,..,..,..,..,479,503,277,265,259,273,267,246,337,362,328,387,385,363,317,344,330,250,257,230,217,230,170,169,175,148,121,195,117,77,..,..,..
"Patent applications, residents",IP.PAT.RESD,Cuba,CUB,..,..,..,..,..,..,..,..,..,..,..,..,..,..,..,..,..,..,..,..,129,122,183,166,214,..,..,..,..,..,..,..,1,1,121,104,83,109,..,110,..,..,..,..,..,105,94,74,69,59,..,62,38,27,24,..,32,29,29,27,33,21,..,..,..
"Patent applications, residents",IP.PAT.RESD,Curacao,CUW,..,..,..,..,..,..,..,..,..,..,..,..,..,..,..,..,..,..,..,..,..,..,..,..,..,..,..,..,..,..,..,..,..,..,..,..,..,..,..,..,..,..,..,..,..,..,..,..,..,..,..,..,..,..,..,..,..,..,..,..,..,..,..,..,..
"Patent applications, residents",IP.PAT.RESD,Cyprus,CYP,..,..,..,..,..,..,..,..,..,..,..,..,..,..,..,..,..,..,..,..,1,..,..,2,2,..,..,..,..,..,..,..,..,..,..,..,..,..,..,..,..,..,..,12,9,20,..,3,11,6,4,..,4,2,4,6,3,8,4,4,2,1,..,..,..
"Patent applications, residents",IP.PAT.RESD,Czechia,CZE,..,..,..,..,..,..,..,..,..,..,..,..,..,..,..,..,..,..,..,..,..,..,..,..,..,..,..,..,..,..,..,..,..,893,756,626,614,579,624,596,555,568,526,625,623,586,641,716,712,789,868,783,867,984,910,880,792,794,678,765,673,541,..,..,..
"Patent applications, residents",IP.PAT.RESD,Denmark,DNK,..,..,..,..,..,..,..,..,..,..,..,..,..,..,..,..,..,..,..,..,964,1085,1095,1167,966,856,958,1007,1197,1120,1218,1061,1204,1159,1274,1234,1309,1319,1543,1656,1730,1757,1815,1772,1877,1658,1503,1660,1634,1518,1626,1574,1406,1341,1377,1462,1552,1490,1262,1351,1261,1090,..,..,..
"Patent applications, residents",IP.PAT.RESD,Djibouti,DJI,..,..,..,..,..,..,..,..,..,..,..,..,..,..,..,..,..,..,..,..,..,..,..,..,..,..,..,..,..,..,..,..,..,..,..,..,..,..,..,..,..,..,..,..,..,..,..,..,..,..,..,..,..,1,..,..,..,..,..,..,..,3,..,..,..
"Patent applications, residents",IP.PAT.RESD,Dominica,DMA,..,..,..,..,..,..,..,..,..,..,..,..,..,..,..,..,..,..,..,..,..,..,..,..,..,..,..,..,..,..,..,..,..,..,..,..,..,..,..,..,..,..,..,..,..,..,..,..,..,..,..,..,..,..,..,..,..,..,..,..,..,..,..,..,..
"Patent applications, residents",IP.PAT.RESD,Dominican Republic,DOM,..,..,..,..,..,..,..,..,..,..,..,..,..,..,..,..,..,..,..,..,..,..,..,25,..,..,14,..,..,..,..,..,..,..,..,..,..,..,..,..,5,11,11,18,24,8,15,34,8,17,15,15,19,12,16,25,28,20,17,23,10,7,..,..,..
"Patent applications, residents",IP.PAT.RESD,Ecuador,ECU,..,..,..,..,..,..,..,..,..,..,..,..,..,..,..,..,..,..,..,..,35,14,22,24,24,..,27,21,24,26,..,13,23,21,4,8,7,8,..,15,10,7,13,7,14,11,8,4,2,6,4,..,..,7,24,20,45,16,34,29,33,35,..,..,..
"Patent applications, residents",IP.PAT.RESD,"Egypt, Arab Rep.",EGY,..,..,..,..,..,..,..,..,..,..,..,..,..,..,..,..,..,..,..,..,76,59,53,88,128,168,142,170,190,186,278,308,301,328,308,408,504,..,494,536,534,464,627,493,382,428,..,516,481,490,605,618,683,641,752,718,920,1025,997,1027,978,881,..,..,..
"Patent applications, residents",IP.PAT.RESD,El Salvador,SLV,..,..,..,..,..,..,..,..,..,..,..,..,..,..,..,..,..,..,..,..,12,..,22,39,31,16,..,..,..,19,10,10,11,10,10,3,..,..,..,..,..,..,..,..,..,..,..,..,..,..,..,..,..,..,..,7,4,4,3,1,4,2,..,..,..
"Patent applications, residents",IP.PAT.RESD,Equatorial Guinea,GNQ,..,..,..,..,..,..,..,..,..,..,..,..,..,..,..,..,..,..,..,..,..,..,..,..,..,..,..,..,..,..,..,..,..,..,..,..,..,..,..,..,..,..,..,..,..,..,..,..,..,..,..,..,..,..,..,..,..,..,..,..,..,..,..,..,..
"Patent applications, residents",IP.PAT.RESD,Eritrea,ERI,..,..,..,..,..,..,..,..,..,..,..,..,..,..,..,..,..,..,..,..,..,..,..,..,..,..,..,..,..,..,..,..,..,..,..,..,..,..,..,..,..,..,..,..,..,..,..,..,..,..,..,..,..,..,..,..,..,..,..,..,..,..,..,..,..
"Patent applications, residents",IP.PAT.RESD,Estonia,EST,..,..,..,..,..,..,..,..,..,..,..,..,..,..,..,..,..,..,..,..,..,..,..,..,..,..,..,..,..,..,..,..,..,..,16,16,12,15,20,13,13,18,19,18,27,23,36,44,62,76,84,62,20,25,44,30,29,37,24,31,21,25,..,..,..
"Patent applications, residents",IP.PAT.RESD,Eswatini,SWZ,..,..,..,..,..,..,..,..,..,..,..,..,..,..,..,..,..,..,..,..,..,..,..,..,..,..,..,..,..,..,..,..,..,..,..,..,..,..,..,..,..,..,..,..,..,..,..,..,..,..,..,..,..,..,..,..,..,..,..,..,..,..,..,..,..
"Patent applications, residents",IP.PAT.RESD,Ethiopia,ETH,..,..,..,..,..,..,..,..,..,..,..,..,..,..,..,..,..,..,..,..,..,..,..,..,..,..,..,..,..,..,..,..,..,..,..,..,3,..,..,..,3,..,1,3,1,1,5,12,..,..,..,4,..,1,2,18,10,14,13,..,6,..,..,..,..
"Patent applications, residents",IP.PAT.RESD,Faroe Islands,FRO,..,..,..,..,..,..,..,..,..,..,..,..,..,..,..,..,..,..,..,..,..,..,..,..,..,..,..,..,..,..,..,..,..,..,..,..,..,..,..,..,..,..,..,..,..,..,..,..,..,..,..,..,..,..,..,..,..,..,..,..,..,..,..,..,..
"Patent applications, residents",IP.PAT.RESD,Fiji,FJI,..,..,..,..,..,..,..,..,..,..,..,..,..,..,..,..,..,..,..,..,2,..,..,..,..,..,..,..,..,..,..,..,..,..,..,..,..,..,..,..,..,..,..,..,..,..,..,..,..,..,..,..,..,..,..,..,..,..,..,..,..,..,..,..,..
"Patent applications, residents",IP.PAT.RESD,Finland,FIN,..,..,..,..,..,..,..,..,..,..,..,..,..,..,..,..,..,..,..,..,1356,1423,1638,1719,1775,1727,1754,1859,1981,1948,2059,2123,2052,2166,2306,2058,2179,2355,2471,2511,2579,2390,2162,1972,2011,1830,1816,1804,1799,1806,1731,1650,1698,1596,1419,1289,1260,1390,1387,1321,1588,1557,..,..,..
"Patent applications, residents",IP.PAT.RESD,France,FRA,..,..,..,..,..,..,..,..,..,..,..,..,..,..,..,..,..,..,..,..,11000,10945,10681,11147,11333,12050,12155,12695,12437,12592,12378,12597,12539,12638,12519,12419,12916,13252,13251,13592,13870,13499,13519,13511,14230,14327,14529,14722,14658,14100,14748,14655,14540,14690,14500,14306,14206,14415,14303,14103,12771,13386,..,..,..
"Patent applications, residents",IP.PAT.RESD,French Polynesia,PYF,..,..,..,..,..,..,..,..,..,..,..,..,..,..,..,..,..,..,..,..,..,..,..,..,..,..,..,..,..,..,..,..,..,..,..,..,..,..,..,..,..,..,..,..,..,..,..,..,..,..,..,..,..,..,..,..,..,..,..,..,..,..,..,..,..
"Patent applications, residents",IP.PAT.RESD,Gabon,GAB,..,..,..,..,..,..,..,..,..,..,..,..,..,..,..,..,..,..,..,..,..,..,..,..,..,..,..,..,..,..,..,..,..,..,..,..,..,..,..,..,..,..,..,..,..,..,..,..,..,..,..,..,..,..,..,..,..,..,..,..,..,..,..,..,..
"Patent applications, residents",IP.PAT.RESD,"Gambia, The",GMB,..,..,..,..,..,..,..,..,..,..,..,..,..,..,..,..,..,..,..,..,..,..,..,..,..,..,..,..,..,..,..,..,..,..,..,..,..,..,..,..,..,..,..,..,..,..,..,..,..,..,..,..,..,..,..,..,..,..,..,..,..,..,..,..,..
"Patent applications, residents",IP.PAT.RESD,Georgia,GEO,..,..,..,..,..,..,..,..,..,..,..,..,..,..,..,..,..,..,..,..,..,..,..,..,..,..,..,..,..,..,..,..,365,502,386,287,288,263,277,265,232,254,194,195,249,225,236,248,222,256,183,138,139,114,110,99,96,75,103,85,81,90,..,..,..
"Patent applications, residents",IP.PAT.RESD,Germany,DEU,..,..,..,..,..,..,..,..,..,..,..,..,..,..,..,..,..,..,..,..,28683,29841,30668,31658,31984,32202,32169,31597,31912,31171,30724,32256,33919,34752,36715,38103,42322,44438,46523,50029,51736,49989,47598,47818,48448,48367,48012,47853,49240,47859,47047,46986,46620,47353,48154,47384,48480,47785,46617,46632,42260,39822,..,..,..
"Patent applications, residents",IP.PAT.RESD,Ghana,GHA,..,..,..,..,..,..,..,..,..,..,..,..,..,..,..,..,..,..,..,..,..,..,..,..,..,..,..,..,..,..,..,..,..,..,..,..,..,..,..,..,..,..,..,..,..,..,..,..,..,..,..,..,..,..,..,..,14,15,13,..,12,..,..,..,..
"Patent applications, residents",IP.PAT.RESD,Gibraltar,GIB,..,..,..,..,..,..,..,..,..,..,..,..,..,..,..,..,..,..,..,..,..,..,..,..,..,..,..,..,..,..,..,..,..,..,..,..,..,..,..,..,..,..,..,..,..,..,..,..,..,..,..,..,..,..,..,..,..,..,..,..,..,..,..,..,..
"Patent applications, residents",IP.PAT.RESD,Greece,GRC,..,..,..,..,..,..,..,..,..,..,..,..,..,..,..,..,..,..,..,..,1265,1221,1264,1191,1277,1121,1249,1539,205,216,241,188,222,221,267,266,267,293,276,290,306,385,376,393,379,462,532,575,628,698,728,722,628,698,651,550,606,498,430,356,400,394,..,..,..
"Patent applications, residents",IP.PAT.RESD,Greenland,GRL,..,..,..,..,..,..,..,..,..,..,..,..,..,..,..,..,..,..,..,..,..,..,..,..,..,..,..,..,..,..,..,..,..,..,..,..,..,..,..,..,..,..,..,..,..,..,..,..,..,..,..,..,..,..,..,..,..,..,..,..,..,..,..,..,..
"Patent applications, residents",IP.PAT.RESD,Grenada,GRD,..,..,..,..,..,..,..,..,..,..,..,..,..,..,..,..,..,..,..,..,..,..,..,..,..,..,..,..,..,..,..,..,..,..,..,..,..,..,..,..,..,..,..,..,..,..,..,..,..,..,..,..,..,..,..,..,..,..,..,..,..,..,..,..,..
"Patent applications, residents",IP.PAT.RESD,Guam,GUM,..,..,..,..,..,..,..,..,..,..,..,..,..,..,..,..,..,..,..,..,..,..,..,..,..,..,..,..,..,..,..,..,..,..,..,..,..,..,..,..,..,..,..,..,..,..,..,..,..,..,..,..,..,..,..,..,..,..,..,..,..,..,..,..,..
"Patent applications, residents",IP.PAT.RESD,Guatemala,GTM,..,..,..,..,..,..,..,..,..,..,..,..,..,..,..,..,..,..,..,..,..,..,17,..,..,72,25,8,16,5,27,31,27,40,21,32,22,36,26,28,54,30,8,6,9,17,28,9,5,7,7,4,7,4,10,7,3,3,6,7,7,9,..,..,..
"Patent applications, residents",IP.PAT.RESD,Guinea,GIN,..,..,..,..,..,..,..,..,..,..,..,..,..,..,..,..,..,..,..,..,..,..,..,..,..,..,..,..,..,..,..,..,..,..,..,..,..,..,..,..,..,..,..,..,..,..,..,..,..,..,..,..,..,..,..,..,..,..,..,..,..,..,..,..,..
"Patent applications, residents",IP.PAT.RESD,Guinea-Bissau,GNB,..,..,..,..,..,..,..,..,..,..,..,..,..,..,..,..,..,..,..,..,..,..,..,..,..,..,..,..,..,..,..,..,..,..,..,..,..,..,..,..,..,..,..,..,..,..,..,..,..,..,..,..,..,..,..,..,..,..,..,..,..,..,..,..,..
"Patent applications, residents",IP.PAT.RESD,Guyana,GUY,..,..,..,..,..,..,..,..,..,..,..,..,..,..,..,..,..,..,..,..,..,..,..,1,..,1,9,..,..,..,..,..,..,..,..,..,..,..,..,..,..,..,..,..,..,..,..,..,..,..,..,..,..,..,1,..,1,..,2,..,..,40,..,..,..
"Patent applications, residents",IP.PAT.RESD,Haiti,HTI,..,..,..,..,..,..,..,..,..,..,..,..,..,..,..,..,..,..,..,..,4,..,2,1,2,6,4,9,1,..,..,3,..,..,..,..,3,..,..,1,..,..,..,..,..,..,..,..,..,..,..,1,2,..,2,..,..,..,..,..,..,..,..,..,..
"Patent applications, residents",IP.PAT.RESD,Honduras,HND,..,..,..,..,..,..,..,..,..,..,..,..,..,..,..,..,..,..,..,..,6,..,63,16,4,12,..,12,..,..,6,..,..,..,..,7,10,..,11,8,4,7,7,..,..,..,..,..,..,..,..,2,8,6,..,4,10,4,8,..,..,..,..,..,..
"Patent applications, residents",IP.PAT.RESD,"Hong Kong SAR, China",HKG,..,..,..,..,..,..,..,..,..,..,..,..,..,..,..,..,..,..,..,..,..,..,..,21,20,16,10,13,12,15,21,16,11,9,21,23,41,26,128,42,51,74,112,107,127,156,172,160,173,149,133,181,171,226,192,239,233,324,314,346,423,401,..,..,..
"Patent applications, residents",IP.PAT.RESD,Hungary,HUN,..,..,..,..,..,..,..,..,..,..,..,..,..,..,..,..,..,..,..,..,1601,2124,2344,2760,2869,2904,2847,3229,3262,2657,2477,2210,1497,1139,1162,1096,803,737,690,729,810,919,842,756,748,705,718,689,683,757,649,662,692,642,546,569,616,496,407,427,428,433,..,..,..
"Patent applications, residents",IP.PAT.RESD,Iceland,ISL,..,..,..,..,..,..,..,..,..,..,..,..,..,..,..,..,..,..,..,..,19,14,18,32,28,21,29,28,16,18,17,34,28,34,22,19,16,22,41,35,51,49,71,57,66,47,45,61,50,64,57,50,37,33,51,40,35,36,56,47,44,34,..,..,..
"Patent applications, residents",IP.PAT.RESD,India,IND,..,..,..,..,..,..,..,..,..,..,..,..,..,..,..,..,..,..,..,..,1207,1067,1128,..,1003,982,999,988,1033,1048,1147,1267,1248,1209,1588,1545,1661,1926,2247,2206,2206,2379,2693,3425,4014,4721,5686,6296,6425,7262,8853,8841,9553,10669,12040,12579,13199,14961,16289,19454,23141,26267,..,..,..
"Patent applications, residents",IP.PAT.RESD,Indonesia,IDN,..,..,..,..,..,..,..,..,..,..,..,..,..,..,..,..,..,..,..,..,5,..,16,40,26,49,32,62,..,113,..,34,67,38,29,61,40,79,93,152,157,212,234,201,227,235,288,284,386,415,508,533,..,663,702,1058,1101,2271,1407,3093,1309,1397,..,..,..
"Patent applications, residents",IP.PAT.RESD,"Iran, Islamic Rep.",IRN,..,..,..,..,..,..,..,..,..,..,..,..,..,..,..,..,..,..,..,..,169,286,202,213,162,183,..,207,167,141,182,262,225,278,266,278,288,284,337,366,410,691,910,1287,2426,4051,5970,10648,15403,12184,11108,11529,10622,11305,13683,..,14930,15264,11908,11569,11396,10210,..,..,..
"Patent applications, residents",IP.PAT.RESD,Iraq,IRQ,..,..,..,..,..,..,..,..,..,..,..,..,..,..,..,..,..,..,..,..,19,26,47,33,124,296,199,272,272,247,..,..,149,164,112,76,68,..,..,..,..,..,..,..,..,..,..,..,..,..,..,..,..,..,..,335,..,613,653,737,635,..,..,..,..
"Patent applications, residents",IP.PAT.RESD,Ireland,IRL,..,..,..,..,..,..,..,..,..,..,..,..,..,..,..,..,..,..,..,..,394,461,434,567,651,726,743,719,727,736,734,786,..,..,..,..,..,..,..,..,..,..,..,..,..,..,..,..,..,..,..,..,..,..,..,..,79,62,76,58,75,75,..,..,..
"Patent applications, residents",IP.PAT.RESD,Isle of Man,IMN,..,..,..,..,..,..,..,..,..,..,..,..,..,..,..,..,..,..,..,..,..,..,..,..,..,..,..,..,..,..,..,..,..,..,..,..,..,..,..,..,..,..,..,..,..,..,..,..,..,..,..,..,..,..,..,..,..,..,..,..,..,..,..,..,..
"Patent applications, residents",IP.PAT.RESD,Israel,ISR,..,..,..,..,..,..,..,..,..,..,..,..,..,..,..,..,..,..,..,..,669,727,707,687,696,790,819,823,995,1042,1052,1087,1400,1318,1261,1266,1218,1441,1950,2053,1599,1248,1213,1329,1544,1669,1342,1615,1528,1387,1450,1360,1319,1201,1125,1285,1300,1436,1506,1368,1642,1592,..,..,..
"Patent applications, residents",IP.PAT.RESD,Italy,ITA,..,..,..,..,..,..,..,..,..,..,..,..,..,..,..,..,..,..,..,..,6369,..,..,..,..,2000,..,..,2289,..,..,..,7568,7493,7872,..,6997,..,..,6281,7877,..,..,..,..,..,..,9255,8588,8814,8877,8794,8439,8307,8601,..,8848,8643,8921,9229,10061,10281,..,..,..
"Patent applications, residents",IP.PAT.RESD,Jamaica,JAM,..,..,..,..,..,..,..,..,..,..,..,..,..,..,..,..,..,..,..,..,..,..,..,15,10,..,..,3,..,..,4,4,6,9,6,7,2,9,..,..,11,4,15,9,11,10,21,6,15,17,14,20,25,22,33,7,19,11,26,14,10,16,..,..,..
"Patent applications, residents",IP.PAT.RESD,Japan,JPN,..,..,..,..,..,..,..,..,..,..,..,..,..,..,..,..,..,..,..,..,165730,..,..,227708,256205,274373,290202,311006,308908,317566,333230,335933,338019,332345,319938,334612,340101,350807,359381,360180,387364,386767,369458,358184,368416,367960,347060,333498,330110,295315,290081,287580,287013,271731,265959,258839,260244,260292,253630,245372,227348,222452,..,..,..
"Patent applications, residents",IP.PAT.RESD,Jordan,JOR,..,..,..,..,..,..,..,..,..,..,..,..,..,..,..,..,..,..,..,..,..,..,..,..,..,..,..,..,..,11,..,..,..,..,..,..,..,..,..,..,71,52,21,25,42,49,75,59,50,60,45,40,48,35,40,41,22,26,24,21,36,25,..,..,..
"Patent applications, residents",IP.PAT.RESD,Kazakhstan,KAZ,..,..,..,..,..,..,..,..,..,..,..,..,..,..,..,..,..,..,..,..,..,..,..,..,..,..,..,..,..,..,..,..,433,3223,1393,1031,1022,1171,1244,1352,1399,1607,1594,1696,1756,1523,1433,1633,1483,1513,1691,1415,..,1824,1742,1271,993,1055,789,..,803,..,..,..,..
"Patent applications, residents",IP.PAT.RESD,Kenya,KEN,..,..,..,..,..,..,..,..,..,..,..,..,..,..,..,..,..,..,..,..,..,..,..,..,..,..,..,..,1,..,..,8,..,14,..,..,15,22,27,25,..,..,23,22,31,34,41,41,63,48,77,135,123,127,132,137,144,135,244,294,341,160,..,..,..
"Patent applications, residents",IP.PAT.RESD,Kiribati,KIR,..,..,..,..,..,..,..,..,..,..,..,..,..,..,..,..,..,..,..,..,..,..,..,..,..,..,..,..,..,..,..,..,..,..,..,..,..,..,..,..,..,..,..,..,..,..,..,..,..,..,..,..,..,..,..,..,..,..,..,..,..,..,..,..,..
"Patent applications, residents",IP.PAT.RESD,"Korea, Dem. People's Rep.",PRK,..,..,..,..,..,..,..,..,..,..,..,..,..,..,..,..,..,..,..,..,..,..,..,..,..,..,..,..,..,..,..,..,..,..,..,..,..,..,..,..,..,..,..,..,..,5861,6350,6846,..,7956,8018,7956,8354,..,..,..,..,8095,7846,7377,6937,..,..,..,..
"Patent applications, residents",IP.PAT.RESD,"Korea, Rep.",KOR,..,..,..,..,..,..,..,..,..,..,..,..,..,..,..,..,..,..,..,..,1241,1319,1556,1599,1997,2702,3640,4871,5696,7020,9082,13253,15951,21449,28554,59228,68405,67359,50596,55970,72831,73714,76570,90313,105250,122188,125476,128701,127114,127316,131805,138034,148136,159978,164073,167275,163424,159084,162561,171603,180477,186245,..,..,..
"Patent applications, residents",IP.PAT.RESD,Kosovo,XKX,..,..,..,..,..,..,..,..,..,..,..,..,..,..,..,..,..,..,..,..,..,..,..,..,..,..,..,..,..,..,..,..,..,..,..,..,..,..,..,..,..,..,..,..,..,..,..,..,..,..,..,..,..,..,..,..,..,..,..,..,..,..,..,..,..
"Patent applications, residents",IP.PAT.RESD,Kuwait,KWT,..,..,..,..,..,..,..,..,..,..,..,..,..,..,..,..,..,..,..,..,..,..,..,..,..,..,..,..,..,..,..,..,..,..,..,..,..,..,..,..,..,..,..,..,..,..,..,..,..,..,..,..,..,..,..,..,13,..,1,..,..,..,..,..,..
"Patent applications, residents",IP.PAT.RESD,Kyrgyz Republic,KGZ,..,..,..,..,..,..,..,..,..,..,..,..,..,..,..,..,..,..,..,..,..,..,..,..,..,..,..,..,..,..,..,..,..,..,132,119,126,152,111,60,80,84,123,179,..,..,..,155,135,146,134,124,110,111,132,122,84,137,..,92,63,83,..,..,..
"Patent applications, residents",IP.PAT.RESD,Lao PDR,LAO,..,..,..,..,..,..,..,..,..,..,..,..,..,..,..,..,..,..,..,..,..,..,..,..,..,..,..,..,..,..,..,..,..,..,..,..,..,..,..,..,..,..,..,..,..,3,5,2,1,..,..,..,..,1,1,1,..,3,1,..,..,..,..,..,..
"Patent applications, residents",IP.PAT.RESD,Latvia,LVA,..,..,..,..,..,..,..,..,..,..,..,..,..,..,..,..,..,..,..,..,..,..,..,..,..,..,..,..,..,..,..,..,73,155,179,210,196,162,195,91,98,117,150,91,108,112,114,139,206,240,178,173,193,225,103,136,95,90,86,82,93,104,..,..,..
"Patent applications, residents",IP.PAT.RESD,Lebanon,LBN,..,..,..,..,..,..,..,..,..,..,..,..,..,..,..,..,..,..,..,..,..,..,..,..,..,..,..,..,..,..,..,..,..,..,..,..,..,..,..,..,..,..,..,..,..,..,..,..,..,..,..,..,..,105,80,110,..,..,..,..,..,..,..,..,..
"Patent applications, residents",IP.PAT.RESD,Lesotho,LSO,..,..,..,..,..,..,..,..,..,..,..,..,..,..,..,..,..,..,..,..,..,..,..,..,..,..,..,..,..,..,..,..,..,..,..,8,1,..,..,..,..,..,..,..,..,..,..,..,..,..,..,..,..,..,..,..,..,..,4,1,..,..,..,..,..
"Patent applications, residents",IP.PAT.RESD,Liberia,LBR,..,..,..,..,..,..,..,..,..,..,..,..,..,..,..,..,..,..,..,..,..,..,..,..,..,..,..,..,..,..,..,6,..,14,..,..,..,..,..,..,..,..,..,..,..,..,..,..,..,..,..,..,..,..,..,..,..,..,..,..,..,..,..,..,..
"Patent applications, residents",IP.PAT.RESD,Libya,LBY,..,..,..,..,..,..,..,..,..,..,..,..,..,..,..,..,..,..,..,..,..,..,..,..,..,..,..,..,..,3,10,25,..,15,10,6,12,..,..,..,..,..,..,..,..,..,..,..,..,..,..,..,..,..,..,..,..,..,..,..,..,..,..,..,..
"Patent applications, residents",IP.PAT.RESD,Liechtenstein,LIE,..,..,..,..,..,..,..,..,..,..,..,..,..,..,..,..,..,..,..,..,..,..,..,..,..,..,..,..,..,..,..,..,..,..,..,..,..,..,..,..,..,..,..,..,..,..,..,..,..,..,..,..,..,..,..,..,..,..,..,..,..,..,..,..,..
"Patent applications, residents",IP.PAT.RESD,Lithuania,LTU,..,..,..,..,..,..,..,..,..,..,..,..,..,..,..,..,..,..,..,..,..,..,..,..,..,..,..,..,..,..,..,29,134,413,112,106,100,125,134,86,66,68,85,64,70,68,65,62,87,91,108,93,109,117,123,101,95,81,81,90,95,81,..,..,..
"Patent applications, residents",IP.PAT.RESD,Luxembourg,LUX,..,..,..,..,..,..,..,..,..,..,..,..,..,..,..,..,..,..,..,..,97,109,94,..,58,81,80,69,68,58,41,52,..,73,50,35,52,48,44,24,85,51,41,16,23,24,26,15,48,60,79,85,109,113,128,128,143,156,152,117,129,112,..,..,..
"Patent applications, residents",IP.PAT.RESD,"Macao SAR, China",MAC,..,..,..,..,..,..,..,..,..,..,..,..,..,..,..,..,..,..,..,..,..,..,..,..,..,..,..,..,..,..,..,..,..,..,..,..,..,..,..,..,..,..,..,..,..,3,..,1,3,1,4,4,5,6,2,3,..,1,1,..,3,2,..,..,..
"Patent applications, residents",IP.PAT.RESD,Madagascar,MDG,..,..,..,..,..,..,..,..,..,..,..,..,..,..,..,..,..,..,..,..,..,..,..,..,..,..,..,..,..,..,..,..,..,..,9,22,7,9,14,10,7,..,4,3,16,7,4,9,14,1,9,3,4,4,5,3,6,9,9,..,6,6,..,..,..
"Patent applications, residents",IP.PAT.RESD,Malawi,MWI,..,..,..,..,..,..,..,..,..,..,..,..,..,..,..,..,..,..,..,..,2,7,3,1,..,..,..,..,1,1,..,1,2,3,1,1,2,2,2,1,3,..,..,..,..,..,..,..,..,..,..,..,..,..,..,6,3,..,..,..,..,..,..,..,..
"Patent applications, residents",IP.PAT.RESD,Malaysia,MYS,..,..,..,..,..,..,..,..,..,..,..,..,..,..,..,..,..,..,..,..,..,..,..,..,..,8,29,71,73,84,92,106,151,198,223,141,221,179,193,218,206,271,322,376,522,522,531,670,818,1234,1231,1076,1114,1199,1353,1272,1109,1166,1116,1071,989,883,..,..,..
"Patent applications, residents",IP.PAT.RESD,Maldives,MDV,..,..,..,..,..,..,..,..,..,..,..,..,..,..,..,..,..,..,..,..,..,..,..,..,..,..,..,..,..,..,..,..,..,..,..,..,..,..,..,..,..,..,..,..,..,..,..,..,..,..,..,..,..,..,..,..,..,..,..,..,..,..,..,..,..
"Patent applications, residents",IP.PAT.RESD,Mali,MLI,..,..,..,..,..,..,..,..,..,..,..,..,..,..,..,..,..,..,..,..,..,1,..,..,..,..,..,..,..,..,..,..,..,..,..,..,..,..,..,..,..,..,..,..,..,..,..,..,..,..,..,..,..,..,..,..,..,..,..,..,..,..,..,..,..
"Patent applications, residents",IP.PAT.RESD,Malta,MLT,..,..,..,..,..,..,..,..,..,..,..,..,..,..,..,..,..,..,..,..,7,6,3,4,..,..,5,5,3,2,2,6,3,8,21,11,6,22,8,11,23,26,22,..,..,..,..,10,14,8,12,9,11,13,5,9,3,5,2,5,6,5,..,..,..
"Patent applications, residents",IP.PAT.RESD,Marshall Islands,MHL,..,..,..,..,..,..,..,..,..,..,..,..,..,..,..,..,..,..,..,..,..,..,..,..,..,..,..,..,..,..,..,..,..,..,..,..,..,..,..,..,..,..,..,..,..,..,..,..,..,..,..,..,..,..,..,..,..,..,..,..,..,..,..,..,..
"Patent applications, residents",IP.PAT.RESD,Mauritania,MRT,..,..,..,..,..,..,..,..,..,..,..,..,..,..,..,..,..,..,..,..,..,..,..,..,..,..,..,..,..,..,..,..,..,..,..,..,..,..,..,..,..,..,..,..,..,..,..,..,..,..,..,..,..,..,..,..,..,..,..,..,..,..,..,..,..
"Patent applications, residents",IP.PAT.RESD,Mauritius,MUS,..,..,..,..,..,..,..,..,..,..,..,..,..,..,..,..,..,..,..,..,..,2,..,..,..,4,..,..,3,..,1,2,..,2,5,3,3,3,3,..,..,..,..,..,..,..,..,..,2,..,..,1,4,2,3,1,2,1,16,4,6,6,..,..,..
"Patent applications, residents",IP.PAT.RESD,Mexico,MEX,..,..,..,..,..,..,..,..,..,..,..,..,..,..,..,..,..,..,..,..,704,765,550,730,688,590,629,742,652,757,661,564,565,553,498,432,386,420,453,455,431,534,526,468,565,584,574,629,685,822,951,1065,1294,1210,1246,1364,1310,1334,1555,1305,1132,1117,..,..,..
"Patent applications, residents",IP.PAT.RESD,"Micronesia, Fed. Sts.",FSM,..,..,..,..,..,..,..,..,..,..,..,..,..,..,..,..,..,..,..,..,..,..,..,..,..,..,..,..,..,..,..,..,..,..,..,..,..,..,..,..,..,..,..,..,..,..,..,..,..,..,..,..,..,..,..,..,..,..,..,..,..,..,..,..,..
"Patent applications, residents",IP.PAT.RESD,Moldova,MDA,..,..,..,..,..,..,..,..,..,..,..,..,..,..,..,..,..,..,..,..,..,..,..,..,..,..,..,..,..,..,..,..,..,67,237,270,289,295,257,256,240,437,239,293,297,377,303,333,273,134,139,97,93,67,67,64,91,73,92,85,85,64,..,..,..
"Patent applications, residents",IP.PAT.RESD,Monaco,MCO,..,..,..,..,..,..,..,..,..,..,..,..,..,..,..,..,..,..,..,..,14,20,9,19,11,15,10,19,16,9,21,12,9,10,21,13,16,20,4,15,6,6,8,5,7,2,6,11,7,3,6,6,4,5,6,5,7,18,4,10,6,5,..,..,..
"Patent applications, residents",IP.PAT.RESD,Mongolia,MNG,..,..,..,..,..,..,..,..,..,..,..,..,..,..,..,..,..,..,..,..,..,..,..,12,34,..,..,..,..,..,..,28,26,55,128,130,114,186,148,..,..,106,121,167,143,100,103,..,..,76,110,..,..,133,139,109,112,124,82,84,66,109,..,..,..
"Patent applications, residents",IP.PAT.RESD,Montenegro,MNE,..,..,..,..,..,..,..,..,..,..,..,..,..,..,..,..,..,..,..,..,..,..,..,..,..,..,..,..,..,..,..,..,..,..,..,..,..,..,..,..,..,..,..,..,..,..,..,..,3,..,23,20,37,23,13,23,10,..,3,16,5,..,..,..,..
"Patent applications, residents",IP.PAT.RESD,Morocco,MAR,..,..,..,..,..,..,..,..,..,..,..,..,..,..,..,..,..,..,..,..,29,36,47,16,28,35,29,72,83,60,61,55,..,42,107,89,90,..,97,..,104,..,..,..,104,140,178,150,177,135,152,169,197,316,355,224,237,198,187,199,250,254,..,..,..
"Patent applications, residents",IP.PAT.RESD,Mozambique,MOZ,..,..,..,..,..,..,..,..,..,..,..,..,..,..,..,..,..,..,..,..,..,..,..,..,..,..,..,..,..,..,..,..,..,..,..,..,..,..,..,2,..,..,..,..,..,..,1,18,2,7,15,8,14,13,14,24,15,24,34,23,26,30,..,..,..
"Patent applications, residents",IP.PAT.RESD,Myanmar,MMR,..,..,..,..,..,..,..,..,..,..,..,..,..,..,..,..,..,..,..,..,..,..,..,..,..,..,..,..,..,..,..,..,..,..,..,..,..,..,..,..,..,..,..,..,..,..,..,..,..,..,..,..,..,..,..,..,..,..,..,..,..,..,..,..,..
"Patent applications, residents",IP.PAT.RESD,Namibia,NAM,..,..,..,..,..,..,..,..,..,..,..,..,..,..,..,..,..,..,..,..,..,..,..,..,..,..,..,..,..,..,5,3,..,13,..,..,..,..,..,..,..,..,..,..,..,..,..,..,..,..,..,..,..,..,..,13,18,10,21,8,..,..,..,..,..
"Patent applications, residents",IP.PAT.RESD,Nauru,NRU,..,..,..,..,..,..,..,..,..,..,..,..,..,..,..,..,..,..,..,..,..,..,..,..,..,..,..,..,..,..,..,..,..,..,..,..,..,..,..,..,..,..,..,..,..,..,..,..,..,..,..,..,..,..,..,..,..,..,..,..,..,..,..,..,..
"Patent applications, residents",IP.PAT.RESD,Nepal,NPL,..,..,..,..,..,..,..,..,..,..,..,..,..,..,..,..,..,..,..,..,2,..,..,..,..,..,..,..,..,..,..,..,1,6,4,3,..,..,..,..,..,..,..,..,..,..,..,..,..,..,..,8,4,18,10,11,11,20,..,..,..,..,..,..,..
"Patent applications, residents",IP.PAT.RESD,Netherlands,NLD,..,..,..,..,..,..,..,..,..,..,..,..,..,..,..,..,..,..,..,..,1826,1897,1873,1889,1840,1938,1866,1970,2158,2205,2147,1605,1753,1733,1748,2123,2348,2391,2451,2545,2465,2110,2122,2288,2187,2217,2168,2079,2421,2575,2527,2585,2375,2315,2294,2207,2290,2241,2111,2228,2198,2080,..,..,..
"Patent applications, residents",IP.PAT.RESD,New Caledonia,NCL,..,..,..,..,..,..,..,..,..,..,..,..,..,..,..,..,..,..,..,..,..,..,..,..,..,..,..,..,..,..,..,..,..,..,..,..,..,..,..,..,..,..,..,..,..,..,..,..,..,..,..,..,..,..,..,..,..,..,..,..,..,..,..,..,..
"Patent applications, residents",IP.PAT.RESD,New Zealand,NZL,..,..,..,..,..,..,..,..,..,..,..,..,..,..,..,..,..,..,..,..,1148,1033,986,1110,1001,1008,957,912,803,807,802,983,1031,1236,1254,1284,1275,1572,1181,1420,1463,1768,1839,1845,1631,1893,2153,1892,1256,1555,1585,1501,1425,1614,1636,1184,1075,1014,1017,324,348,330,..,..,..
"Patent applications, residents",IP.PAT.RESD,Nicaragua,NIC,..,..,..,..,..,..,..,..,..,..,..,..,..,..,..,..,..,..,..,..,..,..,..,..,..,2,..,..,..,..,..,..,3,2,..,..,..,3,12,9,14,..,..,..,..,..,..,..,..,..,..,2,4,3,1,..,..,..,..,..,..,..,..,..,..
"Patent applications, residents",IP.PAT.RESD,Niger,NER,..,..,..,..,..,..,..,..,..,..,..,..,..,..,..,..,..,..,..,..,..,..,..,..,..,..,..,..,..,..,..,..,..,..,..,..,..,..,..,..,..,..,..,..,..,..,..,..,..,..,..,..,..,..,..,..,..,..,..,..,..,..,..,..,..
"Patent applications, residents",IP.PAT.RESD,Nigeria,NGA,..,..,..,..,..,..,..,..,..,..,..,..,..,..,..,..,..,..,..,..,..,..,..,..,..,10,..,..,..,..,12,..,..,..,..,..,..,..,..,..,..,..,..,..,..,..,..,..,..,..,..,64,42,50,..,..,85,100,382,439,410,..,..,..,..
"Patent applications, residents",IP.PAT.RESD,North Macedonia,MKD,..,..,..,..,..,..,..,..,..,..,..,..,..,..,..,..,..,..,..,..,..,..,..,..,..,..,..,..,..,..,..,..,..,78,58,100,52,66,84,64,71,66,42,48,44,53,55,105,34,39,27,37,50,42,..,..,..,..,..,..,47,42,..,..,..
"Patent applications, residents",IP.PAT.RESD,Northern Mariana Islands,MNP,..,..,..,..,..,..,..,..,..,..,..,..,..,..,..,..,..,..,..,..,..,..,..,..,..,..,..,..,..,..,..,..,..,..,..,..,..,..,..,..,..,..,..,..,..,..,..,..,..,..,..,..,..,..,..,..,..,..,..,..,..,..,..,..,..
"Patent applications, residents",IP.PAT.RESD,Norway,NOR,..,..,..,..,..,..,..,..,..,..,..,..,..,..,..,..,..,..,..,..,716,714,693,825,961,923,903,884,904,1015,899,924,941,1031,1074,1128,1291,1256,1213,1335,1311,1189,1178,1079,1142,1143,1119,1225,1150,1246,1117,1122,1009,1101,1106,1153,1227,1152,1082,957,880,946,..,..,..
"Patent applications, residents",IP.PAT.RESD,Oman,OMN,..,..,..,..,..,..,..,..,..,..,..,..,..,..,..,..,..,..,..,..,..,..,..,..,..,..,..,..,..,..,..,..,..,..,..,..,..,..,..,..,..,..,..,..,..,..,..,..,..,..,..,..,..,..,..,5,3,4,16,30,11,30,..,..,..
"Patent applications, residents",IP.PAT.RESD,Pakistan,PAK,..,..,..,..,..,..,..,..,..,..,..,..,..,..,..,..,..,..,..,..,37,..,..,..,..,..,..,..,..,..,23,22,17,19,31,21,16,27,45,44,46,58,55,57,73,143,91,109,170,..,114,92,96,151,146,209,204,193,306,313,338,426,..,..,..
"Patent applications, residents",IP.PAT.RESD,Palau,PLW,..,..,..,..,..,..,..,..,..,..,..,..,..,..,..,..,..,..,..,..,..,..,..,..,..,..,..,..,..,..,..,..,..,..,..,..,..,..,..,..,..,..,..,..,..,..,..,..,..,..,..,..,..,..,..,..,..,..,..,..,..,..,..,..,..
"Patent applications, residents",IP.PAT.RESD,Panama,PAN,..,..,..,..,..,..,..,..,..,..,..,..,..,..,..,..,..,..,..,..,15,8,7,16,15,14,11,3,9,6,15,19,18,20,11,16,31,..,..,..,7,..,..,..,..,..,..,..,..,..,..,21,..,9,13,14,68,33,135,34,22,35,..,..,..
"Patent applications, residents",IP.PAT.RESD,Papua New Guinea,PNG,..,..,..,..,..,..,..,..,..,..,..,..,..,..,..,..,..,..,..,..,..,..,..,..,..,..,..,..,..,..,..,..,..,..,..,..,..,..,..,..,..,..,..,..,..,..,..,..,1,..,..,..,..,..,..,1,..,..,..,..,..,..,..,..,..
"Patent applications, residents",IP.PAT.RESD,Paraguay,PRY,..,..,..,..,..,..,..,..,..,..,..,..,..,..,..,..,..,..,..,..,..,..,..,5,10,7,..,..,..,6,16,..,20,30,..,..,..,..,..,..,11,12,11,12,18,24,21,37,13,15,18,..,..,..,..,..,..,..,34,4,14,10,..,..,..
"Patent applications, residents",IP.PAT.RESD,Peru,PER,..,..,..,..,..,..,..,..,..,..,..,..,..,..,..,..,..,..,..,..,82,50,56,77,..,41,48,43,53,..,49,31,21,34,29,..,52,48,..,48,40,36,29,32,38,27,39,28,31,37,39,39,54,73,83,67,72,100,89,137,125,94,..,..,..
"Patent applications, residents",IP.PAT.RESD,Philippines,PHL,..,..,..,..,..,..,..,..,..,..,..,..,..,..,..,..,..,..,..,..,119,91,134,63,102,91,75,76,86,71,147,147,133,178,181,169,163,125,163,144,154,135,149,141,158,210,223,225,216,172,170,186,162,220,334,375,327,323,529,501,476,490,..,..,..
"Patent applications, residents",IP.PAT.RESD,Poland,POL,..,..,..,..,..,..,..,..,..,..,..,..,..,..,..,..,..,..,..,..,6198,4370,4482,4741,5090,5124,5486,5682,6280,5294,4106,3389,2891,2659,2676,2595,2411,2399,2407,2285,2404,2202,2313,2268,2381,2028,2157,2392,2488,2899,3203,3879,4410,4237,3941,4676,4261,3924,4207,3887,4010,3377,..,..,..
"Patent applications, residents",IP.PAT.RESD,Portugal,PRT,..,..,..,..,..,..,..,..,..,..,..,..,..,..,..,..,..,..,..,..,92,90,92,91,96,85,77,61,54,86,101,102,69,88,103,81,86,71,96,81,81,107,130,125,123,158,184,250,381,571,499,571,621,647,722,925,724,644,661,703,695,711,..,..,..
"Patent applications, residents",IP.PAT.RESD,Puerto Rico (US),PRI,..,..,..,..,..,..,..,..,..,..,..,..,..,..,..,..,..,..,..,..,..,..,..,..,..,..,..,..,..,..,..,..,..,..,..,..,..,..,..,..,..,..,..,..,..,..,..,..,..,..,..,..,..,..,..,..,..,..,..,..,..,..,..,..,..
"Patent applications, residents",IP.PAT.RESD,Qatar,QAT,..,..,..,..,..,..,..,..,..,..,..,..,..,..,..,..,..,..,..,..,..,..,..,..,..,..,..,..,..,..,..,..,..,..,..,..,..,..,..,..,..,..,..,..,..,..,..,..,..,..,..,..,3,9,5,..,16,19,..,39,81,47,..,..,..
"Patent applications, residents",IP.PAT.RESD,Romania,ROU,..,..,..,..,..,..,..,..,..,..,..,..,..,..,..,..,..,..,..,..,2569,2481,2724,3108,3446,4201,4394,4821,5615,5868,2752,2015,1457,1414,1633,1811,1831,1708,1299,1061,1003,1128,1478,881,937,916,814,827,995,1054,1382,1424,1022,993,952,975,1005,1098,1100,881,817,772,..,..,..
"Patent applications, residents",IP.PAT.RESD,Russian Federation,RUS,..,..,..,..,..,..,..,..,..,..,..,..,..,..,..,..,..,..,..,..,..,..,..,..,..,..,..,..,..,..,..,..,39494,28503,21250,17551,18014,15106,16454,19900,23377,24777,23712,24969,22985,23644,27884,27505,27712,25598,28722,26495,28701,28765,24072,29269,26795,22777,24926,23337,23759,19569,..,..,..
"Patent applications, residents",IP.PAT.RESD,Rwanda,RWA,..,..,..,..,..,..,..,..,..,..,..,..,..,..,..,..,..,..,..,..,..,..,..,..,..,..,..,..,1,..,..,..,..,..,..,..,..,..,..,..,..,..,..,..,..,..,..,..,..,..,..,..,40,..,5,5,3,4,6,..,..,14,..,..,..
"Patent applications, residents",IP.PAT.RESD,Samoa,WSM,..,..,..,..,..,..,..,..,..,..,..,..,..,..,..,..,..,..,..,..,..,2,..,..,..,..,..,..,..,..,..,..,..,..,..,..,..,..,..,..,..,..,..,..,..,..,..,..,..,..,..,..,..,..,1,1,..,..,1,2,..,1,..,..,..
"Patent applications, residents",IP.PAT.RESD,San Marino,SMR,..,..,..,..,..,..,..,..,..,..,..,..,..,..,..,..,..,..,..,..,..,..,..,..,..,..,..,..,..,..,..,..,..,..,..,..,..,..,..,..,..,..,..,..,..,..,..,..,..,..,..,..,..,11,4,7,12,14,14,11,9,7,..,..,..
"Patent applications, residents",IP.PAT.RESD,Sao Tome and Principe,STP,..,..,..,..,..,..,..,..,..,..,..,..,..,..,..,..,..,..,..,..,..,..,..,..,..,..,..,..,..,..,..,..,..,..,..,..,..,..,..,..,..,..,..,..,..,..,..,..,..,..,..,..,..,..,..,..,..,..,..,..,..,..,..,..,..
"Patent applications, residents",IP.PAT.RESD,Saudi Arabia,SAU,..,..,..,..,..,..,..,..,..,..,..,..,..,..,..,..,..,..,..,..,..,..,..,..,..,..,..,..,..,12,16,27,21,21,33,28,27,57,45,72,76,46,61,56,81,119,119,128,..,..,288,347,..,491,652,715,1070,909,1078,1188,1294,1398,..,..,..
"Patent applications, residents",IP.PAT.RESD,Senegal,SEN,..,..,..,..,..,..,..,..,..,..,..,..,..,..,..,..,..,..,..,..,..,..,..,..,..,..,..,..,..,..,..,..,..,..,..,..,..,..,..,..,..,..,..,..,..,..,..,..,..,..,..,..,..,..,..,..,..,..,..,..,..,..,..,..,..
"Patent applications, residents",IP.PAT.RESD,Serbia,SRB,..,..,..,..,..,..,..,..,..,..,..,..,..,..,..,..,..,..,..,..,..,..,..,..,..,..,..,..,..,..,..,..,..,..,..,..,..,..,..,..,..,..,..,..,473,372,432,395,386,319,290,180,192,201,202,178,192,171,163,168,138,138,..,..,..
"Patent applications, residents",IP.PAT.RESD,Seychelles,SYC,..,..,..,..,..,..,..,..,..,..,..,..,..,..,..,..,..,..,..,..,..,..,..,..,..,..,..,..,..,..,..,..,..,..,..,..,..,..,..,..,..,..,..,..,..,..,..,..,..,..,..,..,..,..,..,..,..,..,..,..,3,..,..,..,..
"Patent applications, residents",IP.PAT.RESD,Sierra Leone,SLE,..,..,..,..,..,..,..,..,..,..,..,..,..,..,..,..,..,..,..,..,..,..,..,..,..,..,..,..,..,..,..,..,..,..,..,..,..,..,..,..,..,..,..,..,..,..,..,..,..,..,..,..,..,..,..,..,..,..,..,..,..,..,..,..,..
"Patent applications, residents",IP.PAT.RESD,Singapore,SGP,..,..,..,..,..,..,..,..,..,..,..,..,..,..,..,..,..,..,..,..,2,4,..,5,4,4,..,..,..,..,..,..,..,..,..,145,224,288,311,374,516,524,624,626,641,569,626,696,793,750,895,1056,1081,1143,1303,1469,1601,1609,1575,1727,1778,2024,..,..,..
"Patent applications, residents",IP.PAT.RESD,Sint Maarten (Dutch part),SXM,..,..,..,..,..,..,..,..,..,..,..,..,..,..,..,..,..,..,..,..,..,..,..,..,..,..,..,..,..,..,..,..,..,..,..,..,..,..,..,..,..,..,..,..,..,..,..,..,..,..,..,..,..,..,..,..,..,..,..,..,..,..,..,..,..
"Patent applications, residents",IP.PAT.RESD,Slovak Republic,SVK,..,..,..,..,..,..,..,..,..,..,..,..,..,..,..,..,..,..,..,..,..,..,..,..,..,..,..,..,..,..,..,..,..,282,248,269,195,224,213,213,236,246,259,210,215,155,193,239,167,176,234,224,168,184,211,228,220,183,217,206,206,146,..,..,..
"Patent applications, residents",IP.PAT.RESD,Slovenia,SVN,..,..,..,..,..,..,..,..,..,..,..,..,..,..,..,..,..,..,..,..,..,..,..,..,..,..,..,..,..,..,..,21,188,277,286,314,288,266,288,261,307,301,300,310,342,344,287,331,301,373,442,470,..,..,..,..,..,..,255,..,232,222,..,..,..
"Patent applications, residents",IP.PAT.RESD,Solomon Islands,SLB,..,..,..,..,..,..,..,..,..,..,..,..,..,..,..,..,..,..,..,..,..,..,..,..,..,..,..,..,..,..,..,..,..,..,..,..,..,..,..,..,..,..,..,..,..,..,..,..,..,..,..,..,..,..,..,..,..,..,..,..,..,..,..,..,..
"Patent applications, residents",IP.PAT.RESD,"Somalia, Fed. Rep.",SOM,..,..,..,..,..,..,..,..,..,..,..,..,..,..,..,..,..,..,..,..,..,..,..,..,1,..,..,..,..,..,..,..,..,..,..,..,..,..,..,..,..,..,..,..,..,..,..,..,..,..,..,..,..,..,..,..,..,..,..,..,..,..,..,..,..
"Patent applications, residents",IP.PAT.RESD,South Africa,ZAF,..,..,..,..,..,..,..,..,..,..,..,..,..,..,..,..,..,..,..,..,3092,3340,3017,4240,3874,4051,4730,4922,4829,5134,1093,1023,888,904,935,883,757,355,200,138,895,966,983,922,956,1003,866,915,860,822,821,656,608,638,802,889,704,728,657,567,542,1804,..,..,..
"Patent applications, residents",IP.PAT.RESD,South Sudan,SSD,..,..,..,..,..,..,..,..,..,..,..,..,..,..,..,..,..,..,..,..,..,..,..,..,..,..,..,..,..,..,..,..,..,..,..,..,..,..,..,..,..,..,..,..,..,..,..,..,..,..,..,..,..,..,..,..,..,..,..,..,..,..,..,..,..
"Patent applications, residents",IP.PAT.RESD,Spain,ESP,..,..,..,..,..,..,..,..,..,..,..,..,..,..,..,..,..,..,..,..,1876,1718,1646,1498,1784,2149,1649,1720,1816,2087,2218,2156,2076,2165,2136,2047,2274,2237,2271,2439,2710,2528,2763,2813,2871,3040,3111,3267,3632,3596,3566,3430,3266,3026,2953,2799,2745,2167,1525,1288,1431,1308,..,..,..
"Patent applications, residents",IP.PAT.RESD,Sri Lanka,LKA,..,..,..,..,..,..,..,..,..,..,..,..,..,..,..,..,..,..,..,..,11,6,12,16,16,28,26,41,26,28,23,33,36,49,36,76,50,81,54,119,71,120,123,95,120,149,153,151,201,202,225,194,..,328,..,218,280,277,343,356,353,266,..,..,..
"Patent applications, residents",IP.PAT.RESD,St. Kitts and Nevis,KNA,..,..,..,..,..,..,..,..,..,..,..,..,..,..,..,..,..,..,..,..,..,..,..,..,..,..,..,..,..,..,..,..,..,..,..,..,..,..,..,..,..,..,..,..,..,..,..,..,..,..,..,..,..,..,..,..,..,..,..,..,..,..,..,..,..
"Patent applications, residents",IP.PAT.RESD,St. Lucia,LCA,..,..,..,..,..,..,..,..,..,..,..,..,..,..,..,..,..,..,..,..,..,..,..,..,..,..,..,..,..,..,..,..,..,..,..,..,..,..,..,..,..,..,..,..,..,..,..,..,..,..,..,..,..,..,..,..,5,3,2,..,..,..,..,..,..
"Patent applications, residents",IP.PAT.RESD,St. Martin (French part),MAF,..,..,..,..,..,..,..,..,..,..,..,..,..,..,..,..,..,..,..,..,..,..,..,..,..,..,..,..,..,..,..,..,..,..,..,..,..,..,..,..,..,..,..,..,..,..,..,..,..,..,..,..,..,..,..,..,..,..,..,..,..,..,..,..,..
"Patent applications, residents",IP.PAT.RESD,St. Vincent and the Grenadines,VCT,..,..,..,..,..,..,..,..,..,..,..,..,..,..,..,..,..,..,..,..,..,..,..,..,..,..,..,..,..,..,..,..,..,..,..,..,..,..,..,..,..,..,..,..,..,..,..,..,..,..,..,..,..,..,..,..,..,..,..,..,..,..,..,..,..
"Patent applications, residents",IP.PAT.RESD,Sudan,SDN,..,..,..,..,..,..,..,..,..,..,..,..,..,..,..,..,..,..,..,..,..,..,..,7,..,..,..,..,..,..,..,..,..,..,..,..,..,..,..,2,6,1,2,6,4,6,3,3,340,332,252,249,..,269,..,267,284,281,349,238,153,..,..,..,..
"Patent applications, residents",IP.PAT.RESD,Suriname,SUR,..,..,..,..,..,..,..,..,..,..,..,..,..,..,..,..,..,..,..,..,..,..,..,..,..,..,..,..,..,..,..,..,..,..,..,..,..,..,..,..,..,..,..,..,..,..,..,..,..,..,..,..,..,..,..,..,..,..,..,..,..,..,..,..,..
"Patent applications, residents",IP.PAT.RESD,Sweden,SWE,..,..,..,..,..,..,..,..,..,..,..,..,..,..,..,..,..,..,..,..,4106,3914,4087,4283,3969,3840,3685,3521,3260,3147,3108,3154,3291,3760,3953,3941,4111,4130,3972,4142,4224,3926,3358,3025,2768,2522,2446,2527,2549,2186,2196,2004,2288,2332,1984,2038,2032,1992,1838,1802,1764,1771,..,..,..
"Patent applications, residents",IP.PAT.RESD,Switzerland,CHE,..,..,..,..,..,..,..,..,..,..,..,..,..,..,..,..,..,..,..,..,4049,3712,3845,3817,3393,3191,3199,3298,3236,3247,2987,2949,3068,2999,3033,2890,2504,2408,2025,1916,2083,1859,1827,1831,1742,1643,1740,1692,1594,1684,1622,1597,1480,1525,1480,1477,1462,1337,1283,1369,1384,1288,..,..,..
"Patent applications, residents",IP.PAT.RESD,Syrian Arab Republic,SYR,..,..,..,..,..,..,..,..,..,..,..,..,..,..,..,..,..,..,..,..,6,7,4,..,..,..,..,..,..,..,..,..,53,82,67,129,106,116,54,87,247,189,183,213,205,105,124,..,..,..,..,..,..,..,..,198,..,120,103,121,76,102,..,..,..
"Patent applications, residents",IP.PAT.RESD,Tajikistan,TJK,..,..,..,..,..,..,..,..,..,..,..,..,..,..,..,..,..,..,..,..,..,..,..,..,..,..,..,..,..,..,..,..,..,5,24,35,30,23,37,38,45,83,39,30,32,30,26,..,..,11,7,4,3,2,..,..,..,..,..,1,..,..,..,..,..
"Patent applications, residents",IP.PAT.RESD,Tanzania,TZA,..,..,..,..,..,..,..,..,..,..,..,..,..,..,..,..,..,..,..,..,..,..,..,1,..,..,..,..,..,..,..,..,..,..,..,..,..,..,..,..,..,..,..,..,..,..,..,..,..,..,..,..,..,..,..,1,..,..,..,..,..,..,..,..,..
"Patent applications, residents",IP.PAT.RESD,Thailand,THA,..,..,..,..,..,..,..,..,..,..,..,..,..,..,..,..,..,..,..,..,13,26,40,48,49,55,60,68,78,43,73,80,67,110,150,145,203,246,479,738,561,534,615,802,819,891,1040,945,902,1025,1214,927,1020,1572,1006,1029,1098,979,904,865,863,867,..,..,..
"Patent applications, residents",IP.PAT.RESD,Timor-Leste,TLS,..,..,..,..,..,..,..,..,..,..,..,..,..,..,..,..,..,..,..,..,..,..,..,..,..,..,..,..,..,..,..,..,..,..,..,..,..,..,..,..,..,..,..,..,..,..,..,..,..,..,..,..,..,..,..,..,..,..,..,..,..,..,..,..,..
"Patent applications, residents",IP.PAT.RESD,Togo,TGO,..,..,..,..,..,..,..,..,..,..,..,..,..,..,..,..,..,..,..,..,..,..,..,..,..,..,..,..,..,..,..,..,..,..,..,..,..,..,..,..,..,..,..,..,..,..,..,..,..,..,..,..,..,..,..,..,..,..,..,..,..,..,..,..,..
"Patent applications, residents",IP.PAT.RESD,Tonga,TON,..,..,..,..,..,..,..,..,..,..,..,..,..,..,..,..,..,..,..,..,..,..,..,..,..,..,..,..,..,..,..,..,..,..,..,..,..,..,..,..,..,..,..,..,..,..,..,..,..,..,..,..,..,..,..,..,..,..,..,..,..,..,..,..,..
"Patent applications, residents",IP.PAT.RESD,Trinidad and Tobago,TTO,..,..,..,..,..,..,..,..,..,..,..,..,..,..,..,..,..,..,..,..,7,..,10,..,..,..,..,..,..,..,..,..,13,29,13,24,9,17,..,..,..,..,2,..,3,1,..,2,1,..,..,..,2,..,4,3,3,..,4,1,1,2,..,..,..
"Patent applications, residents",IP.PAT.RESD,Tunisia,TUN,..,..,..,..,..,..,..,..,..,..,..,..,..,..,..,..,..,..,..,..,27,28,..,19,12,14,28,26,20,26,27,26,22,42,39,31,45,41,38,67,47,22,45,35,46,56,77,76,76,105,113,137,150,112,142,180,235,172,180,..,..,..,..,..,..
"Patent applications, residents",IP.PAT.RESD,Turkiye,TUR,..,..,..,..,..,..,..,..,..,..,..,..,..,..,..,..,..,..,..,..,134,157,126,..,153,132,174,138,153,162,138,148,189,169,151,170,189,203,207,276,277,337,414,489,682,928,1072,1810,2221,2555,3180,3885,4434,4392,4766,5352,6230,8175,7156,7871,7920,8234,..,..,..
"Patent applications, residents",IP.PAT.RESD,Turkmenistan,TKM,..,..,..,..,..,..,..,..,..,..,..,..,..,..,..,..,..,..,..,..,..,..,..,..,..,..,..,..,..,..,..,..,..,..,..,..,66,52,41,44,..,..,..,..,..,..,..,..,..,..,..,..,..,..,..,..,..,..,..,..,..,..,..,..,..
"Patent applications, residents",IP.PAT.RESD,Turks and Caicos Islands,TCA,..,..,..,..,..,..,..,..,..,..,..,..,..,..,..,..,..,..,..,..,..,..,..,..,..,..,..,..,..,..,..,..,..,..,..,..,..,..,..,..,..,..,..,..,..,..,..,..,..,..,..,..,..,..,..,..,..,..,..,..,..,..,..,..,..
"Patent applications, residents",IP.PAT.RESD,Tuvalu,TUV,..,..,..,..,..,..,..,..,..,..,..,..,..,..,..,..,..,..,..,..,..,..,..,..,..,..,..,..,..,..,..,..,..,..,..,..,..,..,..,..,..,..,..,..,..,..,..,..,..,..,..,..,..,..,..,..,..,..,..,..,..,..,..,..,..
"Patent applications, residents",IP.PAT.RESD,Uganda,UGA,..,..,..,..,..,..,..,..,..,..,..,..,..,..,..,..,..,..,..,..,..,..,..,..,..,..,..,..,..,..,..,..,..,..,..,..,..,..,..,..,..,..,..,5,12,3,11,6,..,..,..,..,..,10,5,9,16,25,6,14,13,14,..,..,..
"Patent applications, residents",IP.PAT.RESD,Ukraine,UKR,..,..,..,..,..,..,..,..,..,..,..,..,..,..,..,..,..,..,..,..,..,..,..,..,..,..,..,..,..,..,..,..,309,8687,5355,4804,3636,4688,5319,5401,5620,7208,1601,1635,4090,3538,3474,3440,2825,2434,2556,2649,2491,2856,2457,2271,2233,2283,2107,2097,1361,1302,..,..,..
"Patent applications, residents",IP.PAT.RESD,United Arab Emirates,ARE,..,..,..,..,..,..,..,..,..,..,..,..,..,..,..,..,..,..,..,..,..,..,..,..,..,..,..,..,..,..,..,..,..,..,..,..,..,..,..,..,..,..,..,..,..,..,..,..,..,..,25,33,23,21,29,35,57,63,57,55,39,69,..,..,..
"Patent applications, residents",IP.PAT.RESD,United Kingdom,GBR,..,..,..,..,..,..,..,..,..,..,..,..,..,..,..,..,..,..,..,..,19612,20808,20530,19893,19093,19672,20040,19945,20536,19732,19310,19230,18848,18727,18384,18630,18184,17938,19530,21333,22050,21423,20624,20426,19178,17833,17484,17375,16523,15985,15490,15343,15370,14972,15196,14867,13876,13301,12865,12061,11990,11592,..,..,..
"Patent applications, residents",IP.PAT.RESD,United States,USA,..,..,..,..,..,..,..,..,..,..,..,..,..,..,..,..,..,..,..,..,62098,62404,63316,59391,61841,63673,65195,68315,75192,82370,90643,87955,92425,99955,107233,123962,106892,119214,134733,149251,164795,177513,184245,188941,189536,207867,221784,241347,231588,224912,241977,247750,268782,287831,285096,288335,295327,293904,285095,285113,269586,262244,..,..,..
"Patent applications, residents",IP.PAT.RESD,Uruguay,URY,..,..,..,..,..,..,..,..,..,..,..,..,..,..,..,..,..,..,..,..,70,71,49,40,43,63,39,34,28,23,..,34,39,29,18,35,25,32,27,27,44,52,30,45,37,24,31,35,33,30,23,20,22,..,37,26,..,23,..,..,..,..,..,..,..
"Patent applications, residents",IP.PAT.RESD,Uzbekistan,UZB,..,..,..,..,..,..,..,..,..,..,..,..,..,..,..,..,..,..,..,..,..,..,..,..,..,..,..,..,..,..,..,..,..,2136,1061,1039,914,815,721,767,755,803,715,931,273,264,323,324,262,238,370,282,257,299,345,288,353,357,470,374,356,413,..,..,..
"Patent applications, residents",IP.PAT.RESD,Vanuatu,VUT,..,..,..,..,..,..,..,..,..,..,..,..,..,..,..,..,..,..,..,..,..,..,..,..,..,..,..,..,..,..,..,..,..,..,..,..,..,..,..,..,..,..,..,..,..,..,..,..,..,..,..,..,..,..,..,..,..,..,..,..,..,..,..,..,..
"Patent applications, residents",IP.PAT.RESD,"Venezuela, RB",VEN,..,..,..,..,..,..,..,..,..,..,..,..,..,..,..,..,..,..,..,..,236,176,174,625,875,227,282,312,..,183,262,233,202,186,224,..,182,201,..,..,56,..,67,85,84,121,101,63,51,60,70,61,65,74,55,47,35,96,..,..,..,..,..,..,..
"Patent applications, residents",IP.PAT.RESD,Viet Nam,VNM,..,..,..,..,..,..,..,..,..,..,..,..,..,..,..,..,..,..,..,..,..,..,..,..,52,..,7,..,20,46,58,37,34,32,22,23,37,30,25,35,34,52,69,78,103,180,196,219,204,258,306,300,382,443,487,582,560,592,646,720,1021,1066,..,..,..
"Patent applications, residents",IP.PAT.RESD,Virgin Islands (U.S.),VIR,..,..,..,..,..,..,..,..,..,..,..,..,..,..,..,..,..,..,..,..,..,..,..,..,..,..,..,..,..,..,..,..,..,..,..,..,..,..,..,..,..,..,..,..,..,..,..,..,..,..,..,..,..,..,..,..,..,..,..,..,..,..,..,..,..
"Patent applications, residents",IP.PAT.RESD,West Bank and Gaza,PSE,..,..,..,..,..,..,..,..,..,..,..,..,..,..,..,..,..,..,..,..,..,..,..,..,..,..,..,..,..,..,..,..,..,..,..,..,..,..,..,..,..,..,..,..,..,..,..,..,..,..,..,..,..,..,..,..,..,..,..,..,..,..,..,..,..
"Patent applications, residents",IP.PAT.RESD,"Yemen, Rep.",YEM,..,..,..,..,..,..,..,..,..,..,..,..,..,..,..,..,..,..,..,..,..,..,..,..,..,..,..,..,..,..,..,..,..,..,..,..,..,..,7,9,7,6,9,16,10,20,14,11,..,..,20,7,36,43,29,5,16,15,..,60,60,20,..,..,..
"Patent applications, residents",IP.PAT.RESD,Zambia,ZMB,..,..,..,..,..,..,..,..,..,..,..,..,..,..,..,..,..,..,..,..,2,1,1,1,..,..,..,..,7,3,7,1,7,4,..,4,6,..,..,5,..,6,3,3,1,5,4,19,26,9,5,3,7,13,14,20,15,12,11,2,17,13,..,..,..
"Patent applications, residents",IP.PAT.RESD,Zimbabwe,ZWE,..,..,..,..,..,..,..,..,..,..,..,..,..,..,..,..,..,..,..,..,39,35,41,40,34,38,47,41,38,39,44,60,42,44,..,55,28,..,..,..,..,..,..,..,..,..,..,..,..,..,..,..,..,..,..,9,8,..,..,..,..,..,..,..,..
"Patent applications, residents",IP.PAT.RESD,Africa Eastern and Southern,AFE,..,..,..,..,..,..,..,..,..,..,..,..,..,..,..,..,..,..,..,..,..,..,..,..,..,..,..,..,..,..,..,..,..,..,..,..,..,..,..,..,..,..,..,..,..,..,..,..,..,..,..,..,..,..,..,..,..,..,..,..,..,..,..,..,..
"Patent applications, residents",IP.PAT.RESD,Africa Western and Central,AFW,..,..,..,..,..,..,..,..,..,..,..,..,..,..,..,..,..,..,..,..,..,..,..,..,..,..,..,..,..,..,..,..,..,..,..,..,..,..,..,..,..,..,..,..,..,..,..,..,..,..,..,..,..,..,..,..,..,..,..,..,..,..,..,..,..
"Patent applications, residents",IP.PAT.RESD,Arab World,ARB,..,..,..,..,..,..,..,..,..,..,..,..,..,..,..,..,..,..,..,..,..,..,..,..,..,..,..,..,..,..,..,..,..,..,..,..,..,..,..,..,..,..,..,..,..,..,..,..,..,..,..,..,..,..,..,..,..,..,..,..,..,..,..,..,..
"Patent applications, residents",IP.PAT.RESD,Caribbean small states,CSS,..,..,..,..,..,..,..,..,..,..,..,..,..,..,..,..,..,..,..,..,..,..,..,..,..,..,..,..,..,..,..,..,..,..,..,..,..,..,..,..,..,..,..,..,..,..,..,..,..,..,..,..,..,..,..,..,..,..,..,..,..,..,..,..,..
"Patent applications, residents",IP.PAT.RESD,Central Europe and the Baltics,CEB,..,..,..,..,..,..,..,..,..,..,..,..,..,..,..,..,..,..,..,..,..,..,..,..,..,..,..,..,..,..,..,..,..,..,..,..,..,..,..,..,..,..,..,..,..,..,..,..,..,..,..,..,..,..,..,..,..,..,..,..,..,..,..,..,..
"Patent applications, residents",IP.PAT.RESD,Early-demographic dividend,EAR,..,..,..,..,..,..,..,..,..,..,..,..,..,..,..,..,..,..,..,..,..,..,..,..,..,..,..,..,..,..,..,..,..,..,..,..,..,..,..,..,..,..,..,..,..,..,..,..,..,..,..,..,..,..,..,..,..,..,..,..,..,..,..,..,..
"Patent applications, residents",IP.PAT.RESD,East Asia & Pacific,EAS,..,..,..,..,..,..,..,..,..,..,..,..,..,..,..,..,..,..,..,..,174842,8816,9335,237536,266660,282371,298506,321054,320456,330514,349337,357989,365512,367734,361691,407756,424249,435329,428311,436757,490611,496382,492283,512027,546382,596811,609378,629917,659377,667812,731535,857546,986823,1146947,1240339,1403980,1638504,1684097,1828229,1679298,1769228,..,..,..,..
"Patent applications, residents",IP.PAT.RESD,East Asia & Pacific (excluding high income),EAP,..,..,..,..,..,..,..,..,..,..,..,..,..,..,..,..,..,..,..,..,..,..,..,..,..,..,..,..,..,..,..,..,..,..,..,..,..,..,..,..,..,..,..,..,..,..,..,..,..,..,..,..,..,..,..,..,..,..,..,..,..,..,..,..,..
"Patent applications, residents",IP.PAT.RESD,East Asia & Pacific (IDA & IBRD countries),TEA,..,..,..,..,..,..,..,..,..,..,..,..,..,..,..,..,..,..,..,..,..,..,..,..,..,..,..,..,..,..,..,..,..,..,..,..,..,..,..,..,..,..,..,..,..,..,..,..,..,..,..,..,..,..,..,..,..,..,..,..,..,..,..,..,..
"Patent applications, residents",IP.PAT.RESD,Euro area,EMU,..,..,..,..,..,..,..,..,..,..,..,..,..,..,..,..,..,..,..,..,..,..,..,..,..,..,..,..,..,..,..,..,..,..,..,..,..,..,..,..,..,..,..,..,..,..,..,..,..,..,..,..,..,..,..,..,..,..,..,..,..,..,..,..,..
"Patent applications, residents",IP.PAT.RESD,Europe & Central Asia,ECS,..,..,..,..,..,..,..,..,..,..,..,..,..,..,..,..,..,..,..,..,99430,93973,95118,97368,97815,98000,96472,97601,100976,96217,90542,112316,161722,166245,153787,142426,163870,161961,171753,191401,204843,200690,190235,196039,199480,200131,205797,219661,224231,217062,227012,222070,223012,225391,221770,218330,224785,222576,223725,221382,215964,..,..,..,..
"Patent applications, residents",IP.PAT.RESD,Europe & Central Asia (excluding high income),ECA,..,..,..,..,..,..,..,..,..,..,..,..,..,..,..,..,..,..,..,..,..,..,..,..,..,..,..,..,..,..,..,..,..,..,..,..,..,..,..,..,..,..,..,..,..,..,..,..,..,..,..,..,..,..,..,..,..,..,..,..,..,..,..,..,..
"Patent applications, residents",IP.PAT.RESD,Europe & Central Asia (IDA & IBRD countries),TEC,..,..,..,..,..,..,..,..,..,..,..,..,..,..,..,..,..,..,..,..,..,..,..,..,..,..,..,..,..,..,..,..,..,..,..,..,..,..,..,..,..,..,..,..,..,..,..,..,..,..,..,..,..,..,..,..,..,..,..,..,..,..,..,..,..
"Patent applications, residents",IP.PAT.RESD,European Union,EUU,..,..,..,..,..,..,..,..,..,..,..,..,..,..,..,..,..,..,..,..,..,..,..,..,..,..,..,..,..,..,..,..,..,..,..,..,..,..,..,..,..,..,..,..,..,..,..,..,..,..,..,..,..,..,..,..,..,..,..,..,..,..,..,..,..
"Patent applications, residents",IP.PAT.RESD,Fragile and conflict affected situations,FCS,..,..,..,..,..,..,..,..,..,..,..,..,..,..,..,..,..,..,..,..,..,..,..,..,..,..,..,..,..,..,..,..,..,..,..,..,..,..,..,..,..,..,..,..,..,..,..,..,..,..,..,..,..,..,..,..,..,..,..,..,..,..,..,..,..
"Patent applications, residents",IP.PAT.RESD,Heavily indebted poor countries (HIPC),HPC,..,..,..,..,..,..,..,..,..,..,..,..,..,..,..,..,..,..,..,..,..,..,..,..,..,..,..,..,..,..,..,..,..,..,..,..,..,..,..,..,..,..,..,..,..,..,..,..,..,..,..,..,..,..,..,..,..,..,..,..,..,..,..,..,..
"Patent applications, residents",IP.PAT.RESD,High income,HIC,..,..,..,..,..,..,..,..,..,..,..,..,..,..,..,..,..,..,..,..,..,..,..,..,..,..,..,..,..,..,..,..,..,..,..,..,..,690700,706700,735400,804200,816900,805800,821000,851300,886700,886500,898400,888200,841600,861700,868300,899800,916300,912900,912900,917400,911300,900300,900200,870300,..,..,..,..
"Patent applications, residents",IP.PAT.RESD,IBRD only,IBD,..,..,..,..,..,..,..,..,..,..,..,..,..,..,..,..,..,..,..,..,..,..,..,..,..,..,..,..,..,..,..,..,..,..,..,..,..,..,..,..,..,..,..,..,..,..,..,..,..,..,..,..,..,..,..,..,..,..,..,..,..,..,..,..,..
"Patent applications, residents",IP.PAT.RESD,IDA & IBRD total,IBT,..,..,..,..,..,..,..,..,..,..,..,..,..,..,..,..,..,..,..,..,..,..,..,..,..,..,..,..,..,..,..,..,..,..,..,..,..,..,..,..,..,..,..,..,..,..,..,..,..,..,..,..,..,..,..,..,..,..,..,..,..,..,..,..,..
"Patent applications, residents",IP.PAT.RESD,IDA blend,IDB,..,..,..,..,..,..,..,..,..,..,..,..,..,..,..,..,..,..,..,..,..,..,..,..,..,..,..,..,..,..,..,..,..,..,..,..,..,..,..,..,..,..,..,..,..,..,..,..,..,..,..,..,..,..,..,..,..,..,..,..,..,..,..,..,..
"Patent applications, residents",IP.PAT.RESD,IDA only,IDX,..,..,..,..,..,..,..,..,..,..,..,..,..,..,..,..,..,..,..,..,..,..,..,..,..,..,..,..,..,..,..,..,..,..,..,..,..,..,..,..,..,..,..,..,..,..,..,..,..,..,..,..,..,..,..,..,..,..,..,..,..,..,..,..,..
"Patent applications, residents",IP.PAT.RESD,IDA total,IDA,..,..,..,..,..,..,..,..,..,..,..,..,..,..,..,..,..,..,..,..,..,..,..,..,..,..,..,..,..,..,..,..,..,..,..,..,..,..,..,..,..,..,..,..,..,..,..,..,..,..,..,..,..,..,..,..,..,..,..,..,..,..,..,..,..
"Patent applications, residents",IP.PAT.RESD,Late-demographic dividend,LTE,..,..,..,..,..,..,..,..,..,..,..,..,..,..,..,..,..,..,..,..,..,..,..,..,..,..,..,..,..,..,..,..,..,..,..,..,..,..,..,..,..,..,..,..,..,..,..,..,..,..,..,..,..,..,..,..,..,..,..,..,..,..,..,..,..
"Patent applications, residents",IP.PAT.RESD,Latin America & Caribbean,LCN,..,..,..,..,..,..,..,..,..,..,..,..,..,..,..,..,..,..,..,..,4939,4517,4378,5389,5368,3223,3132,3808,3331,3586,4580,4504,3870,4526,4321,4405,4806,4729,4271,4719,5272,5155,5387,5786,6117,6517,6364,6606,6676,6468,6390,7230,7634,7662,7455,7561,8674,8651,8183,8364,8385,..,..,..,..
"Patent applications, residents",IP.PAT.RESD,Latin America & Caribbean (excluding high income),LAC,..,..,..,..,..,..,..,..,..,..,..,..,..,..,..,..,..,..,..,..,..,..,..,..,..,..,..,..,..,..,..,..,..,..,..,..,..,..,..,..,..,..,..,..,..,..,..,..,..,..,..,..,..,..,..,..,..,..,..,..,..,..,..,..,..
"Patent applications, residents",IP.PAT.RESD,Latin America & the Caribbean (IDA & IBRD countries),TLA,..,..,..,..,..,..,..,..,..,..,..,..,..,..,..,..,..,..,..,..,..,..,..,..,..,..,..,..,..,..,..,..,..,..,..,..,..,..,..,..,..,..,..,..,..,..,..,..,..,..,..,..,..,..,..,..,..,..,..,..,..,..,..,..,..
"Patent applications, residents",IP.PAT.RESD,Least developed countries: UN classification,LDC,..,..,..,..,..,..,..,..,..,..,..,..,..,..,..,..,..,..,..,..,..,..,..,..,..,..,..,..,..,..,..,..,..,..,..,..,..,..,..,..,..,..,..,..,..,..,..,..,..,..,..,..,..,..,..,..,..,..,..,..,..,..,..,..,..
"Patent applications, residents",IP.PAT.RESD,Low & middle income,LMY,..,..,..,..,..,..,..,..,..,..,..,..,..,..,..,..,..,..,..,..,..,..,..,..,..,..,..,..,..,..,..,..,..,..,..,..,..,..,..,..,..,..,..,..,..,..,..,..,..,..,..,..,..,..,..,..,..,..,..,..,..,..,..,..,..
"Patent applications, residents",IP.PAT.RESD,Low income,LIC,..,..,..,..,..,..,..,..,..,..,..,..,..,..,..,..,..,..,..,..,..,..,..,..,..,..,..,..,..,..,..,..,..,..,..,..,..,200,200,200,400,300,300,400,400,6100,6600,7300,8200,8700,8700,8500,9000,700,600,700,600,600,800,600,600,..,..,..,..
"Patent applications, residents",IP.PAT.RESD,Lower middle income,LMC,..,..,..,..,..,..,..,..,..,..,..,..,..,..,..,..,..,..,..,..,..,..,..,..,..,..,..,..,..,..,..,..,..,..,..,..,..,9100,10000,10000,10200,12200,6800,7800,10200,10700,11600,12300,11800,11900,25700,26200,26100,28700,32400,32800,35100,38800,36300,41100,42400,..,..,..,..
"Patent applications, residents",IP.PAT.RESD,"Middle East, North Africa, Afghanistan & Pakistan",MEA,..,..,..,..,..,..,..,..,..,..,..,..,..,..,..,..,..,..,..,..,1007,1190,1077,1090,1180,1486,1222,1575,1735,1734,1634,1802,2184,2306,2251,2350,2414,1995,3075,3265,3174,2824,3158,3508,4936,6735,7992,13340,17775,14403,13945,14379,13483,14674,17323,4204,19220,20397,17542,17129,17557,..,..,..,..
"Patent applications, residents",IP.PAT.RESD,"Middle East, North Africa, Afghanistan & Pakistan (excluding high income)",MNA,..,..,..,..,..,..,..,..,..,..,..,..,..,..,..,..,..,..,..,..,..,..,..,..,..,..,..,..,..,..,..,..,..,..,..,..,..,..,..,..,..,..,..,..,..,..,..,..,..,..,..,..,..,..,..,..,..,..,..,..,..,..,..,..,..
"Patent applications, residents",IP.PAT.RESD,"Middle East, North Africa, Afghanistan & Pakistan (IDA & IBRD)",TMN,..,..,..,..,..,..,..,..,..,..,..,..,..,..,..,..,..,..,..,..,..,..,..,..,..,..,..,..,..,..,..,..,..,..,..,..,..,..,..,..,..,..,..,..,..,..,..,..,..,..,..,..,..,..,..,..,..,..,..,..,..,..,..,..,..
"Patent applications, residents",IP.PAT.RESD,Middle income,MIC,..,..,..,..,..,..,..,..,..,..,..,..,..,..,..,..,..,..,..,..,..,..,..,..,..,..,..,..,..,..,..,..,..,..,..,..,..,..,..,..,..,..,..,..,..,..,..,..,..,..,..,..,..,..,..,..,..,..,..,..,..,..,..,..,..
"Patent applications, residents",IP.PAT.RESD,North America,NAC,..,..,..,..,..,..,..,..,..,..,..,..,..,..,..,..,..,..,..,..,63746,64568,65316,61408,63867,65765,67356,70842,77964,85401,93192,90137,95232,103578,109713,126393,109475,122558,138542,153312,168982,181476,188204,192870,194767,213050,227306,246345,236649,229979,246527,252504,273491,292398,289294,292612,299405,297957,289444,289351,274038,..,..,..,..
"Patent applications, residents",IP.PAT.RESD,Not classified,INX,..,..,..,..,..,..,..,..,..,..,..,..,..,..,..,..,..,..,..,..,..,..,..,..,..,..,..,..,..,..,..,..,..,..,..,..,..,..,..,..,..,..,..,..,..,..,..,..,..,..,..,..,..,..,..,..,..,..,..,..,..,..,..,..,..
"Patent applications, residents",IP.PAT.RESD,OECD members,OED,..,..,..,..,..,..,..,..,..,..,..,..,..,..,..,..,..,..,..,..,..,..,..,..,..,..,..,..,..,..,..,..,..,..,..,..,..,..,..,..,..,..,..,..,..,..,..,..,..,..,..,..,..,..,..,..,..,..,..,..,..,..,..,..,..
"Patent applications, residents",IP.PAT.RESD,Other small states,OSS,..,..,..,..,..,..,..,..,..,..,..,..,..,..,..,..,..,..,..,..,..,..,..,..,..,..,..,..,..,..,..,..,..,..,..,..,..,..,..,..,..,..,..,..,..,..,..,..,..,..,..,..,..,..,..,..,..,..,..,..,..,..,..,..,..
"Patent applications, residents",IP.PAT.RESD,Pacific island small states,PSS,..,..,..,..,..,..,..,..,..,..,..,..,..,..,..,..,..,..,..,..,..,..,..,..,..,..,..,..,..,..,..,..,..,..,..,..,..,..,..,..,..,..,..,..,..,..,..,..,..,..,..,..,..,..,..,..,..,..,..,..,..,..,..,..,..
"Patent applications, residents",IP.PAT.RESD,Post-demographic dividend,PST,..,..,..,..,..,..,..,..,..,..,..,..,..,..,..,..,..,..,..,..,..,..,..,..,..,..,..,..,..,..,..,..,..,..,..,..,..,..,..,..,..,..,..,..,..,..,..,..,..,..,..,..,..,..,..,..,..,..,..,..,..,..,..,..,..
"Patent applications, residents",IP.PAT.RESD,Pre-demographic dividend,PRE,..,..,..,..,..,..,..,..,..,..,..,..,..,..,..,..,..,..,..,..,..,..,..,..,..,..,..,..,..,..,..,..,..,..,..,..,..,..,..,..,..,..,..,..,..,..,..,..,..,..,..,..,..,..,..,..,..,..,..,..,..,..,..,..,..
"Patent applications, residents",IP.PAT.RESD,Small states,SST,..,..,..,..,..,..,..,..,..,..,..,..,..,..,..,..,..,..,..,..,..,..,..,..,..,..,..,..,..,..,..,..,..,..,..,..,..,..,..,..,..,..,..,..,..,..,..,..,..,..,..,..,..,..,..,..,..,..,..,..,..,..,..,..,..
"Patent applications, residents",IP.PAT.RESD,South Asia,SAS,..,..,..,..,..,..,..,..,..,..,..,..,..,..,..,..,..,..,..,..,1291,1112,1180,56,1081,1050,1041,1052,1083,1108,1225,1358,1374,1319,1698,1715,1749,2080,2378,2418,2393,2616,2914,3635,4255,5063,5952,6585,6856,7519,9258,9172,9723,11229,12240,13059,13775,15512,17008,20192,23872,..,..,..,..
"Patent applications, residents",IP.PAT.RESD,South Asia (IDA & IBRD),TSA,..,..,..,..,..,..,..,..,..,..,..,..,..,..,..,..,..,..,..,..,..,..,..,..,..,..,..,..,..,..,..,..,..,..,..,..,..,..,..,..,..,..,..,..,..,..,..,..,..,..,..,..,..,..,..,..,..,..,..,..,..,..,..,..,..
"Patent applications, residents",IP.PAT.RESD,Sub-Saharan Africa,SSF,..,..,..,..,..,..,..,..,..,..,..,..,..,..,..,..,..,..,..,..,3141,3393,3071,4307,3930,4122,4782,4993,4937,5178,1175,1136,966,1032,992,1005,908,428,277,221,948,996,1060,1036,1092,1124,935,1023,1318,1219,1181,1200,979,1229,1125,1515,1485,1488,1970,1745,1834,..,..,..,..
"Patent applications, residents",IP.PAT.RESD,Sub-Saharan Africa (excluding high income),SSA,..,..,..,..,..,..,..,..,..,..,..,..,..,..,..,..,..,..,..,..,..,..,..,..,..,..,..,..,..,..,..,..,..,..,..,..,..,..,..,..,..,..,..,..,..,..,..,..,..,..,..,..,..,..,..,..,..,..,..,..,..,..,..,..,..
"Patent applications, residents",IP.PAT.RESD,Sub-Saharan Africa (IDA & IBRD countries),TSS,..,..,..,..,..,..,..,..,..,..,..,..,..,..,..,..,..,..,..,..,..,..,..,..,..,..,..,..,..,..,..,..,..,..,..,..,..,..,..,..,..,..,..,..,..,..,..,..,..,..,..,..,..,..,..,..,..,..,..,..,..,..,..,..,..
"Patent applications, residents",IP.PAT.RESD,Upper middle income,UMC,..,..,..,..,..,..,..,..,..,..,..,..,..,..,..,..,..,..,..,..,..,..,..,..,..,..,..,..,..,..,..,..,..,..,..,..,..,37000,39600,45700,60000,66900,76000,95600,104800,135300,170400,207000,253900,284200,340900,462100,584600,754800,845100,1018100,1253900,1292700,1441100,1289800,1391200,..,..,..,..
"Patent applications, residents",IP.PAT.RESD,World,WLD,..,..,..,..,..,..,..,..,..,..,..,..,..,..,..,..,..,..,..,..,..,..,..,..,..,651100,675000,712400,714900,705400,687700,601000,635700,649200,637000,702900,707700,737100,756400,791400,874800,896400,888900,924800,966600,1038800,1075200,1125000,1162200,1146400,1236900,1365200,1519700,1708700,1799200,1972500,2215100,2251400,2386300,2239200,2311500,2385200,..,..,..
"Population, total",SP.POP.TOTL,Afghanistan,AFG,9035043,9214083,9404406,9604487,9814318,10036008,10266395,10505959,10756922,11017409,11290128,11567667,11853696,12157999,12469127,12773954,13059851,13340756,13611441,13655567,13169311,11937581,10991378,10917982,11190221,11426852,11420074,11387818,11523298,11874088,12045660,12238879,13278974,14943172,16250794,17065836,17763266,18452091,19159996,19887785,20130327,20284307,21378117,22733049,23560654,24404567,25424094,25909852,26482622,27466101,28284089,29347708,30560034,31622704,32792523,33831764,34700612,35688935,36743039,37856121,39068979,40000412,40578842,41454761,42647492
"Population, total",SP.POP.TOTL,Albania,ALB,1608800,1659800,1711319,1762621,1814135,1864791,1914573,1965598,2022272,2081695,2135479,2187853,2243126,2296752,2350124,2404831,2458526,2513546,2566266,2617832,2671997,2726056,2784278,2843960,2904429,2964762,3022635,3083605,3142336,3227943,3286542,3266790,3247039,3227287,3207536,3187784,3168033,3148281,3128530,3108778,3089027,3060173,3051010,3039616,3026939,3011487,2992547,2970017,2947314,2927519,2913021,2905195,2900401,2895092,2889104,2880703,2876101,2873457,2866376,2854191,2837849,2811666,2777689,2745972,2714617
"Population, total",SP.POP.TOTL,Algeria,DZA,11424922,11628883,11800771,11982118,12179813,12365976,12590069,12876118,13172614,13475960,13783719,14098936,14427072,14771147,15133502,15678596,16409170,17015994,17506974,18036655,18607174,19220704,19872348,20558115,21271969,22008544,22745499,23443624,24109536,24754485,25375810,25987928,26628568,27277048,27887279,28470191,29033044,29579301,30054133,30474354,30903893,31331221,31750835,32175818,32628286,33109249,33623506,34189416,34816961,35490445,36188236,36903376,37646166,38414171,39205031,40019529,40850721,41689299,42505035,43294546,44042091,44761099,45477389,46164219,46814308
"Population, total",SP.POP.TOTL,American Samoa,ASM,20133,20666,21298,21966,22673,23406,24136,24863,25614,26375,27026,27533,27995,28436,28875,29390,29959,30521,31076,31611,32403,33584,34909,36271,37667,39103,40571,42072,43615,45191,46640,47882,49038,50159,51251,52316,53353,54362,55334,56248,56855,57053,57062,56971,56818,56617,56374,56113,55828,55528,55228,54895,54489,54006,53466,52878,52245,51586,50908,50209,49761,49225,48342,47521,46765
"Population, total",SP.POP.TOTL,Andorra,AND,9510,10283,11086,11915,12764,13634,14626,15837,17176,18555,19977,21442,22957,24523,26130,27773,29436,31097,32735,34306,35782,37169,38764,40565,42273,43825,45734,47653,49416,50620,52597,56667,60200,63272,64612,63912,63984,64700,65382,65710,65685,65852,66506,69486,74325,77421,79585,81877,83495,83888,80706,77783,76834,75194,73737,72174,72181,73763,75162,76474,77380,78364,79705,80856,81938
"Population, total",SP.POP.TOTL,Angola,AGO,5231654,5301583,5354310,5408320,5464187,5521981,5581386,5641807,5702699,5763685,5852788,5991102,6174262,6388528,6613367,6842947,7074664,7317829,7576734,7847207,8133872,8435607,8751648,9082983,9425917,9779120,10139450,10497858,10861291,11238562,11626360,12023529,12423712,12827135,13249764,13699778,14170973,14660413,15159370,15667235,16194869,16747208,17327699,17943712,18600423,19291161,20015279,20778561,21578655,22414773,23294825,24218352,25177394,26165620,27160769,28157798,29183070,30234839,31297155,32375632,33451132,34532429,35635029,36749906,37885849
"Population, total",SP.POP.TOTL,Antigua and Barbuda,ATG,55603,56540,57336,58138,59020,59970,60900,61837,62809,63819,64528,64729,64615,64342,64058,63839,63762,63862,64038,64274,64513,64665,64785,64934,64882,64591,64276,63946,63623,63325,63066,63387,64404,65587,66843,68189,69612,71053,72412,73666,74912,76069,77032,77884,78719,79611,80604,81704,82912,84173,85320,86332,87260,88064,88765,89409,89969,90468,90926,91364,91846,92349,92840,93316,93772
"Population, total",SP.POP.TOTL,Argentina,ARG,20386045,20726276,21072538,21421705,21769453,22112629,22453893,22799059,23150583,23508711,23878327,24257208,24644328,25046005,25461351,25874107,26282283,26701805,27132158,27568895,28011596,28463959,28924262,29391332,29863093,30336441,30811980,31291762,31780532,32270948,32755901,33230294,33693527,34152717,34613491,35070020,35513793,35947791,36372860,36794682,37213984,37624825,38029349,38424282,38815916,39216789,39622115,40016763,40424148,40854831,41288694,41730660,42161721,42582455,43024071,43477012,43900313,44288894,44654882,44973465,45191965,45312281,45407904,45538401,45696159
"Population, total",SP.POP.TOTL,Armenia,ARM,1863705,1927484,1991689,2056023,2120135,2183635,2246159,2307492,2367319,2424030,2475633,2525345,2577079,2630860,2686445,2743660,2818165,2912827,3012807,3078501,3107415,3135349,3163144,3191539,3224547,3260432,3294847,3328520,3355125,3443100,3552128,3613977,3571861,3453332,3364610,3307581,3278735,3246289,3208401,3167286,3221100,3211800,3199800,3182500,3164900,3146400,3127100,3107400,3087100,3066000,3044800,3027900,3024100,3022000,3013800,3004600,2992300,2979400,2969000,2962500,2961500,2962300,2969200,2964300,3033500
"Population, total",SP.POP.TOTL,Aruba,ABW,54922,55578,56320,57002,57619,58190,58694,58990,59069,59052,58950,58781,58047,58299,58349,58295,58368,58580,58776,59191,59909,60563,61276,62228,62901,61728,59931,59159,59331,60443,62753,65896,69005,73685,77595,79805,83021,86301,88451,89659,90588,91439,92074,93128,95138,97635,99405,100150,100917,101604,101838,102591,104110,105675,106807,107906,108727,108735,108908,109203,108587,107700,107310,107359,107624
"Population, total",SP.POP.TOTL,Australia,AUS,10276477,10483000,10742000,10950000,11167000,11388000,11651000,11799000,12009000,12263000,12507000,12937000,13177000,13380000,13723000,13893000,14033000,14192000,14358000,14514000,14692000,14923260,15184247,15393472,15579391,15788312,16018350,16263874,16532164,16814416,17065128,17284036,17478635,17634808,17805468,18004882,18224767,18423037,18607584,18812264,19028802,19274701,19495210,19720737,19932722,20176844,20450966,20827622,21249199,21691653,22031750,22340024,22733465,23128129,23475686,23815995,24190907,24592588,24963258,25334826,25649248,25685412,26014399,26652777,27204809
"Population, total",SP.POP.TOTL,Austria,AUT,7047539,7086299,7129864,7175811,7223801,7270889,7322066,7376998,7415403,7441055,7467086,7500482,7544201,7586115,7599038,7578903,7565525,7568430,7562305,7549425,7549433,7568710,7574140,7561910,7561434,7564985,7569794,7574586,7585317,7619567,7677850,7754891,7840709,7905633,7936118,7948278,7959017,7968041,7976789,7992324,8011566,8042293,8081957,8121423,8171966,8227829,8268641,8295487,8321496,8343323,8363404,8391643,8429991,8479823,8546356,8642699,8736668,8797566,8840521,8879920,8916864,8955797,9041851,9131761,9178482
"Population, total",SP.POP.TOTL,Azerbaijan,AZE,3894500,4045750,4168150,4293550,4439250,4574650,4708150,4832000,4948500,5063300,5172050,5282950,5391450,5493900,5594100,5689050,5781000,5876150,5976150,6071300,6160500,6257750,6357550,6459800,6567850,6670150,6770300,6875350,6974600,7076550,7175200,7271300,7382050,7494800,7596550,7684850,7763000,7838250,7913000,7982750,8048600,8111200,8171950,8234100,8306500,8391850,8484550,8581300,8763400,8947243,9054332,9173082,9295784,9416801,9535079,9649341,9757812,9854033,9939771,10024283,10093121,10137750,10141756,10153958,10202850
"Population, total",SP.POP.TOTL,"Bahamas, The",BHS,116317,122197,128493,135087,141528,147952,154874,162267,170089,177981,184982,190857,196055,200791,205342,209886,214501,219157,223761,228230,232526,236614,240614,244698,248863,253154,257536,261935,266448,271178,275945,280731,285927,291339,296509,301461,306268,310904,315368,319614,323835,327836,331614,335618,339782,343894,348375,353334,358120,362810,367478,371729,375469,378953,382298,385346,388055,390485,392717,394675,395863,396373,397538,399440,401283
"Population, total",SP.POP.TOTL,Bahrain,BHR,165477,172346,179349,186501,193816,200866,207543,214189,219337,222469,224809,230733,242113,255320,269038,283243,297863,312823,328046,343457,358978,373524,386983,400707,415154,430358,446286,462854,479929,497327,514797,503052,516458,530225,544366,558879,573792,589115,604842,620989,637582,661316,710553,764517,823741,888822,960424,1039295,1103496,1178415,1228543,1195020,1208964,1253191,1314562,1370322,1423726,1501116,1503091,1483756,1472204,1504365,1524693,1577059,1588670
"Population, total",SP.POP.TOTL,Bangladesh,BGD,51828660,53310348,54881146,56504402,58178374,59902519,61669806,63510929,65408276,67294133,69058894,70276758,71641519,73722294,75839348,77854351,79855318,81867264,83889655,85935072,88016432,90303105,92814507,95335155,97814966,100253825,102635572,104959291,107216008,109433799,111633717,113787109,115952192,118132360,120343179,122600370,124862179,127198069,129622332,132108065,134544304,136805810,138933658,140970351,142902856,144715786,146405973,147989278,149474264,150873714,152201981,153591076,155070101,156532141,157964929,159383179,160811932,162186147,163523103,164913055,166298024,167658854,169384897,171466990,173562364
"Population, total",SP.POP.TOTL,Barbados,BRB,230893,233148,235224,237557,239958,242417,244996,247091,248540,249444,249387,249168,249658,250322,250777,251175,251442,251626,251551,251269,251524,252270,253095,253992,254920,255820,256618,257279,257763,258109,258582,259373,260267,261027,261620,262039,262284,262392,262436,262517,262063,262425,264148,265776,267298,268706,270002,271288,272714,274123,275243,276139,276938,277665,278348,278990,279598,280171,280711,281207,281698,282147,282318,282336,282467
"Population, total",SP.POP.TOTL,Belarus,BLR,8198000,8271216,8351928,8437232,8524224,8610000,8696496,8785648,8874552,8960304,9040000,9115576,9188968,9257272,9317584,9367000,9411000,9463000,9525000,9584000,9643000,9710000,9776000,9843000,9910000,9975000,10043000,10111000,10140000,10170000,10189348,10194050,10216470,10239050,10226955,10193831,10159569,10117433,10071963,10026738,9979610,9928549,9865548,9796749,9730146,9663915,9604924,9560953,9527985,9504583,9483836,9461643,9446836,9443211,9448515,9461076,9469379,9458989,9438785,9419758,9379952,9302585,9228071,9178298,9133712
"Population, total",SP.POP.TOTL,Belgium,BEL,9153489,9183948,9220578,9289770,9378113,9463667,9527807,9580991,9618756,9646032,9655549,9673162,9711115,9741720,9772419,9800700,9818227,9830358,9839534,9848382,9859242,9858982,9856303,9855520,9855372,9858308,9861823,9870234,9901664,9937697,9967379,10004486,10045158,10084475,10115603,10136811,10156637,10181245,10203008,10226419,10251250,10286570,10332785,10376133,10421137,10478617,10547958,10625700,10709973,10796493,10895586,11038264,11106932,11159407,11209057,11274196,11331422,11375158,11427054,11488980,11538604,11586195,11680210,11787423,11876844
"Population, total",SP.POP.TOTL,Belize,BLZ,91318,93632,96042,98704,101603,104675,107906,111272,114713,118040,120736,122805,124676,126445,128185,130387,133099,135887,138713,141678,145062,148786,152548,156297,160044,163796,167554,171338,175180,179107,183076,187040,190983,194902,199097,204146,210310,217446,225173,233059,240799,248379,256009,263780,271688,279731,287878,296100,304361,312614,320245,327298,334414,341627,348923,356333,364705,373202,380226,385829,390812,395346,402733,411106,417072
"Population, total",SP.POP.TOTL,Benin,BEN,2517286,2559223,2604659,2652908,2704003,2757936,2814317,2872997,2934257,2998222,3065057,3134767,3207543,3283496,3362633,3445407,3532196,3623202,3718305,3818528,3925251,4038307,4156596,4278978,4405895,4538012,4675420,4818486,4967341,5121657,5281479,5446932,5617844,5872706,6096506,6226773,6391858,6583365,6789489,7002818,7221619,7445596,7675426,7913070,8159094,8426144,8693242,8953969,9228466,9509423,9797484,10093623,10397657,10708834,11030004,11360681,11697842,12039780,12383347,12726755,13070169,13413417,13759501,14111034,14462724
"Population, total",SP.POP.TOTL,Bermuda,BMU,42208,43123,44239,45340,46410,47461,48534,49514,50404,51306,52124,52607,52803,52946,53056,53129,53210,53322,53431,53517,53673,53997,54387,54777,55169,55547,55889,56265,56699,57129,57559,57984,58407,58816,59194,59526,59813,60177,60639,61124,61550,61867,62142,62386,62555,62711,62834,63010,63300,63565,63725,63733,63646,63574,63529,63464,63449,63578,63831,64107,64382,64648,64749,64698,64636
"Population, total",SP.POP.TOTL,Bhutan,BTN,224084,230602,237636,245156,252987,261200,269820,278852,288311,298214,308528,319211,330264,341705,353538,365791,378490,391639,405243,419200,433404,447836,462485,477460,492784,508392,524324,540557,556986,573586,589287,599784,577774,554673,554497,547989,548784,558697,569435,582579,596863,610794,624409,637663,650544,661865,670799,678641,686351,693988,701632,709377,717279,725273,733139,740618,747866,754335,759759,764824,770006,775442,780914,786385,791524
"Population, total",SP.POP.TOTL,Bolivia,BOL,3702323,3778731,3857493,3938913,4022996,4109796,4199550,4292572,4388944,4488232,4590010,4694342,4800978,4910200,5022475,5137539,5256496,5379166,5504123,5630849,5758900,5888109,6018088,6149060,6281868,6416185,6552479,6692162,6835508,6981766,7130142,7280289,7430336,7579195,7727322,7874676,8021736,8167900,8313394,8459806,8606326,8752736,8900355,9050700,9204287,9360754,9521689,9685960,9850858,10016275,10182345,10348929,10515807,10682608,10848888,11014705,11180020,11344587,11508368,11671386,11816299,11937360,12077154,12244159,12413315
"Population, total",SP.POP.TOTL,Bosnia and Herzegovina,BIH,3281381,3348035,3407532,3461942,3513441,3562834,3610562,3656223,3698794,3737765,3773247,3809376,3848271,3887376,3926472,3965743,4004552,4042124,4078240,4113300,4148426,4184217,4221100,4258728,4295536,4330364,4362115,4390246,4414404,4433983,4448652,4458343,4234616,3904482,3725412,3715564,3875246,4018227,4089356,4130305,4159771,4179438,4188002,4178523,4140987,4096493,4063272,4013424,3947544,3879794,3811472,3741798,3670113,3610859,3564829,3518541,3473003,3428682,3387000,3345533,3299349,3244907,3204802,3185073,3164253
"Population, total",SP.POP.TOTL,Botswana,BWA,516165,527942,540186,552966,566266,574664,577866,580933,583966,587066,590334,600481,622407,652408,685448,720380,758508,799574,849239,901742,937485,969996,1009269,1046137,1083660,1121945,1160650,1199167,1235476,1270274,1305696,1341756,1380033,1420115,1460023,1498836,1535914,1571691,1606899,1641997,1677382,1712254,1744763,1775736,1807146,1839877,1874516,1911201,1949970,1990673,2033111,2073535,2108617,2140682,2172044,2203273,2234776,2266747,2299141,2332083,2365894,2401441,2439892,2480244,2521139
"Population, total",SP.POP.TOTL,Brazil,BRA,72388126,74605447,76865323,79164235,81488595,83817583,86139359,88446124,90741240,93045777,95375651,97739273,100146797,102600976,105089675,107619565,110213349,112875292,115600942,118380821,121207461,124063109,126923155,129790077,132658864,135515595,138336370,141104944,143826357,146502972,149143223,151724256,154275079,156794577,159265006,161735073,164202549,166661659,169159655,171641543,174018282,176301203,178503484,180622688,182675143,184688101,186653106,188552320,190367302,192079951,193701929,195284734,196876111,198478299,200085127,201675532,203218114,204703445,206107261,207455459,208660842,209550294,210306415,211140729,211998573
"Population, total",SP.POP.TOTL,British Virgin Islands,VGB,7950,8034,8070,8114,8168,8257,8413,8646,9000,9533,9933,10095,10235,10367,10494,10606,10709,10800,10886,10965,11130,11479,11921,12370,12820,13269,13726,14194,14680,15180,15704,16187,16593,16989,17406,17840,18287,18756,19238,19730,20241,20796,21430,22134,22881,23665,24493,25366,26288,27218,27675,28710,30345,31703,32962,34498,33878,32699,34657,36395,37135,37809,38319,38985,39471
"Population, total",SP.POP.TOTL,Brunei Darussalam,BRN,88347,92517,96719,101159,105922,110838,115874,121017,126222,131446,135138,137921,142189,147369,152656,158070,163607,169277,174884,180422,186111,191977,198165,204741,211661,218919,226495,233860,240913,248064,255292,262596,269839,276971,284091,291195,298276,305341,312385,319411,326424,333345,340099,346637,352911,358916,364663,370873,377793,384952,392332,399389,405557,411202,416750,422212,427564,432772,437810,442680,447404,451721,455370,458949,462721
"Population, total",SP.POP.TOTL,Bulgaria,BGR,7867374,7943118,8012946,8078145,8144340,8204168,8258057,8310226,8369603,8434172,8489574,8536395,8576200,8620967,8678745,8720742,8758599,8804183,8814032,8825940,8861535,8891117,8917457,8939738,8960679,8960547,8958171,8971359,8981446,8876972,8718289,8632367,8540164,8472313,8443591,8406067,8362826,8312068,8256786,8210624,8170172,8009142,7837161,7775327,7716860,7658972,7601022,7545338,7492561,7444443,7395599,7348328,7305888,7160005,7073572,6984225,6894139,6803468,6710798,6616726,6550696,6507301,6465097,6446596,6444366
"Population, total",SP.POP.TOTL,Burkina Faso,BFA,4778621,4848224,4919672,4993623,5071034,5152833,5237933,5326348,5418644,5513177,5610304,5707999,5807234,5911927,6024904,6147569,6280635,6428734,6590984,6763903,6947900,7140271,7340197,7551129,7772256,7999935,8228847,8457109,8687435,8921175,9159356,9394632,9629275,9871713,10123798,10386722,10655942,10934223,11240664,11574928,11925546,12295001,12680897,13082532,13500533,13932123,14373707,14816307,15258093,15710066,16176498,16661908,17172287,17695409,18229461,18777487,19334856,19894407,20438288,20961952,21478690,21995243,22509038,23025776,23548781
"Population, total",SP.POP.TOTL,Burundi,BDI,2764258,2835119,2907943,2969841,3055650,3141367,3217960,3300690,3380387,3454590,3530432,3617289,3617128,3611991,3703590,3796612,3882626,3983582,4100338,4203530,4383706,4566014,4681390,4808528,4926465,5034042,5129414,5247787,5365327,5471706,5587052,5703857,5858407,5676843,5713854,6066316,6070506,6070042,6187108,6337155,6470194,6634365,6824132,7043154,7310656,7587299,7865547,8161874,8505637,8947646,9376444,9717978,10071028,10439341,10799785,11047580,11239451,11506762,11859446,12255336,12617036,12965481,13321097,13689450,14047786
"Population, total",SP.POP.TOTL,Cabo Verde,CPV,210024,215087,221919,229373,237006,244856,252976,261404,270164,279248,287885,294046,297386,299881,302570,305847,309455,312834,316147,319480,323301,327846,332724,337654,342505,347365,352312,357302,362329,367803,375428,384586,393415,401965,410228,418104,425581,432798,439784,446519,453317,460293,467046,473383,479370,485115,490728,496190,501355,506141,509784,511447,511955,512225,512326,512394,512554,512893,513415,514104,514679,516649,519741,522331,524877
"Population, total",SP.POP.TOTL,Cambodia,KHM,5449966,5571168,5697558,5823010,5946178,6072289,6201232,6332944,6467324,6604725,6639182,6620880,6673886,6739726,6783240,6581371,6134991,5668551,5211653,5088808,5199872,5284495,5436432,5636203,5845117,6043783,6285693,6557970,6812014,7073473,7374752,7686850,8113083,8616381,9239162,10018497,10801270,11570982,12058173,12265731,12462336,12658484,12855241,13050968,13244731,13439202,13639028,13841770,14053479,14276810,14500726,14722584,14945085,15170208,15396772,15623251,15852803,16073372,16274522,16481304,16725474,16974305,17201724,17423880,17638801
"Population, total",SP.POP.TOTL,Cameroon,CMR,5159057,5239273,5338620,5456623,5578257,5704686,5837295,5977318,6125863,6283462,6449793,6624408,6806872,6996660,7193583,7397120,7597962,7796501,8011921,8239641,8512219,8816377,9028678,9215397,9475078,9761730,10060342,10370749,10684968,11002745,11331821,11667180,12006353,12353131,12704903,13058516,13414757,13775214,14144860,14525140,14912631,15309490,15725528,16160340,16610487,17074594,17550407,18049896,18574056,19113974,19668066,20232304,20809529,21402376,22059893,22763414,23454161,24128601,24806383,25506095,26210558,26915758,27632771,28372687,29123744
"Population, total",SP.POP.TOTL,Canada,CAN,17909356,18271000,18614000,18964000,19325000,19678000,20048000,20412000,20744000,21028000,21324000,21962032,22218463,22491777,22807969,23143275,23449808,23725843,23963203,24201544,24515667,24819915,25116942,25366451,25607053,25842116,26100278,26446601,26791747,27276781,27691138,28037420,28371264,28684764,29000663,29302311,29610218,29905948,30155173,30401286,30685730,31020855,31359199,31642461,31938807,32242732,32571193,32888886,33247298,33630069,34005902,34339221,34713395,35080992,35434066,35704498,36110803,36545075,37072620,37618495,38028638,38239864,38935934,40083484,41288599
"Population, total",SP.POP.TOTL,Cayman Islands,CYM,8428,8601,8781,8970,9166,9361,9560,9769,9971,10165,10517,11098,11764,12438,13114,13788,14454,15105,15727,16351,17079,17905,18750,19598,20454,21324,22197,23073,23951,24874,25999,27294,28621,29976,31352,32743,34143,35543,36922,38284,39674,41089,42514,43934,45352,46788,48232,49687,51151,52618,54099,55606,57136,58655,60160,61642,63100,64535,65941,67327,68684,70108,71591,73038,74457
"Population, total",SP.POP.TOTL,Central African Republic,CAF,1702346,1734580,1768115,1803063,1839583,1877854,1918082,1960444,2005100,2051515,2097505,2141450,2183769,2226008,2269338,2313916,2348566,2372930,2397961,2423794,2450535,2478402,2507375,2537399,2568610,2600932,2634258,2669155,2713965,2783970,2871910,2963191,3058831,3157839,3257954,3348052,3435965,3531700,3628827,3729450,3833416,3919487,4006077,4103086,4192826,4288810,4377579,4462770,4558984,4529047,4492995,4565021,4610848,4642419,4623182,4629320,4713663,4793511,4878657,4944703,5026628,5112100,5098039,5152421,5330690
"Population, total",SP.POP.TOTL,Chad,TCD,3049838,3111947,3175598,3240905,3307479,3374220,3440903,3508512,3578231,3651113,3727828,3807316,3893252,3985909,4078356,4167234,4251297,4331667,4411366,4505384,4515453,4520959,4738483,4979130,5045145,5096269,5251069,5438309,5625602,5819586,5982833,6205676,6474656,6629146,6783450,7089064,7410108,7670366,7938840,8222705,8512093,8804124,9116192,9487833,9920036,10328092,10706424,11081660,11476296,11893754,12312575,12754997,13210998,13691079,14188678,14647621,15114655,15622759,16156531,16685223,17224679,17828273,18455316,19319064,20299123
"Population, total",SP.POP.TOTL,Channel Islands,CHI,110808,111782,112953,114234,115561,116879,118186,119505,120793,122039,123288,124555,125764,126873,127893,128781,129391,129726,129981,130220,130462,131078,132172,133413,134727,136075,137413,138743,140089,141501,143087,144269,144733,144984,145163,145247,145565,146214,146906,147554,148110,148850,149881,150960,152039,153126,154214,155309,156408,157511,158621,159706,160767,161777,162726,163454,163883,164319,164949,165639,166235,166741,167215,167691,168126
"Population, total",SP.POP.TOTL,Chile,CHL,8153350,8324802,8497059,8670144,8842525,9012938,9181722,9348939,9514716,9680282,9845344,10009701,10174678,10340362,10505817,10671559,10838251,11005519,11172695,11339779,11508550,11678717,11850214,12026138,12207733,12395274,12588914,12790150,12999424,13215005,13437176,13662491,13884577,14102276,14316256,14527381,14734046,14932434,15127799,15319313,15503635,15683849,15857925,16024752,16187322,16348778,16509195,16671581,16838988,17009731,17181464,17351816,17519119,17687006,17864195,18047625,18267221,18558868,18893191,19197744,19370624,19456334,19553036,19658835,19764771
"Population, total",SP.POP.TOTL,China,CHN,667070000,660330000,665770000,682335000,698355000,715185000,735400000,754550000,774510000,796025000,818315000,841105000,862030000,881940000,900350000,916395000,930685000,943455000,956165000,969005000,981235000,993885000,1008630000,1023310000,1036825000,1051040000,1066790000,1084035000,1101630000,1118650000,1135185000,1150780000,1164970000,1178440000,1191835000,1204855000,1217550000,1230075000,1241935000,1252735000,1262645000,1271850000,1280400000,1288400000,1296075000,1303720000,1311020000,1317885000,1324655000,1331260000,1337705000,1345035000,1354190000,1363240000,1371860000,1379860000,1387790000,1396215000,1402760000,1407745000,1411100000,1412360000,1412175000,1410710000,1408975000
"Population, total",SP.POP.TOTL,Colombia,COL,15606209,16095203,16599029,17113823,17637411,18169050,18702688,19235618,19766796,20291942,20811782,21319096,21819563,22325374,22833469,23344644,23858810,24393494,24950337,25515626,26104498,26713267,27338331,27988173,28642690,29268470,29879112,30499467,31130524,31776279,32440069,33098372,33760571,34441473,35127410,35804662,36462745,37121149,37792165,38454863,39089934,39709262,40324680,40937429,41543171,42128977,42691084,43235374,43758808,44271541,44777319,45259614,45715810,46151584,46565429,46969940,47437512,48131078,49024465,49907985,50629997,51188173,51737944,52321152,52886363
"Population, total",SP.POP.TOTL,Comoros,COM,197700,201201,204702,208185,211644,214967,218663,223859,230244,237001,244185,251865,260077,268820,278075,287692,297538,307579,317688,327791,337721,347382,357139,367233,377637,388352,399318,410439,421687,433103,444596,455556,465113,473682,482142,490586,499107,507777,516597,525886,536080,547220,558923,569798,580704,592677,604753,616927,629307,641947,654836,668056,681630,696192,711503,726682,741741,756669,771590,786578,802163,818174,834188,850387,866628
"Population, total",SP.POP.TOTL,"Congo, Dem. Rep.",COD,15264846,15662374,16075724,16507599,16955327,17427802,17931929,18462782,19012189,19570445,20137436,20695569,21251160,21827665,22418878,23021101,23624031,24229061,24992689,25886782,26711099,27500515,28338190,29250963,30245081,31264816,32265196,33298904,34382752,35486866,36684063,37925817,39228910,40656336,42626876,44433704,45296124,46029902,47297600,48912971,50507442,52132646,53750524,55343867,56997741,58775724,60615908,62477752,64390664,66412044,68563038,70849311,73254618,75789395,78403242,81035531,83956415,87083398,90047644,92947442,95989998,99148932,102396968,105789731,109276265
"Population, total",SP.POP.TOTL,"Congo, Rep.",COG,1056732,1084389,1113175,1143263,1174816,1207880,1242534,1278691,1316519,1356182,1397638,1441039,1486468,1533680,1582301,1627032,1667225,1707568,1748089,1788524,1828985,1869759,1910430,1950321,1999528,2059311,2120602,2183473,2247653,2313558,2380560,2449229,2519465,2595124,2673144,2749461,2826785,2887862,2952061,3032874,3151345,3272537,3350771,3445753,3565554,3696393,3837409,3980430,4113517,4281219,4462290,4609724,4740450,4857099,4975880,5097581,5222536,5351011,5483118,5616661,5752791,5892183,6035104,6182885,6332961
"Population, total",SP.POP.TOTL,Costa Rica,CRI,1327496,1377920,1429445,1481604,1533960,1586208,1638116,1689523,1739731,1789276,1838949,1888539,1938248,1988343,2039643,2092719,2147774,2205025,2264510,2326490,2390633,2456637,2524806,2595153,2667595,2741894,2817216,2892699,2968103,3043827,3121706,3202176,3284258,3367434,3451122,3535176,3619013,3701711,3782838,3862101,3937739,4008947,4075705,4138784,4200078,4261240,4321340,4380248,4440056,4499791,4555962,4609833,4663934,4716147,4767119,4818038,4866998,4913177,4957818,4999553,5034320,5059988,5081765,5105525,5129910
"Population, total",SP.POP.TOTL,Cote d'Ivoire,CIV,3673666,3810151,3956939,4112061,4273952,4442377,4617519,4799744,4990021,5192221,5411567,5650868,5909716,6184944,6474057,6776297,7057958,7321950,7603130,7902267,8220714,8556596,8907936,9272744,9650516,10040483,10440917,10851475,11275189,11719771,12189778,12683870,13200310,13735951,14287201,14855565,15442312,16047170,16663948,17215935,17699004,18178913,18654771,19125542,19595000,20068458,20546802,21030558,21514439,21997940,22488065,22982000,23467078,23939775,24527395,25246342,25989405,26733372,27464173,28193009,28915449,29639736,30395002,31165654,31934230
"Population, total",SP.POP.TOTL,Croatia,HRV,4140181,4167292,4196712,4225675,4252876,4280923,4310701,4338683,4365628,4391490,4412252,4431275,4450564,4470161,4490660,4512082,4535934,4559571,4581085,4594778,4599782,4611509,4634234,4658254,4680285,4701417,4721446,4739745,4755207,4767260,4777368,4689022,4575818,4600463,4652024,4620030,4557097,4534920,4532135,4512597,4468302,4299642,4302174,4303399,4304600,4310145,4311159,4310217,4309705,4305181,4295427,4280622,4260368,4233922,4201598,4151725,4106867,4041407,3988775,3949390,3914206,3878981,3855641,3859686,3866300
"Population, total",SP.POP.TOTL,Cuba,CUB,7238081,7387117,7541098,7701660,7866020,8030797,8193450,8352625,8509522,8666640,8824382,8979085,9123891,9255328,9374183,9479726,9571242,9648440,9711980,9763355,9804796,9849320,9912681,9991026,10073299,10157228,10244247,10335342,10432585,10533243,10631799,10717640,10785801,10841031,10886021,10925362,10962010,10997934,11034712,11072230,11109109,11144132,11177418,11209383,11238756,11262554,11278550,11287272,11291762,11294719,11297409,11301571,11303175,11298167,11285775,11275065,11265612,11247829,11227118,11202846,11176354,11122168,11059820,11019931,10979783
"Population, total",SP.POP.TOTL,Curacao,CUW,124826,126125,128414,130860,133148,135266,136682,138140,140298,142581,144739,147389,147710,146912,148351,149129,149399,149459,148341,147851,148041,148629,150101,151159,151940,152711,152662,151456,149254,146937,145400,144403,143912,144299,144630,145139,146306,146956,144472,139428,133860,129047,129205,131897,134192,137658,141239,144056,145880,146833,148703,150831,152088,153822,155909,157980,159664,160175,159336,157441,154947,152369,149996,155800,155900
"Population, total",SP.POP.TOTL,Cyprus,CYP,586490,595514,601466,607252,612521,617736,623390,629251,635157,641189,647446,654050,661063,665937,663254,659405,662032,667101,672249,677549,683076,688893,696497,707225,719334,731277,743105,754785,766235,777420,788351,798944,810341,826034,844667,862695,880290,897568,914548,931234,947667,964127,981440,999590,1017875,1036151,1054418,1072714,1091026,1109371,1127816,1146493,1165397,1183895,1201801,1219502,1237112,1254275,1270737,1286671,1302247,1317309,1331370,1344976,1358282
"Population, total",SP.POP.TOTL,Czechia,CZE,9602006,9586651,9624660,9670685,9727804,9779358,9821040,9852899,9876346,9896580,9858071,9826815,9867632,9922266,9988459,10058620,10125939,10186755,10242098,10292341,10304193,10300591,10314826,10323856,10330213,10337118,10342227,10347318,10355276,10361068,10333355,10308578,10319123,10329855,10333587,10327253,10315241,10304131,10294373,10283860,10255063,10216605,10196916,10193998,10197101,10211216,10238905,10298828,10384603,10443936,10474410,10496088,10510785,10514272,10525347,10546059,10566332,10594438,10629928,10671870,10697858,10505772,10672118,10864042,10882164
"Population, total",SP.POP.TOTL,Denmark,DNK,4579603,4611687,4647727,4684483,4722072,4759012,4797381,4835354,4864883,4891860,4928757,4963126,4991596,5021861,5045297,5059862,5072596,5088419,5104248,5116801,5123027,5121572,5117810,5114297,5111619,5113691,5120534,5127024,5129516,5132594,5140939,5154298,5171370,5188628,5206180,5233373,5263074,5284991,5304219,5321799,5339616,5358783,5375931,5390574,5404523,5419432,5437272,5461438,5493621,5523095,5547683,5570572,5591572,5614932,5643475,5683483,5728010,5764980,5793636,5814422,5831404,5856733,5903037,5946952,5976992
"Population, total",SP.POP.TOTL,Djibouti,DJI,86024,89390,93283,97872,103198,109092,115269,121649,128250,136078,145175,155136,166256,178449,192613,209908,230737,254613,280031,304513,325815,343047,356880,369553,384053,402687,426341,454399,484523,523355,579538,631092,626010,614245,626710,633074,648348,671817,699352,724218,747318,771313,795574,813519,826124,839167,855764,874528,892734,911527,930251,948558,966747,984824,1002717,1020313,1037653,1054841,1071882,1088709,1105188,1121248,1137096,1152944,1168722
"Population, total",SP.POP.TOTL,Dominica,DMA,59372,60209,60948,61739,62587,63505,64507,65585,66732,67934,68908,69532,70060,70585,71091,71570,72017,72406,72724,72959,73083,72986,72688,72365,72056,71744,71406,71023,70608,70153,69627,69296,69325,69433,69477,69469,69410,69299,69124,68870,68511,68288,68367,68531,68649,68734,68806,68847,68854,68864,68859,69053,69118,69715,70373,70410,69606,68496,68174,67880,67573,67202,66826,66510,66205
"Population, total",SP.POP.TOTL,Dominican Republic,DOM,3268336,3373233,3479936,3588287,3698559,3808963,3921847,4038928,4157189,4277035,4399290,4524234,4651883,4782227,4914197,5046776,5180404,5315443,5451882,5589690,5729037,5868453,6007114,6147248,6289040,6430404,6571208,6712515,6855734,7002295,7151166,7299853,7447474,7594572,7741694,7888115,8032894,8174078,8310362,8446208,8584190,8720283,8852235,8980620,9104892,9225034,9341183,9455658,9573130,9695265,9820175,9945621,10070411,10193833,10315528,10434829,10551430,10666843,10782053,10894043,11008300,11123476,11230734,11331265,11427557
"Population, total",SP.POP.TOTL,Ecuador,ECU,4590891,4722331,4859269,5001716,5149918,5303963,5463748,5629057,5799680,5975236,6155387,6340052,6529034,6722033,6918573,7118251,7320912,7526819,7736167,7948869,8165877,8386910,8611298,8840417,9074782,9311154,9545998,9779290,10010808,10241852,10473673,10702380,10930128,11154274,11372197,11590514,11810950,12031127,12251184,12470795,12689206,12910740,13138472,13372306,13608701,13846163,14086131,14328773,14575202,14825954,15076695,15326227,15572194,15807128,16035124,16266225,16505139,16759519,17049547,17340021,17546065,17682454,17823897,17980083,18135478
"Population, total",SP.POP.TOTL,"Egypt, Arab Rep.",EGY,26896479,27600898,28337013,29091869,29858922,30629174,31406541,32196360,32998319,33811615,34623990,35433368,36258328,37102043,37969667,38875327,39795557,40748870,41761431,42818628,43950413,45147224,46407611,47786402,49247334,50734968,52206295,53674435,55187681,56710642,58396618,60028997,61480660,62915681,64285589,65652622,67028048,68431740,69943294,71520954,73083284,74652029,76239137,77853548,79477443,81101004,82700403,84276225,85864789,87501636,89196072,91093059,93161001,95333553,97528654,99597342,101644589,103696057,105682094,107553158,109315124,110957008,112618250,114535772,116538258
"Population, total",SP.POP.TOTL,El Salvador,SLV,2791459,2870016,2949204,3028679,3111883,3199466,3290961,3385184,3480773,3576485,3668796,3757523,3846830,3938068,4029671,4120449,4210310,4301256,4394114,4480388,4540382,4570599,4622477,4707367,4798003,4894706,4992769,5092441,5195833,5298979,5399726,5495077,5585609,5659957,5714129,5762131,5805286,5844578,5880781,5913900,5943366,5968060,5986631,5998599,6004671,6005578,6002319,6009824,6029297,6048279,6068249,6090127,6113975,6138839,6162955,6183676,6200800,6213533,6219807,6222318,6234673,6255782,6280319,6309624,6338193
"Population, total",SP.POP.TOTL,Equatorial Guinea,GNQ,269807,274896,280286,285965,291942,298238,304859,311805,318849,322517,320803,315940,309468,302281,294953,287901,281031,276779,276531,279846,288644,303252,322216,343421,364899,385547,404728,422522,439651,456808,474274,492217,510770,530023,550138,571264,593492,616893,641474,667214,703279,749836,797957,847862,899917,947367,990343,1036044,1084530,1135673,1189085,1241835,1293483,1346218,1399828,1453923,1508186,1562396,1616422,1670177,1716468,1758786,1803545,1847549,1892516
"Population, total",SP.POP.TOTL,Eritrea,ERI,972547,995573,1019788,1045092,1071287,1098335,1124957,1152339,1181737,1212005,1243453,1276154,1309235,1342669,1375688,1408210,1443807,1482565,1522378,1563332,1605797,1649939,1695461,1736160,1771730,1807816,1845164,1888669,1938255,1987017,2032737,1919571,1798748,1856006,1913915,2025267,2128464,2152135,2180419,2212780,2247031,2312079,2392978,2493903,2598284,2661215,2703502,2743222,2816327,2887885,2945186,2998485,3036988,3074360,3095173,3105546,3124698,3150347,3192760,3240194,3291271,3350183,3409447,3470390,3535603
"Population, total",SP.POP.TOTL,Estonia,EST,1211537,1225077,1241623,1258857,1277086,1294566,1308597,1318946,1331214,1345249,1360076,1376955,1392518,1405951,1418169,1429352,1439576,1450211,1460188,1468333,1477219,1487666,1498414,1508745,1518617,1528781,1540190,1552221,1561900,1568131,1569174,1561314,1533091,1494128,1462514,1436634,1415594,1399535,1386156,1390244,1396985,1388115,1379350,1370720,1362550,1354775,1346810,1340680,1337090,1334515,1331475,1327439,1322696,1317997,1314545,1315407,1315790,1317384,1321977,1326898,1329522,1330932,1348840,1370286,1371986
"Population, total",SP.POP.TOTL,Eswatini,SWZ,345337,353264,361365,369759,378656,388336,398766,409031,419147,429875,441216,453183,465788,479038,492988,507673,523330,540348,558446,577199,596644,616808,637652,658957,680783,706196,734732,763811,799798,837800,872428,908189,943416,971318,971212,970433,989841,1006635,1019653,1030782,1041414,1051064,1059441,1066700,1073159,1079022,1084436,1090705,1098091,1105153,1111650,1117833,1123863,1129990,1136299,1142813,1149507,1158195,1168929,1179874,1192729,1206593,1218917,1230506,1242822
"Population, total",SP.POP.TOTL,Ethiopia,ETH,21376693,21906102,22465126,23051637,23666548,24310612,24952689,25620276,26337930,27072571,27829128,28600106,29374608,30166785,30957273,31723252,32534418,33167272,33734592,34238652,34428514,35304012,36701290,37740817,38735722,39842136,41037656,42460039,44150825,45879690,47609755,49717198,51853747,53708891,55611508,57537335,59467635,61404539,63363524,65374561,67411494,69487762,71635517,73832663,76077206,78367470,80703490,83103217,85543668,88007636,90538514,93149970,95798767,98438751,101115610,103867135,106718162,109666481,112664152,115737383,118917671,122138588,125384287,128691692,132059767
"Population, total",SP.POP.TOTL,Faroe Islands,FRO,34127,34557,34963,35391,35847,36347,36816,37202,37560,37907,38269,38703,39172,39636,40106,40568,41020,41468,41968,42521,43072,43626,44171,44670,45141,45707,46131,46701,47355,47958,47740,47446,47286,46473,44694,43610,43580,44131,44674,45146,45754,46635,47335,48032,48384,48359,48335,48378,48547,48791,48657,48543,48291,48246,48428,48901,49464,50180,50996,51793,52567,53305,53927,54439,54719
"Population, total",SP.POP.TOTL,Fiji,FJI,404887,417406,430536,444276,458324,472575,486487,498873,510002,520797,531188,541121,550499,559222,567489,575906,585534,597805,612091,626862,641975,657471,673414,689835,706716,723761,739306,750540,758697,766321,773316,779656,785346,790369,794771,798746,803789,812139,822258,831828,840909,849596,858049,866286,874366,882379,890365,897832,903399,907239,910419,912989,914918,916352,917585,918578,919166,918759,917180,914899,914963,916711,919422,924145,928784
"Population, total",SP.POP.TOTL,Finland,FIN,4429634,4461005,4491443,4523309,4548543,4563732,4580869,4605744,4626469,4623785,4606307,4612124,4639657,4666081,4690574,4711440,4725664,4738902,4752528,4764690,4779535,4799964,4826933,4855787,4881803,4902206,4918154,4932123,4946481,4964371,4986431,5013740,5041992,5066447,5088333,5107790,5124573,5139835,5153498,5165474,5176209,5188008,5200598,5213014,5228172,5246096,5266268,5288720,5313399,5338871,5363352,5388272,5413971,5438972,5461512,5479531,5495303,5508214,5515525,5521606,5529543,5541017,5556106,5583911,5637214
"Population, total",SP.POP.TOTL,France,FRA,47412964,47905982,48389516,48877567,49401492,49877725,50311637,50722791,51112980,51536014,52007169,52499553,52962356,53392161,53746571,54002853,54232383,54486467,54734030,54979851,55274184,55603353,55806789,56108330,56383085,56665619,56956002,57266167,57598186,57943062,58261012,58554242,58846584,59103094,59324863,59541294,59754504,59968066,60190684,60501986,60918661,61364377,61812142,62249855,62707588,63180854,63622342,64016890,64375116,64706436,65026211,65340830,65657659,65997932,66312067,66548272,66724104,66918020,67158348,67382061,67601110,67842811,68065015,68287487,68516699
"Population, total",SP.POP.TOTL,French Polynesia,PYF,83671,85434,87261,89737,92823,96017,99320,102754,106353,110111,114010,117945,121886,125897,129960,134045,138114,142313,146821,151569,156471,161506,166646,171750,176469,180988,185669,190449,195193,199643,203776,207744,211559,215219,218738,222118,225489,229121,232891,236595,240337,244097,247775,251637,255654,259507,263223,266438,268379,269481,270580,271727,273084,274728,276387,277866,279178,280087,279815,279034,279209,279792,280378,281118,281807
"Population, total",SP.POP.TOTL,Gabon,GAB,512316,518266,524649,531452,538657,546308,554463,563108,572257,583276,595846,608348,620960,633995,647691,662197,677628,693984,711245,729375,748389,768385,789286,811005,833501,856726,880705,905479,931020,957138,983734,1010818,1038380,1066405,1094720,1123213,1152015,1181439,1211736,1243016,1275572,1309589,1345135,1382350,1421609,1463495,1508337,1556237,1607175,1661556,1719879,1781985,1846889,1913059,1978399,2040989,2100306,2156900,2212318,2267706,2322539,2376722,2430747,2484789,2538952
"Population, total",SP.POP.TOTL,"Gambia, The",GMB,398060,408930,420163,431757,443687,455952,468516,481588,495269,509440,524105,539388,555370,571991,589085,606821,625667,645770,667103,689781,713913,739125,765753,794525,825631,858874,894019,931091,970160,1011357,1054696,1099959,1145582,1188365,1227226,1264313,1301410,1338889,1376987,1415779,1455084,1495011,1535691,1577611,1621312,1667037,1715275,1765774,1817852,1871422,1926630,1983784,2043094,2103820,2164528,2224529,2283769,2342189,2399632,2456844,2515733,2576010,2636470,2697845,2759988
"Population, total",SP.POP.TOTL,Georgia,GEO,3645600,3703600,3760300,3816100,3870300,3921600,3966700,4005800,4042300,4080300,4119900,4163000,4205300,4242500,4279500,4311200,4342400,4372100,4397700,4430200,4467700,4504500,4542800,4582900,4622200,4662900,4704500,4743500,4790700,4803300,4802000,4835900,4873500,4911100,4836076,4657722,4491699,4349913,4243607,4157192,4077131,4014373,3978515,3951736,3927340,3902469,3880347,3860158,3848449,3814419,3786695,3756441,3728874,3717668,3719414,3725276,3727505,3728004,3726549,3720161,3722716,3708610,3712502,3715483,3673850
"Population, total",SP.POP.TOTL,Germany,DEU,72814900,73377632,74025784,74714353,75318337,75963695,76600311,76951336,77294314,77909682,78169289,78312842,78688452,78936666,78967433,78673554,78336950,78159814,78091820,78126350,78288576,78407907,78333366,78128282,77858685,77684873,77720436,77839920,78144619,78751283,79433029,80013896,80624598,81156363,81438348,81678051,81914831,82034771,82047195,82100243,82211508,82349925,82488495,82534176,82516260,82469422,82376451,82266372,82110097,81902307,81776930,80274983,80425823,80645605,80982500,81686611,82348669,82657002,82905782,83092962,83160871,83196078,83797985,83901923,83510950
"Population, total",SP.POP.TOTL,Ghana,GHA,6961215,7162667,7337375,7514714,7695739,7882606,8074521,8271913,8475729,8690383,8925813,9176264,9438187,9714617,10000523,10294308,10594913,10911871,11248450,11597255,11941448,12281712,12643819,13029836,13370590,13661229,13965217,14289108,14636568,15006813,15394648,15787496,16184855,16589519,16993190,17399017,17810181,18238958,18688036,19149864,19637087,20167069,20729388,21296705,21868298,22449438,23040702,23642279,24249946,24862664,25474995,26095088,26734268,27386193,28041592,28696068,29356742,30008354,30637585,31258945,31887809,32518665,33149152,33787914,34427414
"Population, total",SP.POP.TOTL,Gibraltar,GIB,21839,21872,22197,22753,23315,23878,24444,25015,25578,26120,26634,27020,27290,27537,27755,27951,28134,28300,28446,28575,28675,28740,28765,28733,28643,28512,28328,28096,27839,27544,27200,26898,26878,27070,27239,27377,27487,27582,27650,27692,27709,27657,27831,28274,28715,29163,29594,30006,30413,30823,31248,31660,32029,32407,32813,33193,33658,34245,34854,35494,36173,36858,37609,38471,39329
"Population, total",SP.POP.TOTL,Greece,GRC,8331725,8398050,8448233,8479625,8510429,8550333,8613651,8684088,8740765,8772764,8792806,8831036,8888628,8929086,8962022,9046541,9188150,9308479,9429959,9548258,9642505,9729350,9789513,9846627,9895801,9934300,9967213,10000595,10036983,10089498,10196792,10319927,10399061,10460415,10512922,10562153,10608800,10661259,10720509,10761698,10805808,10862132,10902022,10928070,10955141,10987314,11020362,11048473,11077841,11107017,11121341,11104899,11045011,10965211,10892413,10820883,10775971,10754679,10732882,10721582,10698599,10569207,10436882,10405588,10388805
"Population, total",SP.POP.TOTL,Greenland,GRL,32500,33700,35000,36400,37600,39200,40500,41900,43400,44900,46400,47200,48300,49000,49500,49600,49700,49400,49200,49600,50200,51000,51500,52100,52700,53200,53500,54100,54800,55300,55600,55500,55300,55200,55500,55800,55900,56000,56100,56100,56185,56379,56595,56751,56898,56935,56775,56555,56328,56323,56534,56890,56810,56483,56295,56114,56186,56172,56023,56225,56367,56653,56661,56865,56836
"Population, total",SP.POP.TOTL,Grenada,GRD,94058,95335,96375,97195,97760,98067,98121,98066,98078,98204,98414,98648,98777,98709,98486,98126,97632,97017,96305,95490,94538,94052,94383,94948,95498,96111,96790,97526,98308,99121,99957,100793,101602,102382,103138,103869,104584,105293,106009,106727,107451,107987,108404,108884,109323,109734,110135,110522,110896,111254,111586,112079,112775,113487,114132,114676,115130,115438,115691,115981,116341,116688,116913,117081,117207
"Population, total",SP.POP.TOTL,Guam,GUM,69525,71311,73192,75095,77008,78932,80844,82719,84563,86404,88365,90466,92619,94781,96939,99057,101166,103298,105424,107636,110141,112902,115711,118508,121302,124117,126965,129858,132799,135799,138610,141073,143393,145654,147868,150054,152169,154215,156237,158289,160065,161329,162315,163137,163810,164365,164839,165267,165693,166173,166522,166543,166331,165966,165486,164905,164233,163490,162679,161808,162158,163730,165180,166506,167777
"Population, total",SP.POP.TOTL,Guatemala,GTM,4063655,4186201,4312044,4440264,4571109,4704965,4840958,4978862,5118111,5257081,5396966,5538355,5682833,5831631,5981197,6128731,6262404,6401515,6561534,6727797,6900212,7075648,7240241,7419642,7630682,7849693,8070818,8296485,8532099,8775546,9024773,9272584,9522266,9779761,10043718,10312996,10583526,10857754,11139145,11422965,11697592,11969422,12246915,12525842,12807402,13087629,13367459,13652040,13935174,14215611,14500112,14792126,15089647,15387337,15681725,15971743,16268760,16567357,16845685,17103803,17357325,17598650,17847877,18124838,18406359
"Population, total",SP.POP.TOTL,Guinea,GIN,3556749,3619551,3684273,3750954,3819722,3890716,3964155,4040153,4118550,4198300,4277535,4355200,4431292,4506324,4580510,4653876,4727022,4801128,4877854,4959283,5047419,5143288,5247672,5359814,5480096,5610373,5750668,5900198,6056574,6215811,6434374,6697166,6914366,7128177,7345107,7553249,7770035,7931370,8081990,8265123,8428832,8539960,8674066,8870781,9062726,9245844,9441171,9662281,9898870,10143534,10396086,10656810,10921581,11191873,11472924,11767070,12073030,12385659,12704774,13034346,13371183,13710513,14055137,14405468,14754785
"Population, total",SP.POP.TOTL,Guinea-Bissau,GNB,577633,582532,589474,594418,588543,575005,566908,569011,578170,581610,584403,586221,586620,592808,613338,650966,694191,741789,791694,819867,829303,842432,855891,869592,883519,897697,912126,926862,942061,957789,973669,994639,1024356,1058745,1092031,1119949,1143535,1165545,1187473,1210206,1234741,1261273,1289307,1318806,1349563,1381585,1415303,1450986,1488054,1526377,1566347,1608076,1651417,1695973,1741122,1786457,1831893,1877072,1922168,1967696,2013255,2058841,2105529,2153339,2201352
"Population, total",SP.POP.TOTL,Guyana,GUY,569143,582568,595461,608537,621764,635128,648646,662311,676160,690223,702705,712662,721617,730138,738057,745393,752253,758654,764586,770062,774367,776453,776712,775891,774111,771477,768098,764120,759663,754865,749894,747861,749911,752965,755822,758388,760526,762245,763586,764483,764832,764477,763652,763101,762418,760914,758966,756861,754606,752094,749256,746153,746288,750021,754229,758781,763548,768479,791556,807665,807481,815482,821637,826353,831087
"Population, total",SP.POP.TOTL,Haiti,HTI,3858443,3929030,4001575,4073068,4146244,4223820,4302639,4382999,4465328,4549334,4635124,4723244,4813868,4906743,5001796,5099086,5198357,5299476,5402580,5507590,5614493,5723725,5835937,5951096,6069230,6190862,6316122,6445123,6578145,6714730,6854441,6995450,7136571,7278181,7419771,7562546,7707557,7854298,8002143,8151296,8303151,8455918,8607641,8759912,8910263,9061273,9216562,9373296,9530774,9689581,9803294,9914904,10069771,10222362,10373235,10523242,10671457,10817754,10962362,11105163,11243848,11374586,11503606,11637398,11772557
"Population, total",SP.POP.TOTL,Honduras,HND,2062060,2121242,2182064,2244878,2309855,2377157,2446751,2518648,2593057,2670289,2750715,2834616,2922064,3011459,3099836,3193234,3294457,3398655,3505463,3614981,3727173,3841778,3958728,4078174,4199850,4323342,4448899,4576910,4707677,4841838,4980488,5123792,5271431,5423249,5579242,5739637,5903954,6071454,6234431,6400463,6577773,6757993,6938859,7119213,7298994,7478355,7656832,7834798,8012587,8189899,8365878,8540583,8715076,8889278,9063122,9237305,9412380,9588137,9765210,9943633,10119640,10289877,10463872,10644851,10825703
"Population, total",SP.POP.TOTL,"Hong Kong SAR, China",HKG,3094840,3168100,3305200,3420900,3504600,3597900,3629900,3722800,3802700,3863900,3959000,4045300,4123600,4241600,4377800,4461600,4518000,4583700,4667500,4929700,5063100,5183400,5264500,5345100,5397900,5456200,5524600,5580500,5627600,5686200,5704500,5752000,5800500,5901000,6035400,6156100,6435500,6489300,6543700,6606500,6665000,6714300,6744100,6730800,6783500,6813200,6857100,6916300,6957800,6972800,7024200,7071600,7150100,7178900,7229500,7291300,7336600,7393200,7452600,7507900,7481000,7413100,7346100,7536100,7524100
"Population, total",SP.POP.TOTL,Hungary,HUN,9983512,10027958,10060825,10087947,10119835,10147935,10178653,10216604,10255815,10298723,10337910,10367537,10398489,10432055,10478720,10540525,10598677,10648031,10684822,10704152,10711122,10711848,10705535,10689463,10668095,10648713,10630564,10612741,10596487,10481719,10373988,10373400,10369341,10357523,10343355,10328965,10311238,10290486,10266570,10237530,10210971,10187576,10158608,10129552,10107146,10087065,10071370,10055780,10038188,10022650,10000023,9971727,9920362,9872734,9833038,9797755,9759755,9726756,9706964,9694824,9670419,9630932,9605074,9592186,9562314
"Population, total",SP.POP.TOTL,Iceland,ISL,175574,179029,182378,185653,188983,192286,195570,198751,201488,203369,204438,206098,209137,212317,215209,217979,220154,221799,223537,225735,228138,230755,233860,236977,239511,241405,243180,245859,249740,252852,254826,257797,261057,263725,266021,267468,268916,271128,274047,277381,281205,284968,287523,289521,292074,296734,303782,311566,317414,318499,318041,319014,320716,323764,327386,330815,335439,343400,352721,360563,366463,372520,382003,393349,404610
"Population, total",SP.POP.TOTL,India,IND,435990338,446564729,457283090,468138575,479229598,490140146,500740247,511606372,522716889,533880544,545864268,558096387,570482142,583465598,597041391,611309535,625861883,640801103,655728229,671155747,687354025,703696250,720313473,737372681,754875449,772647793,790689978,808931270,827342990,846039529,864972221,883927600,902957070,922118387,941163767,960301044,979678458,999133762,1018665080,1038225823,1057922733,1077898575,1097600380,1116803006,1135991513,1154676322,1172878890,1190676021,1207930964,1225524753,1243481564,1261224954,1278674502,1295829511,1312277191,1328024498,1343944296,1359657400,1374659064,1389030312,1402617695,1414203896,1425423212,1438069596,1450935791
"Population, total",SP.POP.TOTL,Indonesia,IDN,88296070,90791249,93375850,96051424,98833749,101365130,103792754,106526393,109450006,112517639,115657495,118833702,122039841,125288515,128555045,131843848,135173655,138533541,141953163,145434834,148950540,152485035,156052152,159651381,163251124,166776185,170175065,173511154,176855065,180201630,183501098,186778238,190043744,193305168,196591828,199888057,203204348,206536095,209826788,213004668,216077790,219097902,222088495,225048008,227926649,230871650,233951652,237062337,240157903,243220028,246305322,249470032,252698525,255852467,258877399,261799249,264627418,267346658,269951846,272489381,274814866,276758053,278830529,281190067,283487931
"Population, total",SP.POP.TOTL,"Iran, Islamic Rep.",IRN,21470434,22125726,22807907,23519005,24262859,25036978,25829270,26628432,27437391,28273482,29145100,30029071,30921179,31839838,32796463,33802973,34837271,35933181,37126535,38424952,39842324,41989312,44272141,46029535,47793998,49582289,51446045,53323493,55072694,56704914,58380092,59986931,61184983,61403543,61520598,62205567,62881300,63639638,64519859,65445391,66418659,67452005,68011317,68769340,70256316,71828455,73392747,74602648,75514204,76457825,77420842,78383598,79370580,80414686,81502045,82619362,83812228,85026754,86117998,87051648,87723443,88455488,89524246,90608707,91567738
"Population, total",SP.POP.TOTL,Iraq,IRQ,7022052,7194553,7413875,7667928,7929566,8202140,8485104,8778869,9085016,9403356,9735611,10077809,10430164,10795869,11167761,11543639,11927651,12331046,12753355,13170365,13591992,14006381,14406083,14840555,15310733,15683430,16074145,16521049,16908819,17364542,17581206,17767253,18300845,19201195,20139807,20825860,21501321,22176593,22884399,23636527,24424056,25197840,26006559,26802659,27577878,28407448,28616515,28391607,28971036,30058206,31045366,32161424,33654842,35281989,36550059,37560535,38469627,39337353,40265624,41192171,42116605,43071211,44070551,45074049,46042015
"Population, total",SP.POP.TOTL,Ireland,IRL,2828600,2824400,2836050,2852650,2866550,2877300,2888800,2902450,2915550,2932650,2957250,2992050,3036850,3085950,3137500,3189550,3238050,3282200,3329100,3373750,3412800,3453000,3485800,3510600,3532423,3538082,3539690,3540057,3524949,3511009,3513974,3534235,3558430,3576261,3590386,3608841,3637510,3674171,3712696,3754786,3805174,3866243,3931947,3996521,4070262,4159914,4273591,4398942,4489544,4535375,4560155,4580084,4599533,4623816,4657740,4701957,4762722,4827445,4898022,4976456,5039747,5110585,5212836,5307600,5380257
"Population, total",SP.POP.TOTL,Isle of Man,IMN,48868,48451,48688,49151,49625,50090,50749,51741,52891,54074,55300,56427,57367,58256,59139,59959,60750,61566,62398,63239,64076,64596,64686,64630,64528,64401,64695,65597,66680,67790,68916,69808,70353,70772,71168,71513,72047,72909,73861,74790,75659,76476,77275,78049,78792,79516,80294,81147,82029,82939,83873,84382,84335,84141,83892,83593,83466,83609,83805,83957,84064,84106,84132,84165,84160
"Population, total",SP.POP.TOTL,Israel,ISR,2114020,2185000,2293000,2379000,2475000,2563000,2629000,2745000,2803000,2877000,2974000,3069000,3148000,3278000,3377000,3455000,3533000,3613000,3690000,3786000,3878000,3956000,4031000,4105000,4159000,4233000,4299000,4369000,4442000,4518000,4660000,4949000,5123000,5261000,5399000,5545000,5692000,5836000,5971000,6125000,6289000,6439000,6570000,6689700,6809000,6930100,7053700,7180100,7308800,7485600,7623600,7765800,7910500,8059500,8215700,8380100,8546000,8713300,8882800,9054000,9215100,9371400,9557500,9849000,9974400
"Population, total",SP.POP.TOTL,Italy,ITA,50199700,50536350,50879450,51252000,51675350,52112350,52519000,52900500,53235750,53537950,53821850,54073490,54381345,54751406,55110868,55441001,55718260,55955411,56155143,56317749,56433883,56501675,56543548,56564074,56576718,56593071,56596155,56601931,56629288,56671781,56719240,56758521,56797087,56831821,56843400,56844303,56860281,56890372,56906744,56916317,56942108,56976981,57089824,57399184,57828179,58166682,58399861,58756247,59211181,59555454,59819407,60026841,60191247,60311613,60320707,60229605,60115223,60002252,60148658,59729081,59438851,59133173,59013667,58993475,58986023
"Population, total",SP.POP.TOTL,Jamaica,JAM,1650005,1673261,1696932,1721099,1745568,1769192,1791475,1812865,1833765,1855127,1878196,1903728,1931542,1961219,1990906,2018981,2045578,2070657,2094836,2119486,2145658,2173818,2203889,2234832,2264562,2290656,2312125,2329813,2345777,2361916,2379877,2400869,2424701,2449916,2475220,2500151,2524463,2547848,2569736,2589795,2607826,2624403,2640572,2656623,2672225,2687066,2700968,2713800,2725635,2736995,2748568,2760494,2772430,2783687,2793749,2802534,2809915,2815764,2820097,2823271,2830739,2837682,2839144,2839786,2839175
"Population, total",SP.POP.TOTL,Japan,JPN,93216000,94055000,94933000,95900000,96903000,97952000,98851000,99879000,101011000,102219000,103403000,105697000,107188000,108707000,110162000,111573000,112775000,113872000,114913000,115890000,116807000,117661000,118480000,119307000,120083000,120837000,121482000,122069000,122578000,123069000,123478000,123964000,124425000,124829000,125178000,125472000,125757000,126057000,126400000,126631000,126843000,127149000,127445000,127718000,127761000,127773000,127854000,128001000,128063000,128047000,128070000,127833000,127629000,127445000,127276000,127141000,127076000,126972000,126811000,126633000,126261000,125681593,125124989,124516650,123975371
"Population, total",SP.POP.TOTL,Jordan,JOR,853471,897591,940554,984714,1035640,1099440,1178360,1271183,1372460,1473100,1565163,1645145,1714555,1778094,1839182,1899055,1958177,2019002,2083595,2153882,2234186,2325517,2426927,2537307,2654688,2778810,2909887,3047634,3193039,3349627,3621908,3915149,4127693,4348020,4561406,4752096,4912516,5046285,5164284,5276444,5386945,5498894,5616066,5741828,5882061,6029587,6427371,6827227,6989866,7141753,7297043,7480424,7587127,7991809,8791710,9544729,10006367,10234226,10462306,10671891,10865228,11066356,11256263,11439213,11552876
"Population, total",SP.POP.TOTL,Kazakhstan,KAZ,9429981,9742085,10058928,10377466,10690309,10993183,11288989,11584428,11879182,12156212,12419057,12684813,12951798,13208121,13454570,13700843,13998738,14353265,14711497,14978696,15152949,15323082,15492595,15665551,15844621,16031090,16262702,16527715,16781168,16997013,17154054,17278600,17332625,17274487,17043771,16730536,16416027,16043251,15647785,15455874,15501103,15575550,15656677,15747380,15850159,15968117,16103716,16257214,16426525,16619846,16836810,17066002,17306106,17556502,17816285,18084169,18363600,18651931,18932727,19209555,19482117,19743603,20034609,20330104,20592571
"Population, total",SP.POP.TOTL,Kenya,KEN,7695307,7987770,8299308,8627971,8973535,9338078,9717816,10111057,10518823,10939695,11368791,11788904,12206060,12634835,13070078,13511671,13957623,14428819,14934126,15460666,16018459,16601507,17206175,17846374,18514906,19201768,19901646,20616096,21356219,22118434,22892651,23646514,24382460,25117188,25857130,26601751,27344211,28101768,28888057,29733408,30642890,31619170,32629808,33652223,34713455,35796484,36904008,38036349,39206351,40408891,41598567,42758461,43888303,44986791,46051440,47088526,48139687,49197766,50207107,51202827,52217334,53219166,54252461,55339003,56432944
"Population, total",SP.POP.TOTL,Kiribati,KIR,47157,48323,49538,50791,52088,53439,54425,54996,55529,56360,57510,58652,59778,60824,61219,60987,60661,60267,59864,60172,61148,62121,63134,64169,65228,66496,68059,69733,71427,73147,74855,76367,77641,78841,80021,81234,82623,84147,85657,87126,88613,90335,92264,94175,96085,98035,100017,102068,104222,106467,108704,110647,112284,113838,115326,116815,118478,120275,122084,123921,126099,128377,130469,132530,134518
"Population, total",SP.POP.TOTL,"Korea, Dem. People's Rep.",PRK,11722953,11990713,12262882,12567057,12889770,13219369,13569094,13958350,14365596,14767615,15172775,15572457,15975069,16350367,16673121,16971055,17243450,17492798,17735995,17983470,18236786,18501295,18776357,19054034,19335043,19620388,19910855,20205483,20503161,20804367,21112137,21428638,21750911,22073352,22393975,22669304,22895746,23110830,23311564,23497599,23665910,23815358,23943973,24090380,24254943,24396433,24524507,24646383,24764618,24878332,24987258,25097874,25211728,25329451,25451262,25575350,25698326,25817709,25931147,26037632,26136312,26232534,26328845,26418204,26498823
"Population, total",SP.POP.TOTL,"Korea, Rep.",KOR,25012374,25765673,26513030,27261747,27984155,28704674,29435571,30130983,30838302,31544266,32240827,32882704,33505406,34103149,34692266,35280725,35848523,36411795,36969185,37534236,38123775,38723248,39326352,39910403,40405956,40805744,41213674,41621690,42031247,42449038,42869283,43295704,43747962,44194628,44641540,45092991,45524681,45953580,46286503,46616677,47008111,47370164,47644736,47892330,48082519,48184561,48438292,48683638,49054708,49307835,49554112,49936638,50199853,50428893,50746659,51014947,51217803,51361911,51585058,51764822,51836239,51769539,51672569,51712619,51751065
"Population, total",SP.POP.TOTL,Kosovo,XKX,984846,1011421,1036950,1062737,1090270,1120168,1152586,1187667,1214208,1231460,1249555,1273021,1301579,1331176,1363123,1397686,1434880,1474457,1516249,1559787,1604818,1646565,1683166,1719245,1756818,1796018,1836972,1880590,1917882,1946339,1973790,2005362,2039723,2072664,2105256,2137514,2168753,2197284,2078964,1871524,1802493,1820009,1829462,1826434,1822773,1818354,1813079,1807094,1800858,1794681,1788743,1791949,1807126,1818119,1812788,1788274,1777568,1791019,1797086,1788891,1790151,1786079,1768096,1682668,1527324
"Population, total",SP.POP.TOTL,Kuwait,KWT,311060,345945,384995,427694,473115,521174,572590,628089,687716,749452,809114,865076,920352,977654,1038346,1104863,1178711,1258023,1340319,1423514,1504782,1583426,1662480,1744295,1820688,1894242,1972520,2052994,2134707,2217468,1684819,1351399,1634961,1672151,1664361,1681513,1730246,1787683,1844302,1900030,1954709,2008121,2059974,2109881,2157320,2236788,2364733,2507887,2651421,2795484,2943372,3132814,3337109,3507844,3665876,3834574,4004096,4154812,4323515,4442316,4400267,4360865,4589643,4853420,4973861
"Population, total",SP.POP.TOTL,Kyrgyz Republic,KGZ,2172300,2255900,2333400,2413700,2495300,2573300,2655300,2736500,2818300,2894800,2959900,3022300,3088200,3153800,3223900,3292400,3358700,3423900,3487100,3552000,3617400,3685800,3759300,3838300,3916400,3990300,4066500,4144600,4218400,4307500,4391236,4463634,4515400,4516777,4515069,4560454,4628438,4696421,4769015,4840422,4898362,4945073,4990704,5043308,5104713,5162640,5218373,5268385,5318729,5389643,5467059,5546587,5652076,5777150,5905848,6040036,6175338,6306696,6444079,6590211,6726596,6851224,6975220,7099750,7224614
"Population, total",SP.POP.TOTL,Lao PDR,LAO,2121514,2169796,2219910,2271061,2322826,2376200,2431084,2487715,2546377,2606959,2669702,2734628,2801660,2870573,2939761,3005521,3064876,3118923,3171740,3228202,3292573,3366631,3450026,3541001,3637843,3739985,3846715,3957612,4072601,4190974,4311955,4435118,4559646,4685060,4809220,4929409,5045678,5152011,5248266,5340784,5431212,5521482,5610889,5697945,5781626,5869523,5963200,6056236,6148969,6241642,6334194,6426590,6518978,6611385,6703172,6801645,6908802,7018147,7128045,7237636,7346533,7453194,7559007,7664993,7769819
"Population, total",SP.POP.TOTL,Latvia,LVA,2120979,2152681,2181586,2210919,2240623,2265919,2283217,2301220,2323619,2343173,2359164,2376389,2395674,2415819,2437186,2456130,2470989,2485073,2497921,2505953,2511701,2519421,2531080,2546011,2562047,2578873,2599892,2626583,2653434,2666955,2663151,2650581,2614338,2563290,2520742,2485056,2457222,2432851,2410019,2390482,2367550,2337170,2310173,2287955,2263122,2238799,2218357,2200325,2177322,2141669,2097555,2059709,2034319,2012647,1993782,1977527,1959537,1942248,1927174,1913822,1900449,1884490,1879383,1877445,1862441
"Population, total",SP.POP.TOTL,Lebanon,LBN,1794406,1850084,1909578,1970316,2030543,2088831,2148260,2206731,2266368,2328159,2386114,2446314,2509729,2572935,2635185,2693191,2726469,2762155,2822682,2882635,2944763,3008981,3054931,3094996,3152744,3217376,3300365,3385555,3454649,3525285,3595175,3668912,3747371,3820647,3889799,3960735,4034781,4108405,4181281,4255277,4329340,4401918,4463504,4525508,4599279,4671102,4751136,4844118,4925354,4992287,5041288,5096020,5235742,5743436,6346990,6472469,6323060,6160128,5984119,5794594,5702398,5718122,5744489,5773493,5805962
"Population, total",SP.POP.TOTL,Lesotho,LSO,736500,758824,781814,805373,829437,854090,881870,913982,948105,983202,1019273,1056246,1094063,1132697,1172420,1213643,1253214,1289967,1327240,1366169,1406521,1448069,1490732,1534413,1578986,1624379,1666138,1703390,1739841,1775436,1809696,1842379,1873274,1901793,1927707,1951437,1972418,1988130,1998049,2003234,2003913,2000853,1994679,1985059,1971129,1953076,1945063,1953268,1966541,1980883,1996251,2014009,2034354,2056504,2080089,2104611,2130422,2157110,2183603,2209405,2235727,2261542,2286110,2311472,2337423
"Population, total",SP.POP.TOTL,Liberia,LBR,1139522,1167717,1197039,1227414,1258745,1291156,1324383,1358435,1393530,1429605,1466676,1504077,1542670,1583588,1626362,1670913,1717060,1766019,1818247,1872713,1929253,1986867,2045073,2107113,2173312,2240539,2308511,2377229,2446941,2517858,2223667,1956518,2072461,2155126,2149928,2169162,2232289,2412989,2670124,2821684,2928117,3015338,3094782,3119532,3156892,3301015,3490787,3669050,3821003,3943028,4058890,4221178,4373043,4470239,4564293,4659431,4755608,4848925,4944726,5043721,5149463,5259323,5373294,5493031,5612817
"Population, total",SP.POP.TOTL,Libya,LBY,1492890,1555699,1621960,1690457,1753691,1804015,1849063,1898199,1952781,2014293,2082589,2153534,2226091,2314193,2432211,2571556,2721237,2881533,3052526,3233846,3424378,3621486,3724765,3718961,3773633,3898745,4017403,4129739,4237755,4342920,4445239,4544400,4640352,4733045,4822037,4906843,4987393,5064639,5140704,5218038,5305021,5403639,5508410,5619398,5736693,5858798,5980211,6104380,6235430,6366686,6497839,6343203,6179328,6304628,6427252,6531819,6632126,6738770,6849055,6951033,7045399,7135175,7223805,7305659,7381023
"Population, total",SP.POP.TOTL,Liechtenstein,LIE,16451,16877,17443,18093,18755,19195,19610,20175,20835,21084,21140,21600,22132,22785,23451,23846,24058,24442,25028,25575,25512,25673,26255,26446,26596,26878,27238,27557,27948,28317,28742,29209,29627,30089,30470,30776,31033,31232,31668,32221,32645,33194,33694,34079,34447,34753,35037,35262,35473,35742,36022,36312,36657,36984,37248,37494,37716,37962,38246,38563,38901,39182,39493,39850,40197
"Population, total",SP.POP.TOTL,Lithuania,LTU,2778550,2823550,2863350,2898950,2935200,2971450,3008050,3044400,3078850,3107321,3139689,3179041,3213622,3244438,3273894,3301652,3328664,3355036,3379514,3397842,3413202,3432947,3457179,3485192,3514205,3544543,3578914,3616367,3655049,3684255,3697838,3704134,3700114,3682613,3657144,3629102,3601613,3575137,3549331,3524238,3499536,3470818,3443067,3415213,3377075,3322528,3269909,3231294,3198231,3162916,3097282,3028115,2989139,2961250,2937253,2911109,2877325,2842639,2819200,2811089,2810369,2808380,2831639,2871585,2888055
"Population, total",SP.POP.TOTL,Luxembourg,LUX,313970,316845,320750,324100,327750,331500,333895,334995,335850,337500,339171,342421,346600,350450,355050,358950,360731,361358,362007,362856,364150,365225,365525,365622,365998,366706,368355,370750,373450,377100,381850,387000,392175,397475,402925,408625,414225,419450,424700,430475,436300,441525,446175,451630,458095,465158,472637,479993,488650,497783,506953,518347,530946,543360,556319,569604,582014,596336,607950,620001,630419,640064,653103,666430,677717
"Population, total",SP.POP.TOTL,"Macao SAR, China",MAC,173315,173323,177810,182135,225655,265631,262942,260423,257933,255306,257396,247400,245050,242800,240550,238200,235600,232950,232400,235200,239650,244800,254650,269300,282850,289700,296050,306850,316000,325100,334950,351650,370900,384000,396800,409300,415100,417300,422300,427400,430600,433900,438400,443600,454700,473500,498900,520900,540700,535000,537000,549600,567900,591900,621700,642900,652500,648400,658900,672000,685400,682500,677300,678800,687000
"Population, total",SP.POP.TOTL,Madagascar,MDG,5111029,5246158,5384150,5525185,5669863,5819116,5974279,6136486,6306493,6484716,6672003,6868868,7074398,7288048,7509726,7739336,7976831,8222240,8475864,8737581,9006032,9279011,9557671,9843044,10134550,10433142,10736857,11047291,11369462,11704998,12055639,12421412,12800870,13197345,13613850,14051275,14510711,14990814,15489364,16000506,16516338,17032939,17549913,18071854,18606608,19159707,19730909,20318583,20923840,21547280,22183340,22822300,23462438,24109290,24764348,25426702,26099952,26788375,27494926,28219554,28953556,29691083,30437261,31195932,31964956
"Population, total",SP.POP.TOTL,Malawi,MWI,3628134,3715534,3806307,3900506,3997305,4096157,4197926,4303012,4411054,4521184,4633944,4751434,4874475,5003938,5141337,5287367,5443384,5614983,5810132,6028749,6265529,6516454,6778879,7051709,7332810,7620508,7906480,8293174,8753262,9176220,9545852,9844227,10135079,10284024,10164894,10150117,10352228,10562035,10792876,11047804,11315942,11593058,11880440,12181574,12500737,12840031,13198701,13576343,13976417,14395788,14826463,15265022,15709577,16161816,16621538,17085587,17557739,18039715,18528081,19025752,19533888,20047258,20568728,21104482,21655286
"Population, total",SP.POP.TOTL,Malaysia,MYS,7956197,8164443,8380172,8602160,8828406,9056408,9284688,9507099,9725281,9947597,10178802,10423453,10676835,10935621,11200906,11471914,11750097,12035713,12328157,12627862,12983363,13399203,13832798,14285907,14759009,15252258,15760419,16276737,16796605,17314997,17833171,18342464,18834572,19322664,19820446,20330599,20850087,21375218,21906713,22435531,22967816,23526538,24102477,24679602,25256772,25836071,26417909,26998389,27570059,28124778,28655776,29162039,29662831,30174265,30696137,31232798,31789685,32355644,32910967,33440596,33889558,34282399,34695493,35126298,35557673
"Population, total",SP.POP.TOTL,Maldives,MDV,91189,93450,95802,98222,100662,104102,108507,112528,116075,119564,123219,127035,130968,134952,138978,143158,147525,151930,156159,160360,164835,169532,174333,179128,184198,190169,196935,203944,210885,217738,224762,231802,238543,244884,250822,256649,262347,267707,272723,277412,282019,286767,291616,296491,301413,306429,313851,324479,336170,348275,360792,373674,386818,400070,413617,428154,443308,458287,473099,487731,502118,516154,524106,525994,527799
"Population, total",SP.POP.TOTL,Mali,MLI,5402550,5482283,5563917,5646605,5730125,5815487,5902204,5990906,6082979,6177704,6276472,6377944,6483726,6597106,6715436,6837261,6960979,7090979,7229651,7375266,7530515,7692766,7860194,8034400,8208599,8374663,8531277,8681164,8833996,8999938,9178830,9362888,9553540,9754786,9967031,10185365,10407278,10646495,10919573,11227415,11559290,11912158,12288050,12684955,13102409,13538647,13990139,14457775,14940782,15435539,15945198,16469049,16957033,17459615,18020267,18593022,19191289,19813011,20442030,21068405,21713836,22388630,23072640,23769127,24478595
"Population, total",SP.POP.TOTL,Malta,MLT,326550,325250,323900,322550,321250,318800,315200,311550,307900,304300,302650,302700,302450,302200,301996,304222,305774,306970,310182,313342,316645,318982,325898,330524,330593,336452,342121,344485,347325,350722,354170,363845,367618,371308,374797,377419,379905,382791,385287,387578,390087,393028,395969,398582,401268,403834,405308,406724,409379,412477,414508,416268,420028,424810,433481,444220,454505,467106,483903,503912,515490,518150,531113,552747,574346
"Population, total",SP.POP.TOTL,Marshall Islands,MHL,14703,15219,15755,16302,16852,17402,17927,18655,19862,21305,22530,23366,23992,24581,25296,26154,27021,27906,28809,29738,30774,32017,33397,34811,36264,37761,39286,40828,42321,43586,44629,45568,46388,47093,47712,48266,48775,49259,49717,50202,50706,51123,51425,51639,51791,51906,51992,52035,52030,52019,52044,51907,51419,50681,49796,48800,47709,46529,45285,44007,42706,41367,40077,38827,37548
"Population, total",SP.POP.TOTL,Mauritania,MRT,824298,846167,869184,893423,918955,945838,974157,1003843,1034739,1066754,1099806,1133702,1168355,1203838,1240188,1277330,1315336,1353768,1392713,1432758,1474043,1516877,1561176,1606746,1653693,1702107,1751835,1803014,1855859,1903048,1951878,2009738,2088135,2174328,2249454,2312017,2358188,2411306,2474651,2541698,2613441,2678760,2738655,2802046,2868664,2939059,3013660,3093059,3183269,3284448,3390965,3502811,3619034,3734318,3848514,3965959,4086657,4210600,4337685,4467708,4600131,4734874,4875637,5022441,5169395
"Population, total",SP.POP.TOTL,Mauritius,MUS,680331,680757,700349,718861,736381,753000,768813,783917,798413,812405,826000,839230,852053,864819,878042,892000,906507,921379,933499,949888,966039,980462,992521,1001691,1012221,1020528,1028360,1036082,1043239,1051260,1058775,1070266,1084441,1097374,1112846,1122457,1133996,1148284,1160421,1175267,1186873,1196287,1204621,1213370,1221003,1228254,1233996,1239630,1244121,1247429,1250400,1252404,1255882,1258927,1261208,1262879,1263747,1264887,1265577,1265985,1266014,1266334,1262523,1261041,1259509
"Population, total",SP.POP.TOTL,Mexico,MEX,36724615,37890118,39129200,40424065,41772049,43174477,44629106,46129608,47668303,49233194,50814953,52412558,54030168,55667284,57320149,58982400,60645512,62308493,63979046,65648865,67300334,68892108,70433260,71971240,73506846,75043414,76585637,78136651,79695531,81247182,82820170,84430572,86044809,87653807,89259205,90862455,92452702,94021207,95575245,97115707,98625552,100099099,101548624,102978515,104394131,105811504,107253666,108774360,110374288,111999721,113623895,115243504,116818208,118343573,119784261,121072306,122251351,123400057,124573711,125762982,126799054,127648148,128613117,129739759,130861007
"Population, total",SP.POP.TOTL,"Micronesia, Fed. Sts.",FSM,43061,44610,46218,47744,49181,50684,52258,53846,55457,57145,58922,60636,62278,63986,65749,67428,69049,70753,72754,75054,77407,79794,82219,84680,87176,89707,92266,94844,97097,99003,100888,102754,104806,107066,109075,110230,110710,111071,111377,111680,112044,112365,112448,112285,111925,111412,110729,109880,108936,107957,107540,107698,107890,108121,108396,108716,109075,109481,109909,110282,110916,111624,112114,112630,113160
"Population, total",SP.POP.TOTL,Moldova,MDA,2058020,2103327,2147227,2188895,2228000,2265287,2301871,2337695,2373073,2408469,2437590,2460611,2484742,2510584,2538164,2566998,2596491,2626298,2656211,2683035,2708675,2735987,2763101,2791207,2820518,2850787,2883057,2916306,2948891,2970039,2977912,2981566,2980965,2975966,2966745,2953200,2947293,2936413,2935227,2930622,2924668,2918135,2911385,2903198,2896023,2888985,2880967,2874299,2868833,2865213,2862354,2860699,2860324,2859558,2857815,2835978,2803186,2755189,2707203,2664224,2635130,2595809,2528654,2457783,2389275
"Population, total",SP.POP.TOTL,Monaco,MCO,21808,21901,22078,22385,22686,22941,23131,23230,23437,23831,24229,24576,24862,25072,25235,25500,25895,26273,26605,26892,27122,27293,27561,27960,28356,28731,29093,29446,29781,30084,30358,30625,30887,31136,31375,31609,31837,32063,32267,32410,32455,32447,32422,32374,32307,32210,32057,31837,31836,32364,33163,33946,34711,35447,36128,36757,37276,37678,38154,38109,38050,38527,38931,38956,38631
"Population, total",SP.POP.TOTL,Mongolia,MNG,977595,1009284,1041444,1071362,1100234,1131177,1163754,1196996,1229930,1262284,1295272,1330071,1366821,1405502,1446050,1488296,1531945,1576245,1619468,1660659,1701335,1742857,1785364,1829092,1874349,1921514,1970965,2022800,2076322,2124185,2098710,2165342,2167790,2165130,2189395,2224945,2259507,2291750,2323809,2356813,2388299,2417751,2449027,2480374,2508412,2536407,2567168,2601850,2643201,2691115,2738622,2786317,2839705,2899011,2963113,3026864,3088856,3148917,3208189,3267673,3327204,3383741,3433748,3481145,3524788
"Population, total",SP.POP.TOTL,Montenegro,MNE,480579,491140,502558,513409,521753,526327,526419,522796,517481,513340,512407,515449,521785,530220,538902,546487,552562,557576,562065,566888,572608,579445,587001,594506,600884,605398,607711,608144,607413,606571,606372,607105,608516,610170,611389,611712,611003,609520,607662,606001,604950,607389,609828,612267,613353,614261,615025,615875,616969,618294,619428,620345,621418,622587,623744,624651,625353,625982,626438,626753,626590,625053,623591,623529,623831
"Population, total",SP.POP.TOTL,Morocco,MAR,11624933,11931085,12253092,12577502,12898886,13239171,13597065,13968175,14347899,14734255,15129449,15527225,15924692,16326269,16733842,17150786,17574182,18014756,18477385,18955589,19459943,19985401,20520318,21060696,21593778,22113953,22600803,23054392,23500524,23939414,24375551,24799014,25212468,25614586,26000822,26399429,26808107,27213337,27621648,28027179,28423435,28814643,29198142,29571415,29953018,30358144,30771178,31186468,31606767,32030778,32467016,32912588,33355241,33787571,34204780,34607588,35023457,35446392,35839760,36210898,36584208,36954442,37329064,37712505,38081173
"Population, total",SP.POP.TOTL,Mozambique,MOZ,6713695,6834936,6969364,7109828,7255061,7406421,7562990,7724550,7892613,8066951,8250506,8456317,8692935,8954242,9236093,9540817,9867209,10224975,10618250,11028809,11336221,11568127,11824370,12073822,12315954,12548949,12770578,12822574,12800558,12906842,13094537,13352090,13613316,14051192,15033853,15960530,16492480,16949982,17340464,17734506,18129653,18537729,18958338,19392475,19840313,20304569,20787087,21287635,21819036,22391745,22999235,23649039,24337846,25051611,25788475,26547572,27337105,28166393,29018644,29884380,30783688,31707800,32656246,33635160,34631766
"Population, total",SP.POP.TOTL,Myanmar,MMR,21730250,22210581,22704719,23213408,23737315,24279431,24836496,25406429,25989662,26585112,27193016,27807219,28428324,29026388,29598167,30176565,30758811,31355966,31972976,32596550,33227204,33858783,34482965,35162715,35899313,36622827,37314878,37971594,38600927,39214618,39817251,40394154,40950342,41502429,42055143,42605338,43154860,43708798,44257793,44787724,45290841,45771139,46232653,46667192,47068772,47438365,47785135,48125043,48390793,48660459,49024382,49419820,49837446,50262658,50681634,51089056,51495696,51894938,52272247,52640713,53016522,53387102,53756787,54133798,54500091
"Population, total",SP.POP.TOTL,Namibia,NAM,591465,603067,615759,629589,644530,660558,677655,696045,715542,736120,757868,780584,804399,828928,854320,881032,906566,931104,947269,962825,981434,992500,1010308,1037511,1065989,1096890,1131081,1167889,1209696,1288947,1369303,1415684,1461322,1508697,1556304,1602170,1646103,1689264,1732745,1776368,1818647,1857048,1889970,1917464,1942082,1966582,1991888,2018600,2047056,2077394,2109811,2146325,2194654,2252508,2312139,2374300,2439213,2506853,2577327,2650494,2728762,2810548,2889662,2963095,3030131
"Population, total",SP.POP.TOTL,Nauru,NRU,4607,4774,4979,5226,5515,5832,6043,6135,6328,6581,6710,6762,6812,6866,6923,6987,7064,7163,7298,7468,7649,7839,8040,8216,8377,8551,8742,8946,9165,9390,9622,9850,10021,10102,10137,10165,10183,10197,10198,10187,10168,10130,10082,10059,10060,10049,10034,10020,10009,10016,10043,10098,10267,10517,10742,10954,11150,11324,11477,11587,11643,11709,11801,11875,11947
"Population, total",SP.POP.TOTL,Nepal,NPL,10123658,10318396,10521116,10729818,10946392,11173411,11408710,11652716,11906266,12167036,12436190,12710061,12989099,13275239,13568435,13870695,14177649,14499175,14839695,15190590,15553105,15922423,16297987,16689119,17085242,17477692,17868124,18250505,18638661,19057807,19524573,20036500,20609707,21180159,21717479,22245439,22741862,23219463,23680357,24125199,24546509,24946748,25328981,25688758,26016656,26309458,26565425,26788492,26990037,27173035,27341952,27464494,27534915,27589996,27672370,27823629,27955462,28011258,28079689,28414064,28966574,29475010,29715436,29694614,29651054
"Population, total",SP.POP.TOTL,Netherlands,NLD,11486631,11638712,11805689,11965966,12127120,12294732,12456251,12598201,12729721,12877984,13038526,13194497,13328593,13439322,13545056,13666335,13774037,13856185,13941700,14038270,14149800,14247208,14312690,14367070,14424211,14491632,14572278,14665037,14760094,14848907,14951510,15069798,15184166,15290368,15382838,15459006,15530498,15610650,15707209,15812088,15925513,16046180,16148929,16225302,16281779,16319868,16346101,16381696,16445593,16530388,16615394,16693074,16754962,16804432,16865008,16939923,17030314,17131296,17231624,17344874,17441500,17533044,17700982,17877117,17994237
"Population, total",SP.POP.TOTL,New Caledonia,NCL,79819,82521,85334,88050,90602,93159,95820,98587,101441,104849,109338,114514,119931,125585,131452,137462,142091,144599,146392,148132,149817,151441,153001,155003,157583,160234,162898,165650,168502,172029,176456,181238,186072,190857,195614,200379,205034,209560,214047,218527,223098,227707,232236,236678,240852,244381,247547,250725,253825,257250,261582,266543,271633,276822,281224,283168,283423,283546,283541,283606,284176,285214,287123,289870,292639
"Population, total",SP.POP.TOTL,New Zealand,NZL,2371800,2419700,2482000,2531800,2585400,2628400,2675900,2724100,2748100,2772800,2810700,2853000,2903900,2961300,3023700,3083100,3110500,3120200,3121200,3109000,3112900,3124900,3156100,3199300,3227100,3247100,3246300,3274400,3283400,3299200,3329800,3495100,3531700,3572200,3620000,3673400,3732000,3781300,3815000,3835100,3857700,3880500,3948500,4027200,4087500,4133900,4184600,4223800,4259800,4302600,4350700,4384000,4408100,4442100,4516500,4609400,4714100,4813600,4900600,4979200,5090200,5111300,5117100,5245000,5338500
"Population, total",SP.POP.TOTL,Nicaragua,NIC,1782370,1836451,1892320,1950159,2010176,2072681,2137820,2205567,2275836,2348398,2423065,2499825,2573578,2649278,2732075,2816943,2903851,2992534,3080314,3164525,3252403,3345674,3438745,3530282,3619104,3706479,3794157,3882164,3972320,4066476,4162559,4259637,4357026,4453732,4549316,4642931,4729974,4809573,4883655,4954018,5022633,5087825,5149909,5210963,5272912,5342105,5418855,5497243,5576593,5656601,5737450,5819051,5901287,5983845,6066492,6149417,6232666,6316231,6400080,6483657,6565267,6644741,6730654,6823613,6916140
"Population, total",SP.POP.TOTL,Niger,NER,3505050,3608162,3714520,3823873,3935814,4049695,4165544,4283590,4403637,4525725,4650275,4776225,4904845,5037865,5174953,5317019,5464962,5619716,5782932,5955556,6135971,6322006,6512732,6708644,6909971,7118457,7335811,7561150,7793748,8034780,8286059,8546900,8817633,9100789,9398258,9714529,10044852,10383969,10741413,11117411,11509630,11920647,12349144,12796984,13265836,13756192,14268581,14803610,15361915,15943675,16548835,17176283,17836769,18519898,19215909,19939498,20685753,21435446,22188069,22947757,23717613,24502140,25311973,26159867,27032412
"Population, total",SP.POP.TOTL,Nigeria,NGA,45053782,45989310,46965292,47973575,49012016,50086764,51188234,52293065,53432783,54631914,55893838,57214684,58601748,60082139,61679144,63410815,65258009,67234590,69326532,71498242,73764641,76068103,78378701,80438260,82526443,84897973,87235953,89591716,92020090,94531014,97120925,99720162,102372770,105122069,107935714,110819428,113754779,116754792,119846254,123047320,126382494,129862595,133471989,137202644,141057045,145017253,149077334,153267261,157595014,162049464,166642886,171379598,176200625,181049443,185896915,190671878,195443700,200254579,204938755,209485641,213996181,218529286,223150896,227882945,232679478
"Population, total",SP.POP.TOTL,North Macedonia,MKD,1435059,1455171,1471745,1488737,1510900,1533466,1557349,1582492,1608930,1636345,1664208,1691216,1717395,1743816,1770545,1797972,1825830,1853138,1879847,1906523,1933038,1959065,1978956,1991901,2003399,2014331,2024732,2035157,2045737,2055649,2063689,2055994,2032523,2006854,1992666,1998534,2012553,1996869,2007523,2017142,2026350,2034882,2020157,2022725,2016186,2005330,1994287,1982933,1971493,1958782,1946298,1937398,1929821,1922716,1917557,1912430,1906313,1898657,1889051,1876262,1856124,1837114,1831712,1827816,1792179
"Population, total",SP.POP.TOTL,Northern Mariana Islands,MNP,8736,8995,9280,9595,9925,10264,10612,10749,10468,9989,10170,11271,12636,13880,14655,15065,15438,15787,16130,16488,17625,19826,22350,24936,27575,30258,32980,35736,38519,41303,43342,44393,45181,45952,46730,48176,51706,56596,61337,65916,68356,67984,66778,65421,63938,62354,60682,58941,57150,55325,54091,53608,53234,52758,52178,51514,50773,49959,49077,48129,47528,46979,46078,45143,44278
"Population, total",SP.POP.TOTL,Norway,NOR,3581239,3609800,3638918,3666537,3694339,3723168,3753012,3784539,3816486,3847707,3875763,3903039,3933004,3960612,3985258,4007313,4026152,4043205,4058671,4072517,4085620,4099702,4114787,4128432,4140099,4152516,4167354,4186905,4209488,4226901,4241473,4261732,4286401,4311991,4336613,4359184,4381336,4405157,4431464,4461913,4490967,4513751,4538159,4564855,4591910,4623291,4660677,4709153,4768212,4828726,4889252,4953088,5018573,5079623,5137232,5188607,5234519,5276968,5311916,5347896,5379475,5408320,5457127,5519594,5572272
"Population, total",SP.POP.TOTL,Oman,OMN,530485,539854,549941,560827,572577,585236,598804,613318,628798,645255,662680,681119,700593,721179,746988,778864,814701,855314,900304,949116,1001248,1057320,1117678,1181459,1247716,1325480,1413419,1500996,1588568,1676228,1763954,1851473,1938238,2021675,2081834,2120528,2156926,2190720,2222489,2252909,2282131,2310217,2337140,2363796,2404821,2459802,2514795,2570174,2626529,2684659,2757446,3076763,3547106,3833913,4002439,4184895,4390877,4537396,4597877,4591241,4522497,4500424,4730226,5049269,5281538
"Population, total",SP.POP.TOTL,Pakistan,PAK,45709310,46921277,48156128,49447776,50799999,52209010,53678667,55214768,56810507,58460939,60166719,61847899,63583194,65461912,67415487,69461175,71620254,73901827,76307379,78997039,82291010,85802049,89089246,92227711,95164936,98229285,101606764,105130717,108724739,112336629,116155576,120060406,123546848,127020117,130748083,134582253,138557092,142531804,146522356,150565377,154879127,159270907,163222549,167110248,171286000,175453212,179682690,184493231,189499113,194376534,199239047,203746065,207667125,211073978,214264647,217290883,220138869,223273967,226928892,230800899,235001746,239477801,243700667,247504495,251269164
"Population, total",SP.POP.TOTL,Palau,PLW,9328,9555,9793,10037,10292,10547,10805,10988,11080,11159,11368,11759,12194,12552,12687,12655,12598,12525,12440,12337,12271,12402,12694,13006,13337,13688,14024,14334,14645,14945,15259,15614,15989,16372,16770,17195,17654,18108,18524,18901,19178,19352,19503,19659,19820,19819,19593,19302,19009,18709,18396,18078,17765,17648,17715,17770,17797,17812,17814,17798,17792,17783,17759,17727,17695
"Population, total",SP.POP.TOTL,Panama,PAN,1126005,1159870,1195301,1232124,1270065,1308835,1348388,1388628,1429447,1470886,1513070,1556081,1599723,1643690,1687926,1732389,1776935,1821543,1866311,1911552,1957534,2004418,2052271,2101106,2150782,2200915,2251325,2301970,2352848,2403820,2455583,2508265,2561336,2615099,2669546,2724557,2780227,2836695,2893914,2951822,3010369,3069537,3129344,3189807,3251155,3313026,3375024,3437490,3500648,3564381,3628535,3693505,3759256,3825329,3892101,3960035,4029086,4098707,4167860,4234700,4293261,4345405,4400773,4458759,4515577
"Population, total",SP.POP.TOTL,Papua New Guinea,PNG,1995110,2046127,2093919,2141376,2188325,2235820,2285774,2337532,2390803,2446927,2505628,2566421,2628432,2690629,2752671,2814820,2877327,2940327,3003714,3067341,3131512,3197019,3264291,3333633,3405198,3478936,3554793,3632543,3711880,3796078,3896481,4021837,4166699,4320872,4480208,4644278,4813361,4987883,5166390,5349333,5537064,5728435,5924003,6123997,6328041,6535905,6747720,6963345,7183002,7406438,7633523,7859346,8081390,8302698,8523441,8743246,8961718,9178714,9394513,9609010,9815746,10012896,10203169,10389635,10576502
"Population, total",SP.POP.TOTL,Paraguay,PRY,1883514,1927394,1973130,2021909,2073119,2125177,2177584,2229994,2282391,2334992,2388028,2442537,2499881,2561102,2625621,2691648,2758836,2827874,2899269,2973968,3053235,3137604,3226189,3318068,3412936,3510671,3611474,3714889,3820546,3927802,4035747,4144364,4253600,4362696,4471417,4579806,4687543,4794412,4900025,5003135,5100868,5187689,5261328,5326436,5388175,5448097,5505148,5559386,5613574,5671236,5737971,5814626,5897008,5982445,6069811,6159103,6249126,6338660,6427382,6515058,6603739,6684182,6760464,6844146,6929153
"Population, total",SP.POP.TOTL,Peru,PER,10174127,10475123,10784612,11102099,11427978,11761085,12101297,12448814,12803993,13166767,13501237,13838067,14210147,14582867,14956552,15333957,15716809,16109806,16516059,16933139,17360949,17798805,18246503,18705957,19174716,19648204,20117122,20582320,21054702,21532589,22014771,22483775,22946340,23413783,23881493,24348919,24811171,25274147,25738095,26186504,26598331,26964601,27288217,27580490,27852190,28101180,28324491,28530699,28719041,28896811,29086019,29304086,29550366,29817919,30115826,30457600,30866494,31324637,31897584,32449303,32838579,33155882,33475438,33845617,34217848
"Population, total",SP.POP.TOTL,Philippines,PHL,27891897,28792621,29723536,30674731,31643032,32625316,33617170,34621320,35638342,36660799,37622204,38518659,39408560,40294130,41174341,42120826,43201488,44367962,45575281,46807103,48043740,49311727,50695707,52194620,53726181,55213006,56645077,58157496,59739052,61265260,62854666,64382249,65926125,67530621,69019291,70546246,72190242,73908810,75791024,77753257,79625397,81401488,83068889,84731835,86394504,88015962,89508986,91075184,92699095,94384250,96337125,98248614,100175512,102076336,103767130,105312992,106735719,108119693,109465287,110804683,112081264,113100950,113964338,114891199,115843670
"Population, total",SP.POP.TOTL,Poland,POL,29637450,29964000,30308500,30712000,31139450,31444950,31681000,31987155,32294655,32548300,32664300,32783500,33055650,33357200,33678899,34015199,34356300,34689050,34965600,35247217,35574150,35898587,36230481,36571808,36904134,37201885,37456119,37668045,37824487,37961529,38110782,38246193,38363667,38461408,38542652,38594998,38624370,38649660,38663481,38660271,38258629,38248076,38230364,38204570,38182222,38165445,38141267,38120560,38125759,38151603,38042794,38063255,38063164,38040196,38011735,37986412,37970087,37974826,37974750,37965475,37515748,36981559,36821749,36687353,36554707
"Population, total",SP.POP.TOTL,Portugal,PRT,8857716,8929316,8993985,9030355,9035365,8998595,8930990,8874520,8836650,8757705,8680431,8643756,8630430,8633100,8754365,9093470,9355810,9455675,9558250,9661265,9766312,9851362,9911771,9957865,9996232,10023613,10032734,10030031,10019610,10005000,9983218,9960235,9952494,9964675,9991525,10026176,10063945,10108977,10160196,10217828,10289898,10362722,10419631,10458821,10483861,10503330,10522288,10542964,10558177,10568247,10573100,10557560,10514844,10457295,10401062,10358076,10325452,10300300,10283822,10286263,10297081,10361831,10434332,10578174,10701636
"Population, total",SP.POP.TOTL,Puerto Rico (US),PRI,2358000,2399722,2450322,2504530,2554066,2594000,2624995,2645674,2662064,2684150,2718000,2762190,2817256,2878786,2939299,2994000,3043854,3088690,3129421,3168088,3206000,3242552,3277453,3311138,3344190,3377000,3409554,3441850,3473898,3505650,3537000,3562110,3585176,3615497,3649237,3683103,3724655,3759430,3781101,3800081,3810605,3818774,3823701,3826095,3826878,3821362,3805214,3782995,3760866,3740410,3724465,3693464,3661045,3631427,3585017,3535167,3480432,3410837,3290690,3302691,3281590,3262711,3220137,3203792,3203295
"Population, total",SP.POP.TOTL,Qatar,QAT,36010,39680,44630,50380,56867,64065,72192,81439,91749,103025,116350,131346,146506,161841,177362,193087,209052,225285,241808,258670,275913,293553,311537,329709,347878,365940,382422,397005,411264,425646,440175,454853,469657,484545,499459,514325,529019,550500,580540,612500,644989,677925,711205,744682,773332,825408,972831,1208595,1426938,1608903,1616832,1624761,1722438,1916426,2151745,2344557,2477113,2545820,2580734,2638657,2794148,2504910,2657333,2656032,2857822
"Population, total",SP.POP.TOTL,Romania,ROU,18406905,18555250,18676550,18797850,18919126,19031576,19215450,19534242,19799831,20009141,20250398,20461567,20657957,20835681,21029429,21293583,21551634,21756096,21951464,22090488,22207282,22353070,22475741,22560478,22640547,22732999,22836841,22949430,23057662,23161458,23201835,23001155,22794284,22763280,22730211,22684270,22619004,22553978,22507344,22472040,22442971,22131970,21730496,21574326,21451748,21319685,21193760,20882982,20537875,20367487,20246871,20147528,20058035,19983693,19908979,19815616,19702267,19588715,19473970,19371648,19265250,19122059,19048502,19059479,19069340
"Population, total",SP.POP.TOTL,Russian Federation,RUS,119897000,121236000,122591000,123960000,125345000,126745000,127468000,128196000,128928000,129664000,130404000,131155000,131909000,132669000,133432000,134200000,135147000,136100000,137060000,138027000,139010000,139941000,140823000,141668000,142745000,143858000,144894000,145908000,146857000,147721000,147969406,148394216,148538197,148458777,148407912,148375787,148160129,147915361,147670784,147214776,146596869,145976482,145306497,144648618,144067316,143518814,143049637,142805114,142742366,142785348,142849468,143018195,143378447,143805638,144237223,144640716,145015460,145293260,145398106,145453291,145245148,144746762,144236933,143826130,143533851
"Population, total",SP.POP.TOTL,Rwanda,RWA,3022294,3106779,3186025,3258890,3334834,3423210,3521626,3629577,3744010,3861271,3980669,4100044,4220335,4345047,4474228,4607728,4745954,4888240,5035171,5189541,5353259,5527230,5711549,5905311,6107627,6317228,6531881,6749493,6968071,7184706,7375307,7526966,7683266,7981132,6792352,5674118,6708764,7755238,8081681,8147912,8213931,8287094,8400180,8586875,8816844,9054528,9299246,9549933,9804269,10060432,10317553,10573733,10829901,11093340,11364757,11640022,11919183,12202060,12487996,12776103,13065837,13355260,13651030,13954471,14256567
"Population, total",SP.POP.TOTL,Samoa,WSM,112490,115496,118597,121764,124894,127978,131073,133764,136020,138233,140400,142503,144538,146516,149431,153344,157113,159753,161375,162882,164322,165678,166484,166714,166796,166849,167061,167661,168346,168768,169042,169368,170331,171774,173159,174571,176071,177547,178905,180275,181685,183166,184471,185430,186249,186978,187709,188753,190107,191513,193023,194713,196498,198268,200037,201782,203499,205415,207582,209780,211944,213779,215261,216663,218019
"Population, total",SP.POP.TOTL,San Marino,SMR,15428,15799,16183,16580,16977,17305,17523,17688,17861,18026,18168,18419,18787,18992,19030,19046,19110,20017,21026,21320,21585,21840,22055,22229,22346,22485,22636,22686,22843,23154,23475,23797,24125,24472,24823,25158,25482,25800,26125,26459,26799,27143,27491,27843,29457,29836,30184,31211,31662,33066,33270,32620,33469,33041,32655,32897,33101,33825,34522,34663,34770,34252,33755,33860,33977
"Population, total",SP.POP.TOTL,Sao Tome and Principe,STP,68012,68707,69403,70112,70865,71680,72576,73596,74765,76083,77626,79330,81041,82798,84672,86708,88922,91301,93794,96252,98544,100615,102508,104380,106394,108658,111150,113919,116939,119979,122980,125697,128110,130467,132732,134895,136962,138922,140751,142442,144018,146375,149922,153814,157705,161639,165638,169700,173793,177853,181802,185649,189439,193148,196767,200291,203689,206970,210187,213392,217435,221961,226305,230871,235536
"Population, total",SP.POP.TOTL,Saudi Arabia,SAU,2435403,2526347,2620910,2719341,2821968,2928771,3039887,3157242,3282711,3417114,3562470,3724031,3905722,4106344,4323632,4556287,4807933,5083048,5381902,5703698,6047997,6420551,6824486,7252941,7697307,8151779,8628639,9130194,9629165,10128394,10640691,11160744,11686676,12215862,12750040,13289245,13831009,14374943,14922185,15472075,16177722,17041397,17910910,18786767,19669480,20559890,21459144,22368313,23287877,24217654,23978487,25091867,26168861,27624004,28309273,29816382,30954198,30977355,30196281,30063799,31552510,30784383,32175224,33702731,35300280
"Population, total",SP.POP.TOTL,Senegal,SEN,3340907,3436375,3534686,3635876,3740535,3849788,3964299,4083870,4207587,4334974,4466328,4601864,4741631,4885181,5029437,5170810,5308564,5439549,5568096,5702895,5845638,5997160,6156961,6324504,6499364,6683287,6878192,7081530,7289618,7502207,7720523,7943085,8168395,8396288,8624078,8848101,9067014,9283495,9502952,9730887,9968260,10212942,10466214,10721176,10975704,11235472,11500094,11770344,12048959,12337389,12635413,12958897,13310495,13710849,14152102,14593331,15034521,15475002,15914498,16352922,16789219,17220867,17651103,18077573,18501984
"Population, total",SP.POP.TOTL,Serbia,SRB,6638992,6689077,6740264,6787950,6832855,6876624,6927969,6966522,7007586,7123249,7164993,7211716,7252012,7283902,7326043,7368717,7418973,7462783,7504017,7541997,7709544,7736787,7763335,7788100,7813549,7835902,7853824,7868027,7884218,7893787,7897937,7595636,7604063,7614328,7622711,7628264,7622185,7598538,7567745,7540401,7516346,7503433,7500031,7480591,7463157,7440769,7411569,7381579,7350222,7320807,7291436,7236519,7201497,7166553,7131787,7095383,7058322,7020858,6982604,6945235,6899126,6834326,6664449,6623183,6587202
"Population, total",SP.POP.TOTL,Seychelles,SYC,41700,42889,44042,45176,46322,47500,48699,49911,51134,52365,53600,54695,56029,56892,57937,59292,60504,61786,62150,62686,63261,64035,64413,64335,64717,65244,65652,68499,68755,69167,69507,70439,70763,72253,74205,75304,76417,77319,78846,80410,81131,81202,83723,82781,82475,82858,84600,85033,86956,87298,89770,87441,88303,89949,91359,93419,94677,95843,96762,97625,98462,99258,119878,119773,121354
"Population, total",SP.POP.TOTL,Sierra Leone,SLE,2268356,2304227,2342242,2382258,2424390,2468666,2514638,2562384,2611532,2661365,2712286,2763222,2814388,2866955,2920459,2974657,3028820,3085354,3145517,3207499,3272089,3338940,3408183,3481646,3558758,3638438,3728380,3829718,3934517,4034037,4196828,4246267,4166366,4157130,4173105,4179179,4199210,4253716,4295785,4318043,4423611,4692716,4971435,5177687,5355717,5501712,5624466,5749352,5894722,6055646,6222714,6387251,6551080,6714051,6876385,7037655,7205328,7379299,7554563,7731991,7912558,8094602,8276807,8460512,8642022
"Population, total",SP.POP.TOTL,Singapore,SGP,1646400,1702400,1750200,1795000,1841600,1886900,1934400,1977600,2012000,2042500,2074507,2112900,2152400,2193000,2229800,2262600,2293300,2325300,2353600,2383500,2413945,2532835,2646466,2681061,2732221,2735957,2733373,2774789,2846108,2930901,3047132,3135083,3230698,3313471,3419048,3524506,3670704,3796038,3927213,3958723,4027887,4138012,4175950,4114826,4166664,4265762,4401365,4588599,4839396,4987573,5076732,5183688,5312437,5399162,5469724,5535002,5607283,5612253,5638676,5703569,5685807,5453566,5637022,5917648,6036860
"Population, total",SP.POP.TOTL,Sint Maarten (Dutch part),SXM,2715,2970,3264,3584,3922,4282,4664,5071,5500,5948,6414,6888,7380,7917,8492,9094,9716,10364,11039,11723,12410,13302,14607,16133,17694,19291,20930,22617,24357,26169,28061,30046,31567,32026,31917,31772,31598,31404,31193,30977,30773,30726,30960,31327,31690,32057,32428,32791,33145,33491,33794,34267,35023,35854,36672,37471,38249,38996,39712,40385,41008,41571,42139,42749,43350
"Population, total",SP.POP.TOTL,Slovak Republic,SVK,4068095,4191667,4238188,4282017,4327341,4370983,4411666,4449367,4483915,4518607,4538223,4557449,4596622,4641445,4689623,4739105,4789507,4840501,4890125,4938973,4979815,5016105,5055099,5091971,5127097,5161768,5193838,5222840,5250596,5275942,5299187,5303294,5305016,5325305,5346331,5361999,5373361,5383291,5390516,5396020,5388720,5378867,5376912,5373374,5372280,5372807,5373054,5374622,5379233,5386406,5391428,5398384,5407579,5413393,5418649,5423801,5430798,5439232,5446771,5454147,5458827,5447247,5431752,5426740,5422069
"Population, total",SP.POP.TOTL,Slovenia,SVN,1584720,1594131,1603649,1616971,1632114,1649160,1669905,1689528,1704546,1713874,1724891,1738335,1752233,1766697,1776132,1793581,1820249,1842377,1862548,1882599,1901315,1906531,1910334,1922321,1932154,1941641,1965964,1989776,1995196,1996351,1998161,1999429,1996498,1991746,1989443,1989872,1988628,1985956,1981629,1983045,1988925,1992060,1994530,1995733,1997012,2000474,2006868,2018122,2021316,2039669,2048583,2052843,2057159,2059953,2061980,2063531,2065042,2066388,2073894,2088385,2102419,2108079,2112076,2120461,2126324
"Population, total",SP.POP.TOTL,Solomon Islands,SLB,139688,142912,146201,149589,153085,156686,160393,164245,168282,172476,176579,180637,184994,189774,195041,200744,207194,214418,222029,229953,238135,246555,255200,264068,273163,282455,291842,301414,311265,321282,331435,341738,352205,362839,373675,384733,396009,407474,419071,430500,440469,449125,457671,466154,474611,483080,491594,500156,508790,518141,532968,552945,573606,594945,616908,639415,662379,685672,709101,728147,744498,762591,781066,800005,819198
"Population, total",SP.POP.TOTL,"Somalia, Fed. Rep.",SOM,2876331,2952054,3030091,3110361,3192796,3277874,3365106,3454537,3546590,3641015,3738448,3837691,3939436,4045592,4151842,4257535,4365812,4484050,4814892,5449117,5936154,5982849,6003840,6198430,6428389,6693289,6974788,7228302,7235360,7114817,7082811,6813760,6495107,6681399,7026797,7285007,7554474,7824525,8155417,8492059,8838713,9198493,9550063,9909157,10280998,10644228,10975502,11322582,11663084,11961201,12261756,12348830,12461160,12869594,13339491,13806963,14348740,14916629,15452487,16030971,16651191,17271431,17801897,18358615,19009151
"Population, total",SP.POP.TOTL,South Africa,ZAF,16440172,16908035,17418522,17954564,18511361,19089380,19690087,20314066,20957287,21614676,22279984,22942143,23609456,24294263,24989108,25690940,26395450,27118952,27869507,28634162,29518857,30541044,31615339,32739304,33892788,35042093,36180515,37326190,38480649,39628575,40746268,41687898,42443509,43297156,44004139,44541554,45123018,45666838,46223880,46730335,47159719,47566800,48019415,48500348,48991421,49490033,49998277,50528584,51114599,51728516,52344051,52995205,53782567,54678791,55594838,56723537,57259551,57635162,58613001,59587885,60562381,61502603,62378410,63212384,64007187
"Population, total",SP.POP.TOTL,South Sudan,SSD,2931559,2976724,3024308,3072669,3129918,3189835,3236423,3277648,3321528,3365533,3409614,3468646,3542497,3627383,3723259,3821494,3921910,4024032,4127657,4232605,4339030,4447272,4557686,4661574,4750627,4834296,4921240,4962395,4848029,4713229,4737633,4836677,4909749,4956002,5071184,5225836,5356925,5509136,5620068,5771628,6032267,6308391,6596806,6903127,7233041,7590143,7976526,8388788,8817647,9243556,9745953,10288109,10756240,11166275,11235073,11107561,10830102,10259154,10122977,10423384,10698467,10865780,11021177,11483374,11943408
"Population, total",SP.POP.TOTL,Spain,ESP,30455000,30739250,31023366,31296651,31609195,31954292,32283194,32682947,33113134,33441054,33814531,34224490,34604469,34988947,35373335,35757900,36137812,36511638,36864898,37191330,37491165,37758631,37986012,38171525,38330364,38469512,38584624,38684815,38766939,38827764,38867322,38966376,39157685,39361262,39549108,39724050,39889852,40057389,40223509,40386875,40567864,40850412,41431558,42187645,42921895,43653155,44397319,45226803,45954106,46362946,46576897,46742697,46773055,46604197,46460733,46422303,46458139,46571232,46782011,47118501,47359424,47443821,47786102,48347910,48807137
"Population, total",SP.POP.TOTL,Sri Lanka,LKA,9661389,9899372,10143754,10395040,10653397,10916965,11183928,11457328,11736088,12013858,12287110,12551910,12809205,13060916,13305693,13548984,13796770,14049371,14310128,14579614,14847974,15099414,15286567,15388794,15441860,15544154,15731256,15916576,16078621,16248557,16352458,16475354,16739284,17025918,17275773,17564068,17905018,18248200,18596003,18944731,19293054,19600362,19805752,19951521,20087605,20216524,20352411,20492545,20629378,20756435,20879089,21009048,21169458,20585000,20778000,20970000,21209000,21453000,21670000,21803000,21919000,22156000,22181000,22037000,21916000
"Population, total",SP.POP.TOTL,St. Kitts and Nevis,KNA,55810,55334,54461,53441,52326,51139,49898,48605,47245,45731,44606,44206,44033,43880,43738,43606,43482,43358,43217,43033,42850,42698,42532,42334,42113,41874,41618,41348,41062,40758,40432,40358,40715,41242,41776,42326,42877,43428,43998,44601,45248,45761,46020,46176,46315,46437,46569,46706,46835,46916,46846,46886,47033,47069,47089,47087,47075,47050,47008,46952,46870,46763,46709,46758,46843
"Population, total",SP.POP.TOTL,St. Lucia,LCA,92585,93490,94505,95519,96505,97493,98463,99504,100675,101879,103165,104564,106002,107498,109076,110725,112425,114135,115834,117528,119290,121166,123087,125044,127067,129159,131239,133227,135000,136512,137857,139520,141617,143726,145890,148208,150436,152569,154677,156702,158616,160237,161641,162976,164239,165450,166639,167758,168808,169869,170906,171801,172587,173369,174138,174905,175646,176342,177017,177661,178250,178522,178781,179285,179744
"Population, total",SP.POP.TOTL,St. Martin (French part),MAF,4250,4386,4527,4673,4827,4996,5213,5472,5693,5868,6047,6228,6409,6596,6801,7038,7303,7569,7822,8063,8288,8498,9494,11485,13733,16095,18558,21108,23749,26453,28224,28800,29081,29282,29413,29470,29443,29323,29107,29284,29996,30803,31604,32395,33171,33928,34658,35337,35958,36502,36856,37069,37276,37419,37450,37369,37175,36837,36012,34267,31786,29961,28870,27515,26129
"Population, total",SP.POP.TOTL,St. Vincent and the Grenadines,VCT,84388,85870,87236,88523,89749,90927,92052,93124,94123,95058,95964,96872,97790,98691,99556,100387,101197,101999,102775,103478,104213,105073,105969,106838,107687,108506,109281,110001,110658,111272,111812,112222,112509,112735,112918,113047,113119,113141,113180,113366,113545,113501,113347,113141,112835,112450,112014,111531,111028,110508,109959,109349,108736,108135,107535,106960,106349,105663,104926,104167,103526,102841,102046,101323,100616
"Population, total",SP.POP.TOTL,Sudan,SDN,8364489,8634941,8919028,9218077,9531109,9858030,10197578,10550597,10917999,11298936,11695771,12105539,12527856,13049315,13580723,14064798,14569716,15086614,15695003,16355352,17058905,17780572,18486645,19109770,19546528,19905872,20288238,20704904,21138431,21578022,22021481,22470676,22927355,23445592,24043948,24672143,25231528,25799821,26458999,27130613,27816745,28516770,29228727,29896035,30556637,31262444,31992435,32764135,33623980,34569113,35414399,36140806,36923178,37785849,38823318,40024431,41259892,42714306,44230596,45548175,46789231,48066924,49383346,50042791,50448963
"Population, total",SP.POP.TOTL,Suriname,SUR,263918,272791,283912,297034,309041,320000,331135,342679,354616,366906,379442,391932,397413,395772,393676,391170,388289,385067,381502,377602,375377,375459,376555,378746,382193,386972,392330,396911,402227,408409,412493,415013,417589,419352,422375,429606,438830,448067,457406,466916,476643,486560,496551,506414,513923,519313,524997,531016,537245,543568,549923,556269,562633,569020,575373,581627,587757,593713,599513,605768,612317,617896,623164,628886,634431
"Population, total",SP.POP.TOTL,Sweden,SWE,7484656,7519998,7561588,7604328,7661354,7733853,7807797,7867931,7912273,7968072,8042801,8098334,8122300,8136312,8159955,8192437,8222286,8251540,8275599,8293678,8310531,8320503,8325263,8329033,8336605,8350386,8369829,8397804,8436489,8492964,8558835,8617375,8668067,8718561,8780745,8826939,8840998,8846062,8850974,8857874,8872109,8895960,8924958,8958229,8993531,9029572,9080505,9148092,9219637,9298515,9378126,9449213,9519374,9600379,9696110,9799186,9923085,10057698,10175214,10278887,10353442,10415811,10486941,10536632,10569709
"Population, total",SP.POP.TOTL,Switzerland,CHE,5327827,5434294,5573815,5694247,5789228,5856472,5918002,5991785,6067714,6136387,6180877,6213399,6260956,6307347,6341405,6338632,6302504,6281174,6281738,6294365,6319408,6354074,6391309,6418773,6441865,6470365,6504124,6545106,6593386,6646912,6715519,6799978,6875364,6938265,6993795,7040687,7071850,7088906,7110001,7143991,7184250,7229854,7284753,7339001,7389625,7437115,7483934,7551117,7647675,7743831,7824909,7912398,7996861,8089346,8188649,8282396,8373338,8451840,8514329,8575280,8638167,8704546,8777088,8888093,9034102
"Population, total",SP.POP.TOTL,Syrian Arab Republic,SYR,4673500,4815466,4959340,5110467,5269087,5435267,5609047,5790198,5978742,6175166,6380609,6598094,6826024,7060321,7302160,7554364,7817320,8090501,8372759,8661909,8957663,9260189,9572511,9904809,10258398,10625672,11002844,11388923,11782264,12179060,12579208,12980821,13385571,13795686,14208583,14616801,15018104,15417542,15820413,16228061,16637888,17051338,17468332,17889296,18336875,18814091,19637022,20884125,21636564,21976969,22482421,22878098,22759763,21666917,20273659,19424618,19193834,19224668,19577845,20353534,21049429,21628839,22462173,23594623,24672760
"Population, total",SP.POP.TOTL,Tajikistan,TJK,2112131,2181805,2255026,2331736,2411260,2492998,2577184,2664130,2753848,2845273,2936779,3028837,3123691,3222290,3324499,3430425,3540076,3653265,3768508,3882691,3995256,4109022,4227171,4350874,4480026,4619003,4772139,4939059,5114989,5267249,5398768,5541205,5649400,5724993,5825368,5948584,6066523,6139829,6176397,6208370,6284735,6407377,6531669,6658575,6790547,6924720,7057566,7194477,7338403,7490230,7652141,7824785,8014084,8216724,8425552,8643840,8865631,9085946,9307333,9529966,9749310,9966908,10182222,10389799,10590927
"Population, total",SP.POP.TOTL,Tanzania,TZA,9901419,10187886,10487756,10799528,11127826,11470728,11827459,12200109,12602076,13036700,13492677,13971451,14479308,15010101,15561630,16138361,16736211,17352929,17976566,18592038,19189769,19784703,20398571,21079874,21779066,22501693,23258959,24030378,24769686,25438759,26110207,26780436,27457588,28332692,29442356,30383497,30945762,31578089,32420458,33300330,34260139,35198299,36121304,37089555,38109668,39182076,40294902,41435512,42570728,43633982,44758488,46029367,47374260,48824128,50351512,52020962,53824013,55652890,57437145,59174891,60972798,62830412,64711821,66617606,68560157
"Population, total",SP.POP.TOTL,Thailand,THA,26851747,27650334,28481040,29342322,30232141,31149337,32086071,33037801,34002560,34973782,35954408,36937387,37933929,38947787,39952891,40940005,41896504,42843974,43788976,44718434,45650022,46575855,47494577,48423309,49351708,50270753,51177834,52074105,52969595,53848956,54738329,55637434,56528834,57408198,58260854,59098232,59920064,60724584,61522630,62299043,63007815,63651141,64266437,64868166,65452047,66017420,66567687,67102394,67619830,68121080,68579447,69007208,69436098,69845114,70216367,70540795,70859841,71160187,71376079,71522271,71641484,71727332,71735329,71702435,71668011
"Population, total",SP.POP.TOTL,Timor-Leste,TLS,468118,475291,482774,490564,498659,507034,515696,524648,533875,543356,553069,562966,572962,582855,590827,598158,607620,618315,628775,638719,649871,660493,669149,677707,686777,696665,707185,718476,730745,744856,760345,778278,799318,821437,844493,868146,892282,917184,942530,834697,745088,812249,879159,916878,929074,948311,976597,1004889,1032429,1058782,1084679,1110207,1134885,1158695,1181903,1205131,1228312,1251703,1275959,1300945,1326053,1350139,1369295,1384286,1400638
"Population, total",SP.POP.TOTL,Togo,TGO,1673110,1702717,1732959,1765072,1803440,1853771,1918513,1995890,2080226,2164814,2244773,2317976,2384994,2448749,2511760,2574622,2637796,2701894,2768148,2839854,2920894,3013043,3115042,3222899,3332837,3441091,3547952,3657508,3769742,3883411,3998761,4115560,4233617,4207453,4222940,4410832,4577860,4725030,4860913,5000269,5140037,5277382,5413274,5552167,5696508,5844631,6010668,6188344,6368812,6551865,6732590,6916474,7100736,7285442,7472450,7663195,7858289,8057140,8258778,8463068,8669720,8878379,9089738,9304337,9515236
"Population, total",SP.POP.TOTL,Tonga,TON,66170,68037,69940,71885,73879,75924,78002,79814,81353,82885,84401,85896,87356,88805,90683,93017,95325,96725,97204,97544,97769,97909,97980,97998,97990,97984,98010,98376,98969,99403,99700,99895,100022,100103,100166,100225,100275,100674,101388,102046,102677,103288,103874,104464,105071,105671,106253,106726,107020,107203,107400,107570,107460,107078,106609,106095,105524,105356,105567,105669,105704,105490,105042,104597,104175
"Population, total",SP.POP.TOTL,Trinidad and Tobago,TTO,844943,863144,880194,896804,912963,928425,942937,956418,969006,980706,991471,1002585,1014921,1027851,1040761,1053469,1066311,1079554,1093380,1107639,1121744,1135132,1147927,1160534,1172984,1187366,1203124,1217364,1230069,1241600,1252208,1262171,1271674,1280466,1288341,1295169,1300928,1305836,1310225,1314708,1319774,1325567,1332011,1338709,1345380,1294494,1297944,1303188,1308587,1310106,1317714,1328019,1335194,1340557,1345343,1349667,1353895,1356633,1359193,1363985,1366725,1367558,1365805,1367510,1368333
"Population, total",SP.POP.TOTL,Tunisia,TUN,4267288,4316278,4369136,4427131,4489869,4561385,4652287,4760970,4879899,5004697,5131396,5261658,5396557,5537242,5684674,5839262,5996994,6155931,6309390,6456419,6606195,6758284,6908642,7053800,7220044,7409903,7600301,7789987,7974440,8151660,8324509,8501827,8682512,8857910,9018448,9161258,9294432,9421270,9541667,9655963,9764935,9869677,9971515,10071632,10166163,10255472,10346410,10441702,10542635,10650681,10765980,10886035,11009647,11141361,11274288,11402264,11528674,11650498,11765514,11875081,11974057,12048622,12119334,12200431,12277109
"Population, total",SP.POP.TOTL,Turkiye,TUR,28329898,29119238,29916147,30726841,31543072,32345220,33177672,34050421,34921684,35787774,36638465,37518611,38430221,39329533,40210234,41053126,41899984,42773298,43645306,44510429,45408815,46321190,47322096,48447410,49574069,50687115,51777772,52843670,53909626,54976723,56015628,57009887,57990118,58999167,60033836,61024503,61951134,62852966,63734383,64591923,65425961,66245128,67048795,67831730,68592617,69329557,70045349,70158112,71051678,72039206,73142150,74223629,75175827,76147624,77181884,78218479,79277962,80312698,81407204,82579440,83384680,84147318,84979913,85325965,85518661
"Population, total",SP.POP.TOTL,Turkmenistan,TKM,1643457,1695400,1749214,1804272,1859997,1915916,1971737,2027403,2083069,2139024,2195616,2253119,2311430,2370919,2432028,2494570,2558521,2623948,2691088,2760358,2832203,2907187,2985557,3067534,3154079,3247534,3347809,3452731,3559363,3662459,3760562,3855894,3944689,4032407,4116662,4191203,4263819,4336730,4410507,4492170,4582677,4675409,4769465,4863865,4958093,5052257,5147105,5244046,5345029,5451592,5564356,5683417,5808546,5939341,6075283,6215770,6360041,6507061,6655524,6803944,6949912,7092043,7230193,7364438,7494498
"Population, total",SP.POP.TOTL,Turks and Caicos Islands,TCA,5599,5622,5636,5647,5657,5658,5654,5657,5656,5652,5667,5754,5915,6090,6273,6463,6660,6864,7083,7306,7564,7908,8297,8697,9107,9521,9941,10361,10775,11193,11688,12305,12970,13648,14344,15052,15765,16482,17212,17959,18730,19576,20597,21727,22856,23988,25123,26270,27427,28588,29739,30846,32127,33653,35050,36605,38315,39913,41559,43166,44386,45243,45847,46198,46535
"Population, total",SP.POP.TOTL,Tuvalu,TUV,5598,5648,5699,5751,5752,5715,5686,5652,5624,5631,5663,5685,5692,5681,5822,6117,6404,6686,6957,7184,7366,7526,7664,7789,7902,8046,8217,8371,8518,8662,8798,8928,9038,9126,9207,9280,9342,9400,9451,9496,9544,9586,9623,9695,9816,9940,10056,10182,10321,10461,10614,10780,10934,11001,10984,10963,10930,10869,10751,10581,10399,10194,9992,9816,9646
"Population, total",SP.POP.TOTL,Uganda,UGA,7640973,7862217,8092231,8333663,8586363,8849203,9122864,9408924,9708632,10014858,10321603,10618206,10885796,11144236,11424846,11725240,12037294,12359669,12692113,13002163,13275741,13556452,13873631,14221881,14607677,15023681,15467579,15954170,16470483,17010698,17569897,18155901,18785032,19445161,20108801,20665667,21231550,21856046,22515806,23257281,24000150,24745676,25532870,26352124,27154515,27963289,28794003,29653430,30539553,31451151,32390802,33354543,34337438,35337042,36395539,37531446,38799152,40177388,41565831,42999637,44457152,45910930,47312719,48656601,50015092
"Population, total",SP.POP.TOTL,Ukraine,UKR,42824093,43399766,43943674,44462372,44951156,45386892,45802519,46215988,46614325,46976256,47261306,47573287,47946893,48277121,48576570,48865229,49120842,49336481,49521243,49721381,49955152,50189281,50402724,50637029,50887599,51108770,51318745,51515732,51724853,51917817,52054092,52170961,52323671,52350126,52075998,51665539,51226109,50786885,50379731,49976446,49556660,49106855,48677281,48315136,47979507,47585556,47278694,47062798,46819175,46623731,46456003,46307853,46210056,46126770,45972380,45784896,45616832,45436041,45208907,44957458,44680014,44298640,41048766,37732836,37860221
"Population, total",SP.POP.TOTL,United Arab Emirates,ARE,131334,137989,144946,152211,159692,167103,173976,179700,199416,239660,286536,335027,385014,436399,489087,542856,615866,710209,809274,912010,1015700,1099855,1166370,1235305,1305996,1377911,1467383,1574244,1681788,1789851,1898220,2006626,2114730,2222093,2328188,2434662,2597564,2817410,3040421,3266009,3493575,3723590,3956826,4192457,4428967,4664790,5009100,5624635,6302664,6707058,6869838,7104538,7391448,7693031,8059440,8505237,8935095,9223225,9346701,9445785,9401038,9575152,10074977,10483751,10876981
"Population, total",SP.POP.TOTL,United Kingdom,GBR,52400000,52800000,53250000,53650000,54000000,54348050,54648500,54943600,55211700,55441750,55663250,55896223,56086065,56194527,56229974,56225800,56211968,56193492,56196504,56246951,56314216,56333829,56313641,56332848,56422072,56550268,56681396,56802050,56928327,57076711,57247586,57424897,57580402,57718614,57865745,58019030,58166950,58316954,58487141,58682466,58892514,59119673,59370479,59647577,59987905,60401206,60846820,61322463,61806995,62276270,62766365,63258810,63711000,64139000,64620000,65088000,65607000,65966000,66289000,66631000,66744000,66984000,67604000,68492000,69226000
"Population, total",SP.POP.TOTL,United States,USA,180671000,183691000,186538000,189242000,191889000,194303000,196560000,198712000,200706000,202677000,205052000,207661000,209896000,211909000,213854000,215973000,218035000,220239000,222585000,225055000,227225000,229466000,231664000,233792000,235825000,237924000,240133000,242289000,244499000,246819000,249623000,252981000,256514000,259919000,263126000,266278000,269394000,272657000,275854000,279040000,282162411,284968955,287625193,290107933,292805298,295516599,298379912,301231207,304093966,306771529,309378227,311839461,314339099,316726282,319257560,321815121,324353340,326608609,328529577,330226227,331577720,332099760,334017321,336806231,340110988
"Population, total",SP.POP.TOTL,Uruguay,URY,2529957,2562044,2593298,2623766,2653180,2681169,2707646,2732277,2754606,2773974,2790807,2806462,2821644,2837133,2853944,2872320,2891392,2909461,2925715,2939903,2951953,2963246,2975492,2988778,3002488,3017037,3032845,3049896,3067961,3086255,3104403,3122354,3139702,3156345,3172834,3189440,3206324,3223345,3239280,3254015,3266206,3274251,3278867,3281186,3283148,3285771,3289506,3295153,3302177,3310091,3318580,3326825,3335401,3345337,3356334,3368017,3379283,3388438,3394534,3397206,3398968,3396695,3390913,3388081,3386588
"Population, total",SP.POP.TOTL,Uzbekistan,UZB,8209109,8517711,8854368,9202246,9557611,9921681,10289294,10659180,11032155,11403150,11762638,12111511,12465106,12831047,13209011,13598521,13998620,14408822,14816349,15215587,15619936,16035032,16462736,16908400,17378846,17875339,18395621,18930070,19460630,19977183,20464956,20962910,21485090,21987955,22463291,22917589,23351981,23758960,24134929,24476008,24787054,25090283,25399980,25711259,26029350,26356975,26699043,27076008,27494774,27939328,28385506,28823196,29261903,29724065,30222994,30749346,31284568,31819178,32373490,32964701,33586372,34243696,34938955,35652307,36361859
"Population, total",SP.POP.TOTL,Vanuatu,VUT,64431,66264,68174,70159,72219,74358,76590,78921,81314,83755,86266,88862,91562,94362,97260,100269,103388,106618,109963,113040,115660,118249,121035,123998,127109,130356,133720,137187,140756,144393,148063,151793,155608,159463,163314,167137,170911,174626,178313,182048,186281,191031,195863,200746,205711,210760,215923,221276,226896,232731,238248,243474,248883,254482,260240,266101,272087,278507,285259,291985,298858,305868,313046,320409,327777
"Population, total",SP.POP.TOTL,"Venezuela, RB",VEN,8160090,8455915,8756870,9064021,9377712,9697790,10024854,10358513,10697530,11040280,11387790,11741008,12099180,12463537,12835351,13215892,13606284,14006812,14416684,14834552,15258218,15687297,16121874,16562205,17008841,17461434,17923536,18394963,18871020,19348921,19827010,20304896,20780948,21254520,21725188,22193821,22662113,23131685,23601337,24066593,24526708,24979922,25435671,25892703,26340838,26785804,27224686,27649363,28053696,28438298,28813101,29185212,29553826,29912198,30254079,30573972,30765720,30565323,29807592,28938098,28444077,28237826,28213017,28300854,28405543
"Population, total",SP.POP.TOTL,Viet Nam,VNM,32531933,33409059,34288560,35249101,36201563,37129656,38024836,38895080,39734609,40582096,41475230,42449276,43429168,44409861,45413537,46482903,47684931,48954872,50249552,51378211,52490101,53738141,55011289,56337921,57706067,59060622,60347048,61584651,62843228,64147348,65504552,66891775,68260337,69586384,70854391,72049940,73156447,74226889,75299660,76287452,77154011,77969361,78772224,79563777,80338971,81088313,82167897,83633375,85175788,86460018,87455152,88468314,89510356,90573104,91679578,92823254,94000117,95176977,96237319,97173776,98079191,98935098,99680655,100352192,100987686
"Population, total",SP.POP.TOTL,Virgin Islands (U.S.),VIR,32500,34300,35000,39800,40800,43500,46200,49100,55700,60300,63476,70937,76319,84121,89941,94484,96166,93203,95929,96183,99636,99853,100068,100348,100600,100760,100842,100901,100952,101041,103963,104807,105712,106578,107318,107818,108095,108357,108537,108599,108642,108549,108509,108505,108466,108453,108369,108337,108397,108404,108357,108290,108188,108041,107882,107712,107516,107281,107001,106669,106290,105870,105413,104917,104377
"Population, total",SP.POP.TOTL,West Bank and Gaza,PSE,..,..,..,..,..,..,..,..,..,..,..,..,..,..,..,..,..,..,..,..,..,..,..,..,..,..,..,..,..,..,1978248,2068845,2163591,2262676,2366298,2474666,2587997,2706518,2776568,2848431,2922153,2997784,3075373,3154969,3236626,3320396,3406334,3494496,3591977,3689099,3786161,3882986,3979998,4076708,4173398,4270092,4367088,4454805,4569087,4685306,4803269,4922749,5043612,5165775,5289152
"Population, total",SP.POP.TOTL,"Yemen, Rep.",YEM,5532301,5655232,5782221,5911135,6048006,6195593,6351494,6516444,6690524,6875859,7065279,7257462,7460068,7672796,7896783,8133598,8384113,8648222,8926586,9224194,9543358,9882362,10241006,10621499,11025597,11453825,11901040,12369912,12859708,13364174,13887862,14430201,14989494,15563914,16149147,16740058,17313177,17873936,18446013,19029420,19624141,20226147,20835086,21456379,22095167,22790085,23543083,24318082,25111941,25927724,26754387,27582897,28433647,29312952,30226309,31159379,32109010,33090921,34085182,35111408,36134863,37140230,38222876,39390799,40583164
"Population, total",SP.POP.TOTL,Zambia,ZMB,3153729,3254086,3358099,3465907,3577017,3692086,3812003,3936343,4065593,4197116,4321718,4442525,4569309,4702693,4842746,4990086,5143842,5302480,5465374,5631728,5802833,5983289,6178637,6381038,6580490,6780953,6986471,7191282,7391440,7589216,7786169,7981650,8176680,8373921,8576269,8785763,9004053,9237063,9482408,9740005,10017631,10325185,10647949,10983595,11338198,11718819,12129553,12565085,13021324,13490389,13965594,14437796,14913629,15398997,15895315,16399089,16914423,17441320,17973569,18513839,19059395,19603607,20152938,20723965,21314956
"Population, total",SP.POP.TOTL,Zimbabwe,ZWE,3809389,3930401,4055959,4185877,4320006,4458462,4601217,4748307,4900440,5058181,5215918,5374712,5542445,5720404,5908328,6098658,6287105,6449512,6543575,6647556,7041303,7498635,7796496,8098404,8391488,8686813,8982578,9284644,9583094,9864798,10137281,10404816,10702700,10860288,10873148,10974599,11158360,11369827,11594297,11783458,11892055,11971901,12087653,12232323,12365896,12483432,12636445,12804058,12959149,13142790,13356548,13595424,13817887,14013808,14207359,14399013,14600294,14812482,15034452,15271368,15526888,15797210,16069056,16340822,16634373
"Population, total",SP.POP.TOTL,Africa Eastern and Southern,AFE,130075728,133534923,137171659,140945536,144904094,149033472,153281203,157704381,162329396,167088245,171984985,177022314,182126556,187524135,193186642,198914573,204802976,210680842,217074286,223974122,230792729,238043099,245822010,253644643,261458202,269450407,277621771,286067346,294498625,302939121,311748681,320442961,329082707,338324002,347441809,356580375,366138524,375646235,385505757,395750933,406156661,416807868,427820358,439173286,450928044,463076637,475606210,488580707,502070763,516003448,530308387,544737983,559609961,575202699,590968990,607123269,623369401,640058741,657801085,675950189,694446100,713090928,731821393,750503764,769294618
"Population, total",SP.POP.TOTL,Africa Western and Central,AFW,97630925,99706674,101854756,104089175,106388440,108772632,111246953,113795019,116444636,119203521,122086536,125072948,128176494,131449942,134911581,138569918,142337272,146258576,150402616,154721711,159166518,163762473,168585118,173255157,177880746,182811038,187889141,193104347,198485027,204062274,209566031,215178709,221191375,227246778,233360104,239801875,246415446,253207584,260297834,267506298,274968446,282780717,290841795,299142845,307725100,316588476,325663158,334984176,344586109,354343844,364358270,374790143,385360349,396030207,406992047,418127845,429454743,440882906,452195915,463365429,474569351,485920997,497387180,509398589,521764076
"Population, total",SP.POP.TOTL,Arab World,ARB,91540853,93931683,96428599,99038509,101729760,104494008,107403055,110491709,113712171,117053219,120469263,123950810,127535560,131335660,135282861,139495837,144014135,148599336,153568663,159054118,164657321,170015485,175370356,180973288,186733957,192563243,198509771,204524595,210269696,215969068,223184294,228402316,234321565,240926205,247626514,253952538,260229121,266565183,273094199,279709634,286548096,293580252,300691509,307815105,315060277,322628451,330526310,338947976,347684619,356386673,363568534,372054934,381030177,390954281,400231008,410190679,419808341,428315886,435998060,444281315,453723239,460646603,471352066,482105978,492579811
"Population, total",SP.POP.TOTL,Caribbean small states,CSS,2558348,2614258,2670187,2728278,2784804,2839698,2894435,2948759,3002786,3055925,3104308,3148560,3185617,3215024,3242803,3269733,3296410,3322722,3348386,3373242,3399087,3425354,3450895,3476621,3502418,3530570,3559870,3586018,3610609,3634409,3654949,3677765,3706523,3735156,3763806,3795917,3829184,3861673,3893594,3925229,3956229,3987087,4018796,4050990,4080569,4049468,4072929,4098855,4124966,4146899,4173335,4201107,4228445,4257682,4286546,4314191,4341333,4366140,4407658,4443134,4459302,4479167,4497310,4519904,4539060
"Population, total",SP.POP.TOTL,Central Europe and the Baltics,CEB,91401309,92231375,93008589,93840016,94715795,95440988,96146336,97043270,97884022,98606630,99134548,99635258,100357161,101112680,101939916,102860571,103776068,104616884,105329397,105948616,106541316,107129392,107730380,108297837,108838073,109338285,109824166,110296425,110686740,110801640,110743128,110469467,110111454,110041924,110021594,109864246,109626194,109422013,109238340,109060951,108447824,107660041,106959751,106624167,106331716,106041911,105772481,105378748,105001883,104800475,104421447,104174038,103929494,103570062,103280478,102973167,102647939,102337501,102074201,101864274,101215763,100205732,100071871,100175859,100050066
"Population, total",SP.POP.TOTL,Early-demographic dividend,EAR,968909356,994176841,1020130725,1046697479,1074021283,1101264258,1128474732,1156817324,1185936827,1215536741,1245960808,1276141826,1307009646,1339671375,1373219822,1407636737,1442753987,1478479688,1514572817,1552194676,1591961664,1634107159,1677532811,1721104015,1765269111,1810019176,1855391159,1901405537,1947928955,1994666990,2044241467,2092102478,2138854231,2184656122,2228719169,2273692181,2321284245,2369042441,2416119734,2462704115,2509431470,2556335424,2601917557,2647109296,2693184997,2738846905,2784726644,2830531957,2875943965,2921563644,2967104472,3013476947,3058869436,3103677284,3146800078,3190318707,3233033717,3274060446,3314245247,3355014793,3396051187,3432026092,3470644834,3511607650,3552278604
"Population, total",SP.POP.TOTL,East Asia & Pacific,EAS,1042818620,1044749888,1059216594,1085095424,1110651177,1136869154,1166223463,1194633135,1224397449,1256167955,1288721548,1322856516,1354228289,1384605041,1413496627,1439634332,1463747757,1486397441,1509073118,1532261700,1555055871,1578588756,1604460320,1630462798,1655263328,1680467718,1706848439,1734703629,1762936165,1790597018,1817735909,1844189975,1869074614,1893258583,1917389243,1941185229,1964830092,1988067577,2010443502,2030912462,2050149617,2068682053,2086144389,2102761941,2118747885,2134573057,2150688938,2167046538,2183472438,2199148703,2214613815,2230826576,2249081393,2267072102,2284385542,2300844269,2317076058,2333475520,2347576325,2359771090,2369438682,2375144416,2379648196,2384479340,2388378491
"Population, total",SP.POP.TOTL,East Asia & Pacific (excluding high income),EAP,895961535,895534581,907473022,930810837,953783472,977366928,1004271490,1030471073,1057697808,1086662478,1116395242,1146649477,1175176176,1202715705,1228688547,1252174248,1273922384,1294303118,1314775496,1335637622,1356226475,1377473854,1401081634,1424971585,1447871073,1471340337,1496124294,1522374575,1549038591,1575101307,1600739173,1625498444,1648872786,1671604370,1694244506,1716602413,1738632397,1760512371,1781546477,1800932833,1819011507,1836260943,1852659155,1868409996,1883675167,1898853723,1914002124,1929185103,1944305887,1959017463,1973602166,1989106668,2006566431,2023850158,2040383789,2056050896,2071486140,2087238522,2100698838,2112289891,2121866294,2128553744,2133560408,2137527754,2141122258
"Population, total",SP.POP.TOTL,East Asia & Pacific (IDA & IBRD countries),TEA,884252517,883558197,895224912,918259043,940909509,964163938,990719244,1016529846,1043349620,1071912603,1101240545,1131095541,1159220113,1186384756,1212035036,1235222835,1256698596,1276830008,1297059239,1317673957,1338009609,1358992800,1382326011,1405938773,1428557744,1451742188,1476236205,1502192372,1528559240,1554321275,1579651917,1604095270,1627147885,1649557492,1671877438,1693960469,1715764488,1737429846,1758263635,1777464322,1795374943,1812475067,1828744767,1844349334,1859450104,1874487158,1889507244,1904568042,1919570287,1934167856,1948643347,1964036970,1981382735,1998548872,2014960984,2030504270,2045816761,2061449949,2074796982,2086281644,2095759417,2102350702,2107261123,2111139152,2114653077
"Population, total",SP.POP.TOTL,Euro area,EMU,270148970,272472951,274815182,277205348,279621056,282028347,284299197,286298506,288206171,290179378,291834356,293516097,295527442,297413652,299065145,300516726,301804324,303021757,304275086,305541545,306894340,308127421,308901125,309543455,310046458,310617659,311372728,312223048,313272522,314634075,316087007,317407910,318742973,320053176,321024031,321808185,322568383,323306275,323976358,324781951,325789631,326861195,328469678,330286340,332140117,333897752,335499702,337282985,338978475,340136844,341002804,340367367,341100659,341639530,342228563,343180482,344132977,344810179,345864630,346496601,346986142,347207191,348700885,350292725,351125804
"Population, total",SP.POP.TOTL,Europe & Central Asia,ECS,667887356,675548634,683341199,691189404,699058435,706683416,713443573,720146318,726634174,733044421,738724073,744432963,750728655,756775460,762546552,768080678,773619713,779117798,784556247,789862141,795362835,800542417,805247476,809947364,814856984,819874109,825034695,830294805,835601587,840881506,845290251,849169384,852664500,855554221,857724586,859504753,861073425,862335056,863317613,864306932,865392479,866590696,868234843,870529446,873069464,875563919,878166933,880656346,884224673,887741128,890990371,893009595,896554203,899985362,903676408,907676898,911765648,915290996,918947897,922218554,923973838,924702975,925061269,925640799,928465742
"Population, total",SP.POP.TOTL,Europe & Central Asia (excluding high income),ECA,128810451,131617926,134400419,137187829,139973968,142668572,145371529,148087983,150777578,153462746,155918823,158428591,161049046,163601189,166121814,168594458,171119860,173726978,176315643,178774505,181309432,183746315,186272610,188979984,191755370,194525195,197344981,200194022,202990335,205733205,208212866,210169114,212032319,213395945,214329901,215114964,216002100,216672059,217104725,217579952,218486598,219435056,220400259,221399692,222413290,223360135,224417513,225016072,226524480,228250911,230106440,231988438,233914892,235983340,238114658,240232789,242410814,244533821,246659127,248863066,250660609,252189631,250840400,249053262,250485944
"Population, total",SP.POP.TOTL,Europe & Central Asia (IDA & IBRD countries),TEC,308759361,313483586,318186127,322961499,327774760,332375189,336304737,340454289,344535295,348509849,352139347,355796328,359698417,363554198,367431547,371336064,375469327,379635878,383687824,387559928,391562181,395441598,399353523,403378262,407686015,411980043,416211558,420430601,424466137,428221424,430990546,433132067,434844449,436152186,437106291,437796116,438325526,438638046,438735255,438650260,438423541,438100368,437806951,437905932,438136036,438333196,438714358,438680283,439732746,441304973,442936599,444846366,446980794,449206794,451547765,453811483,456099634,458235497,460205526,462219596,463151657,463426293,461268322,458932506,459954508
"Population, total",SP.POP.TOTL,European Union,EUU,357710476,360681613,363707978,366840786,370055037,373129199,376058575,378902917,381579577,384226226,386406167,388553371,391197266,393739994,396124649,398397694,400490355,402445831,404312949,406112162,407986180,409724709,410988238,412072128,412998350,413962998,415087013,416296769,417653885,419102379,420525030,421741276,422968989,424344744,425404352,426210050,426905134,427547651,428120105,428825949,429339162,429909307,430924112,432512916,434193248,435789139,437263803,438796003,440270719,441388573,442088310,441414078,442069839,442425741,442920819,443793218,444676652,445321060,446329890,446910453,446870959,446227358,447703403,449425965,450185396
"Population, total",SP.POP.TOTL,Fragile and conflict affected situations,FCS,244461631,249737371,255228141,260895002,266719458,272676376,278749755,284996969,291464978,298094137,304858040,311844505,319025117,326527998,334361510,342377291,350583131,358846637,367727720,376996705,385675261,393958598,402886924,412313057,422123181,432271865,442386405,452678880,463045466,473853393,486723712,497970454,510691966,524592905,539513196,554041514,566796346,579354582,592889780,607064140,621080692,635481068,651226758,667644273,684007365,700820603,717975893,735110300,753058095,772015937,791371804,810972272,831065598,851404936,871345375,890869511,910836458,931222867,951851595,973035228,994901090,1016906998,1036390026,1057033168,1081767572
"Population, total",SP.POP.TOTL,Heavily indebted poor countries (HIPC),HPC,163650527,167634887,171771666,176063263,180537667,185208644,190048827,195111370,200419142,205895893,211549510,217344674,223189830,229341403,235791936,242344150,249034009,255707170,262985512,270569759,277128014,283255371,290471550,298600262,306943902,315429759,324025001,333016950,342381086,352065913,361657937,371411648,382507617,394851493,406935718,418830100,431006940,443196153,455939263,469076891,481984327,495197350,509679981,524773987,539803501,555358929,571454590,587432384,604007702,621337653,638796398,656783491,675397557,694622934,714769441,735429414,756895035,779389964,802020674,824649053,847743308,870930036,893906294,917304254,941413026
"Population, total",SP.POP.TOTL,High income,HIC,908257300,919449343,930832910,942141564,953477851,964459737,974216640,983598764,992893702,1002359669,1011801481,1022885127,1032671994,1042151537,1051440406,1060472674,1069129380,1077728159,1086358633,1095282220,1104005914,1112639701,1120660141,1128262810,1135690050,1143179465,1150810379,1158607400,1166527684,1174766407,1182189938,1190620651,1199265189,1207321941,1214865410,1222056185,1229173347,1236130404,1242897726,1249367360,1255696330,1262093741,1268559564,1275200577,1282168195,1289125857,1296891494,1305578110,1314671040,1322754052,1328657754,1334557663,1342428400,1350149879,1357496263,1366013616,1374284415,1380319892,1385103279,1389779202,1393490142,1391839631,1398530204,1408764584,1417871275
"Population, total",SP.POP.TOTL,IBRD only,IBD,1893704624,1915613080,1950274734,1996753344,2043309631,2090209567,2139608511,2188950141,2239610101,2292098651,2346056161,2401008150,2454764228,2508370507,2561343989,2613194091,2664387118,2714845767,2765565797,2816995104,2869277824,2923255528,2980033813,3037252917,3094477559,3152581662,3212177926,3273388723,3334875641,3395765359,3455533853,3513390696,3568890021,3622924380,3675872938,3728290191,3780446473,3832391543,3884078902,3934521819,3983328255,4031080605,4077229003,4122775918,4168676771,4214082145,4258827055,4302067550,4346234014,4391389527,4436714947,4483152627,4532140278,4582036746,4630723215,4676922961,4721753602,4765998583,4807240463,4845361414,4878606096,4905534420,4928522353,4952554878,4979720059
"Population, total",SP.POP.TOTL,IDA & IBRD total,IBT,2289192009,2321079191,2366117598,2423348992,2481068241,2539564344,2600930009,2662674586,2726203260,2791883177,2859123476,2926951963,2994028911,3062266606,3130418531,3197494325,3264075702,3330218383,3397524507,3466649271,3536954994,3609089669,3685043956,3762109361,3839296592,3918002286,3998725110,4081589183,4165012459,4248240134,4330689753,4411587746,4491324220,4570777029,4649243135,4727566480,4806199043,4884731621,4963254080,5040645749,5116723507,5192348770,5267145775,5341840046,5417128229,5492481030,5568236362,5643505923,5720065907,5797994405,5876645582,5956718993,6038998236,6120535080,6201723115,6281111240,6360340293,6440236993,6518316997,6594502842,6666779721,6732972939,6795050443,6858864199,6926456321
"Population, total",SP.POP.TOTL,IDA blend,IDB,124475467,127688784,131049320,134563454,138208407,141992226,145904459,149923848,154080039,158393968,162852517,167356115,172011394,176954946,182138604,187586058,193252681,199165729,205318127,211887858,219552133,227625217,235282858,242589635,249868265,257661913,265801351,274161638,282708012,291381564,300366368,309491517,318337815,327140314,336096421,345327214,354861820,364489851,374262946,384018319,394129957,404662385,414935066,425311302,436147454,447132945,458394453,470476526,482975881,495610570,508422508,520984443,532980174,544442648,555868551,567234056,578463670,590024074,601951913,614017319,626440308,639196319,651895919,664395892,676957651
"Population, total",SP.POP.TOTL,IDA only,IDX,271011918,277777327,284793544,292032194,299550203,307362551,315417039,323800597,332513120,341390558,350214798,358587698,367253289,376941153,386935938,396714176,406435903,416206887,426640583,437766309,448125037,458208924,469727285,482266809,494950768,507758711,520745833,534038822,547428806,561093211,574789532,588705533,604096384,620712335,637273776,653949075,670890750,687850227,704912232,722105611,739265295,756605780,774981706,793752826,812304004,831265940,851014854,870961847,890856012,910994308,931508127,952581923,973877784,994055686,1015131349,1036954223,1060123021,1084214336,1109124621,1135124109,1161733317,1188242200,1214632171,1241913429,1269778611
"Population, total",SP.POP.TOTL,IDA total,IDA,395487385,405466111,415842864,426595648,437758610,449354777,461321498,473724445,486593159,499784526,513067315,525943813,539264683,553896099,569074542,584300234,599688584,615372616,631958710,649654167,667677170,685834141,705010143,724856444,744819033,765420624,786547184,808200460,830136818,852474775,875155900,898197050,922434199,947852649,973370197,999276289,1025752570,1052340078,1079175178,1106123930,1133395252,1161268165,1189916772,1219064128,1248451458,1278398885,1309409307,1341438373,1373831893,1406604878,1439930635,1473566366,1506857958,1538498334,1570999900,1604188279,1638586691,1674238410,1711076534,1749141428,1788173625,1827438519,1866528090,1906309321,1946736262
"Population, total",SP.POP.TOTL,Late-demographic dividend,LTE,1094883717,1096959453,1111293141,1137056579,1162405292,1188451832,1217220438,1245130293,1273820149,1304068257,1334963829,1366487769,1396407513,1425381475,1452919554,1478265786,1502269051,1524947137,1547677040,1570272872,1592439385,1615106897,1639793804,1664394629,1688121991,1712585483,1738504785,1765799733,1793220326,1819952808,1844718134,1868272190,1890820460,1912010271,1932650915,1952702058,1972254664,1991505992,2010169496,2027628907,2043581322,2058600486,2072599555,2086139068,2099412663,2112603351,2126122277,2139958608,2153941306,2167303374,2179525352,2193171336,2209359324,2225083377,2241237489,2256276122,2271028438,2286095306,2298652685,2309164437,2316461820,2320449542,2324125644,2326636900,2328890789
"Population, total",SP.POP.TOTL,Latin America & Caribbean,LCN,218624695,224737321,231038261,237499676,244080552,250750949,257488362,264279682,271127278,278039112,284995920,292033454,299187510,306451409,313798324,321203546,328673285,336262441,344000129,351820083,359713036,367619244,375568417,383657148,391832861,400012327,408172564,416332693,424525590,432726590,440958144,449128999,457245250,465325731,473328616,481309028,489235073,497097004,504952583,512730984,520272118,527572583,534691591,541643365,548455563,555120780,561751999,568345245,574908733,581388129,587752505,594086829,600420316,606683307,612849401,618868462,624737786,630414986,635778081,640962372,645497651,649234493,653104795,657617663,662185950
"Population, total",SP.POP.TOTL,Latin America & Caribbean (excluding high income),LAC,192855898,198298501,203914785,209675273,215558178,221535468,227585310,233696754,239864448,246093261,252358538,258688096,265122103,271649494,278251796,284908402,291624269,298457236,305428657,312477579,319588567,326710408,333866128,341148229,348504110,355849792,363159117,370452304,377766659,385080987,392413347,399683088,406898894,414075451,421179547,428268339,435299542,442282724,449283157,456223550,462953688,469463143,475799008,481977727,488032486,494006571,499910627,505793340,511659365,517459947,523147480,528822706,534503260,540118712,545661592,551075145,556440282,561957179,567711159,573311679,578091505,581884231,585648822,589889543,594158638
"Population, total",SP.POP.TOTL,Latin America & the Caribbean (IDA & IBRD countries),TLA,208671107,214582669,220668336,226899749,233255631,239708690,246239963,252838271,259494716,266211242,272962813,279784152,286726529,293783764,300937685,308171037,315490913,322954210,330579364,338302777,346105657,353922621,361763155,369728268,377777260,385830246,393862440,401890697,409945610,418004229,426091608,434138780,442150885,450131381,458042874,465939463,473775482,481555614,489346270,497065139,504556065,511809816,518881965,525787222,532556401,539188798,545805913,552399650,558968822,565454932,571822092,578171855,584524334,590809938,597023419,603091701,609017063,614776664,620274430,625467307,630051021,633862610,637837815,642397939,647003746
"Population, total",SP.POP.TOTL,Least developed countries: UN classification,LDC,245048596,250984924,257173413,263557766,270194662,277101968,284221585,291642814,299374569,307260565,315102512,322517398,330244369,339000836,348044659,356845675,365558134,374293198,383667234,393715341,403007563,412046787,422560922,434142125,445947594,457866946,469843634,482075790,494400159,506991476,519693837,532595517,546905231,562489881,578028937,593609643,609407699,625267815,641401023,657616923,673630102,689878805,707266809,725111768,742717957,760741611,779230030,797516000,816268129,835687108,855348118,875685078,896684951,918269633,940284138,962508256,985414939,1008993468,1033110314,1058013514,1083636132,1109175268,1134585604,1160824674,1187777591
"Population, total",SP.POP.TOTL,Low & middle income,LMY,2083718515,2112956756,2155317281,2209805827,2264731089,2320529383,2379893006,2439437803,2500774399,2564343032,2629570646,2695387305,2760300540,2826286599,2892061210,2956658953,3020488457,3084056561,3148921134,3215700977,3283910246,3353295180,3426055936,3500358704,3574605687,3650257753,3727939991,3807567876,3887617477,3967659848,4049620054,4127853483,4205224081,4282493268,4358651071,4434718175,4511311531,4587799929,4664177477,4739595823,4814250279,4888551481,4961926647,5034824498,5108183576,5181562375,5255157355,5328158709,5402245137,5477389130,5553257507,5630227189,5709187884,5787469694,5865317415,5941372154,6017298320,6094196886,6169917356,6243849229,6314223170,6378645843,6438272260,6499219471,6563719861
"Population, total",SP.POP.TOTL,Low income,LIC,114749038,117449222,120247507,123153845,126203534,129388226,132707292,136209201,139862334,143593621,147417297,151313255,155206976,159304515,163605392,167964187,172393281,176957140,182134871,187656318,192424417,196030673,200239487,205645993,211255335,216877271,222444478,228079094,233656588,239520711,245338485,250935723,257817106,265888248,273508544,281169146,289332496,297416997,305718387,314325970,322668237,331269527,341035328,351244442,361305645,371788197,383041001,394448347,405862712,417577386,429515596,441658754,453652889,465087882,476470767,488308267,501149314,514890519,529522043,544980983,560643073,576076618,591481496,607774703,624608098
"Population, total",SP.POP.TOTL,Lower middle income,LMC,819316105,839921567,861015557,882650423,904811416,927102247,949379894,972239035,995662056,1019411884,1043977970,1068357281,1093403193,1120170342,1147885460,1176467266,1205621573,1235700491,1266293483,1298149128,1332297507,1367489973,1403093561,1439288342,1476095233,1513694513,1551923872,1590598381,1629655073,1669138722,1711634869,1752379727,1792821112,1833665328,1874637283,1915943684,1957535877,1999429097,2041752501,2083995762,2126559759,2169474338,2211549617,2253206148,2295275996,2336911352,2378783316,2421545203,2464036877,2506795582,2550264612,2593815085,2637101332,2679816109,2723061855,2765011526,2806590212,2847931114,2888561818,2928617292,2968398856,3006243027,3043358377,3082002881,3120983658
"Population, total",SP.POP.TOTL,"Middle East, North Africa, Afghanistan & Pakistan",MEA,157933392,162068656,166390935,170881281,175548682,180361095,185366083,190664582,196098319,201742643,207569650,213438350,219448355,225808044,232392106,239405806,246821883,254463059,262393904,270666000,279347788,288391729,297671219,307301861,317366458,327681501,338209596,348933449,359728415,370724431,383279026,394251647,405847278,417150344,428117445,438968860,449859387,460864078,472047033,483430509,494850317,506478256,518193093,530338988,543086512,556210211,569898499,583743828,597799097,612128501,624828664,639053870,653273442,667464006,680716578,694232973,707023525,718887744,730362334,742714463,756405281,767578451,782349366,797801454,813118814
"Population, total",SP.POP.TOTL,"Middle East, North Africa, Afghanistan & Pakistan (excluding high income)",MNA,151883053,155796245,159849264,164082777,168474397,173012080,177756891,182734055,187877692,193184368,198631041,204099318,209697605,215569107,221668657,228187384,235058983,242098387,249392069,256976193,264948525,273288518,281844787,290721921,300042126,309566339,319257806,329101677,339013669,349120795,361322200,371610655,381995940,392371485,402475400,412447289,422368926,432334916,442475967,452793419,462980522,473223662,483540516,494288606,505618583,517240777,529158464,540838105,552681993,565038251,577396038,589646039,601566988,613151287,624564062,635352686,645837915,656767614,668447432,680490997,692532027,704458802,716508657,729077445,741690916
"Population, total",SP.POP.TOTL,"Middle East, North Africa, Afghanistan & Pakistan (IDA & IBRD)",TMN,151883053,155796245,159849264,164082777,168474397,173012080,177756891,182734055,187877692,193184368,198631041,204099318,209697605,215569107,221668657,228187384,235058983,242098387,249392069,256976193,264948525,273288518,281844787,290721921,300042126,309566339,319257806,329101677,339013669,349120795,359343952,369541810,379832349,390108809,400109102,409972623,419780929,429628398,439699399,449944988,460058369,470225878,480465143,491133637,502381957,513920381,525752130,537343609,549090016,561349152,573609877,585763053,597586990,609074579,620390664,631082594,641470827,652312809,663878345,675805691,687728758,699536053,711465045,723911670,736401764
"Population, total",SP.POP.TOTL,Middle income,MIC,1968969477,1995507534,2035069774,2086651982,2138527555,2191141157,2247185714,2303228602,2360912065,2420749411,2482153349,2544074050,2605093564,2666982084,2728455818,2788694766,2848095176,2907099421,2966786263,3028044659,3091485829,3157264507,3225816449,3294712711,3363350352,3433380482,3505495513,3579488782,3653960889,3728139137,3804281569,3876917760,3947406975,4016605020,4085142527,4153549029,4221979035,4290382932,4358459090,4425269853,4491582042,4557281954,4620891319,4683580056,4746877931,4809774178,4872116354,4933710362,4996382425,5059811744,5123741911,5188568435,5255534995,5322381812,5388846648,5453063887,5516149006,5579306367,5640395313,5698868246,5753580097,5802569225,5846790764,5891444768,5939111763
"Population, total",SP.POP.TOTL,North America,NAC,198622564,202005123,205196239,208251340,211260410,214028461,216656534,219173514,221500404,223756306,226428124,229675639,232167266,234453723,236715025,239169404,241538018,244018165,246601634,249310061,251794340,254339912,256835329,259213228,261487222,263821663,266289167,268791866,271347446,274152910,277371697,281076404,284943671,288662580,292185857,295639837,299064031,302623125,306069812,309502410,312909691,316051677,319046534,321812780,324806660,327822042,331013939,334183103,337404564,340465163,343447854,346242415,349116140,351870848,354755155,357583083,360527592,363217262,365666028,367908829,369670740,370404272,373018004,376954413,381464223
"Population, total",SP.POP.TOTL,Not classified,INX,..,..,..,..,..,..,..,..,..,..,..,..,..,..,..,..,..,..,..,..,..,..,..,..,..,..,..,..,..,..,..,..,..,..,..,..,..,..,..,..,..,..,..,..,..,..,..,..,..,..,..,..,..,..,..,..,..,..,..,..,..,..,..,..,..
"Population, total",SP.POP.TOTL,OECD members,OED,809580211,820795966,832227425,843650775,855135046,866300939,877030636,887553832,897869478,908238681,918489195,930596384,941467841,952000973,962281658,972242932,981612322,990951247,1000355869,1009880602,1019332414,1028615740,1037419356,1046094679,1054395892,1062728299,1071222636,1079813087,1088587717,1097876374,1107695519,1118410105,1129039882,1139203498,1148779736,1158068699,1167149370,1176191803,1184928348,1193682861,1202226474,1211109104,1220101353,1229012217,1237896576,1246656490,1255746646,1264728255,1274711058,1283973216,1292701737,1299644689,1307733583,1315427979,1323459714,1331675197,1340142055,1348127258,1356470975,1364155119,1369327995,1371811773,1379097485,1388472514,1396914190
"Population, total",SP.POP.TOTL,Other small states,OSS,5297024,5374964,5476102,5578740,5680872,5779625,5872358,5959394,6047701,6141108,6240826,6348289,6460753,6573195,6679456,6790788,6913443,7044675,7176063,7309677,7444817,7577614,7711694,7843045,7975015,8118973,8271747,8429468,8592255,8765561,8949306,9131087,9201490,9249106,9328189,9389918,9493131,9618823,9746302,9758520,9788238,9961679,10136134,10269557,10371059,10479844,10601352,10730365,10862640,10989567,11112466,11226214,11346082,11466589,11591200,11722398,11851918,11989367,12135267,12281907,12417333,12541889,12699005,12842214,12969162
"Population, total",SP.POP.TOTL,Pacific island small states,PSS,912120,938244,965430,993524,1022081,1051140,1079689,1105889,1130851,1156327,1181537,1205879,1229695,1253169,1277600,1303608,1331351,1360619,1390784,1422234,1454476,1487561,1521261,1555284,1590058,1625654,1660533,1692234,1721206,1748900,1775607,1801531,1827395,1853148,1878007,1901782,1926342,1954642,1984859,2014289,2042274,2069097,2095273,2120592,2145505,2170029,2194265,2218230,2240739,2262456,2289399,2320899,2351924,2382931,2414338,2445989,2477794,2509999,2542009,2568656,2595522,2625493,2656049,2689224,2722467
"Population, total",SP.POP.TOTL,Post-demographic dividend,PST,756359099,765442136,774678780,783736508,792735136,801451274,809623605,817437528,825029113,832633761,840190480,849553629,857513072,865015884,872247955,879088327,885244462,891301791,897398355,903773491,909919829,916024683,921558505,926768139,931624894,936480384,941566838,946817118,952284317,958176572,964371624,971291914,978087877,984398082,990028770,995338472,1000836719,1006102041,1011086034,1015990094,1021150563,1026105872,1031302538,1036498631,1041890752,1047140108,1052866351,1059147302,1065603711,1071118156,1076208648,1079468050,1084193277,1088424167,1093025476,1097890139,1102966925,1107161559,1111377470,1114907717,1117025276,1116609473,1117926537,1121892872,1128430188
"Population, total",SP.POP.TOTL,Pre-demographic dividend,PRE,188920253,193342737,198004977,202879347,207958469,213246024,218721527,224392810,230300956,236419165,242769169,249344292,256080715,263238228,270820390,278656584,286692896,295051411,304240149,313887702,322965422,330988678,339575832,349226289,359259708,369570962,379883689,390374024,400820214,411682495,422471117,433111892,445411988,459529211,475022693,490118620,503373634,516729805,531450214,546890075,562428025,578587390,596114535,614269146,632445407,651320620,670229212,688722596,708796270,730293963,752046672,774567417,798002725,822138419,846420736,870587800,895239872,920568701,946317177,972302503,998624261,1024960313,1051201551,1078224044,1105951788
"Population, total",SP.POP.TOTL,Small states,SST,8767492,8927466,9111719,9300542,9487757,9670463,9846482,10014042,10181338,10353360,10526671,10702728,10876065,11041388,11199859,11364129,11541204,11728016,11915233,12105153,12298380,12490529,12683850,12874950,13067491,13275197,13492150,13707720,13924070,14148870,14379862,14610383,14735408,14837410,14970002,15087617,15248657,15435138,15624755,15698038,15786741,16017863,16250203,16441139,16597133,16699341,16868546,17047450,17228345,17398922,17575200,17748220,17926451,18107202,18292084,18482578,18671045,18865506,19084934,19293697,19472157,19646549,19852364,20051342,20230689
"Population, total",SP.POP.TOTL,South Asia,SAS,507919318,520416897,533162544,546111213,559361410,572498343,585381018,598618725,612171905,625773349,640078209,654081362,668383197,684000704,700247383,717092514,734217635,751760482,769329109,787440583,806369775,825638560,845349352,865442337,885894499,906622025,927646189,948802143,970044151,991571016,1013297018,1035058149,1057074570,1079256381,1101305517,1123515559,1145998648,1168625898,1191405930,1214263809,1237185482,1260149056,1282584796,1304347790,1325950587,1346886384,1367187349,1386949456,1406047164,1425370200,1444967010,1464372623,1483553073,1501661991,1519839246,1537370078,1555111864,1572520427,1589164714,1605412986,1621073417,1634785356,1648009565,1662580579,1677384532
"Population, total",SP.POP.TOTL,South Asia (IDA & IBRD),TSA,507919318,520416897,533162544,546111213,559361410,572498343,585381018,598618725,612171905,625773349,640078209,654081362,668383197,684000704,700247383,717092514,734217635,751760482,769329109,787440583,806369775,825638560,845349352,865442337,885894499,906622025,927646189,948802143,970044151,991571016,1013297018,1035058149,1057074570,1079256381,1101305517,1123515559,1145998648,1168625898,1191405930,1214263809,1237185482,1260149056,1282584796,1304347790,1325950587,1346886384,1367187349,1386949456,1406047164,1425370200,1444967010,1464372623,1483553073,1501661991,1519839246,1537370078,1555111864,1572520427,1589164714,1605412986,1621073417,1634785356,1648009565,1662580579,1677384532
"Population, total",SP.POP.TOTL,Sub-Saharan Africa,SSF,227706653,233241597,239026415,245034711,251292534,257806104,264528156,271499400,278774032,286291766,294071521,302095262,310303050,318974077,328098223,337484491,347140248,356939418,367476902,378695833,389959247,401805572,414407128,426899800,439338948,452261445,465510912,479171693,492983652,507001395,521314712,535621670,550274082,565570780,580801913,596382250,612553970,628853819,645803591,663257231,681125107,699588585,718662153,738316131,758653144,779665113,801269368,823564883,846656872,870347292,894666657,919528126,944970310,971232906,997961037,1025251114,1052824144,1080941647,1109997000,1139315618,1169015451,1199011925,1229208573,1259902353,1291058694
"Population, total",SP.POP.TOTL,Sub-Saharan Africa (excluding high income),SSA,206288260,211292606,216517247,221937898,227579664,233447992,239526768,245829213,252384968,259166830,266188793,273440461,280872413,288750400,297083013,305701947,314545326,323710360,333680160,344394495,355467472,366437525,377641425,389094648,400538509,412354065,424407604,436643155,448764072,461052538,473635450,485834033,498349572,511789636,525116200,538769611,553009918,567371961,582361221,597802260,613632482,630019621,646942913,664400687,682493463,701214785,720481278,740376633,761026248,782252358,804038373,826290715,849083240,872704206,896754068,921290560,946011305,971179323,997236086,1023480610,1049999318,1076774079,1103704408,1131090888,1158877573
"Population, total",SP.POP.TOTL,Sub-Saharan Africa (IDA & IBRD countries),TSS,227706653,233241597,239026415,245034711,251292534,257806104,264528156,271499400,278774032,286291766,294071521,302095262,310303050,318974077,328098223,337484491,347140248,356939418,367476902,378695833,389959247,401805572,414407128,426899800,439338948,452261445,465510912,479171693,492983652,507001395,521314712,535621670,550274082,565570780,580801913,596382250,612553970,628853819,645803591,663257231,681125107,699588585,718662153,738316131,758653144,779665113,801269368,823564883,846656872,870347292,894666657,919528126,944970310,971232906,997961037,1025251114,1052824144,1080941647,1109997000,1139315618,1169015451,1199011925,1229208573,1259902353,1291058694
"Population, total",SP.POP.TOTL,Upper middle income,UMC,1149653372,1155585967,1174054217,1204001559,1233716139,1264038910,1297805820,1330989567,1365250009,1401337527,1438175379,1475716769,1511690371,1546811742,1580570358,1612227500,1642473603,1671398930,1700492780,1729895531,1759188322,1789774534,1822722888,1855424369,1887255119,1919685969,1953571641,1988890401,2024305816,2059000415,2092646700,2124538033,2154585863,2182939692,2210505244,2237605345,2264443158,2290953835,2316706589,2341274091,2365022283,2387807616,2409341702,2430373908,2451601935,2472862826,2493333038,2512165159,2532345548,2553016162,2573477299,2594753350,2618433663,2642565703,2665784793,2688052361,2709558794,2731375253,2751833495,2770250954,2785181241,2796326198,2803432387,2809441887,2818128105
"Population, total",SP.POP.TOTL,World,WLD,3021512598,3062768116,3117372187,3184063049,3251253200,3318997522,3389087189,3459015356,3530703561,3604815552,3680589045,3758613546,3834446322,3911068458,3987294240,4062070771,4135758539,4208958804,4283431043,4360056401,4437602892,4516926190,4599539241,4682924536,4766040300,4850740788,4937711562,5027030278,5117167006,5207654866,5299246757,5388496228,5477123965,5564778620,5650853177,5736505516,5822614626,5908466557,5994040064,6078404337,6161884811,6245112906,6327557399,6409750441,6492769815,6575841506,6659977025,6744489399,6830513541,6916589116,7001266876,7087120034,7176968877,7265970522,7354183367,7441826877,7529066617,7614748582,7697492379,7778303912,7855075060,7920861888,7990399768,8064976601,8142056446
Urban population (% of total population),SP.URB.TOTL.IN.ZS,Afghanistan,AFG,8.401,8.684,8.976,9.276,9.586,9.904,10.233,10.57,10.918,11.275,11.643,12.021,12.41,12.809,13.219,13.641,14.074,14.517,14.973,15.442,15.995,16.562,17.147,17.747,18.365,18.997,19.647,20.314,20.998,21.088,21.177,21.266,21.355,21.444,21.534,21.624,21.714,21.805,21.895,21.986,22.078,22.169,22.261,22.353,22.5,22.703,22.907,23.113,23.32,23.528,23.737,23.948,24.16,24.373,24.587,24.803,25.02,25.25,25.495,25.754,26.026,26.314,26.616,26.933,27.265
Urban population (% of total population),SP.URB.TOTL.IN.ZS,Albania,ALB,30.705,30.943,31.015,31.086,31.158,31.23,31.302,31.374,31.446,31.548,31.74,31.933,32.127,32.321,32.516,32.712,32.908,33.105,33.302,33.5,33.762,34.024,34.287,34.552,34.817,35.083,35.35,35.619,35.888,36.158,36.428,36.7,37.249,37.799,38.354,38.911,39.473,40.035,40.601,41.169,41.741,42.435,43.501,44.573,45.651,46.731,47.815,48.902,49.991,51.076,52.163,53.247,54.33,55.387,56.423,57.434,58.421,59.383,60.319,61.229,62.112,62.969,63.799,64.603,65.38
Urban population (% of total population),SP.URB.TOTL.IN.ZS,Algeria,DZA,30.51,31.797,33.214,34.662,36.141,37.643,38.84,39.004,39.169,39.334,39.5,39.665,39.831,39.997,40.163,40.33,40.497,40.928,41.794,42.665,43.542,44.42,45.303,46.189,47.079,47.968,48.86,49.722,50.511,51.298,52.085,52.871,53.657,54.439,55.219,55.997,56.774,57.544,58.313,59.118,59.919,60.712,61.501,62.284,63.061,63.83,64.593,65.348,66.097,66.826,67.54,68.236,68.915,69.576,70.221,70.848,71.459,72.052,72.629,73.189,73.733,74.261,74.772,75.268,75.748
Urban population (% of total population),SP.URB.TOTL.IN.ZS,American Samoa,ASM,66.211,66.641,67.068,67.493,67.916,68.334,68.75,69.163,69.574,69.98,70.384,70.784,71.182,71.576,71.967,72.354,72.739,73.12,73.497,73.871,74.33,75.043,75.743,76.429,77.103,77.762,78.408,79.04,79.659,80.263,80.948,81.886,82.789,83.654,84.485,85.28,86.043,86.771,87.467,88.131,88.587,88.491,88.394,88.297,88.198,88.1,88,87.9,87.799,87.697,87.594,87.502,87.42,87.348,87.288,87.238,87.198,87.17,87.153,87.147,87.153,87.169,87.196,87.235,87.284
Urban population (% of total population),SP.URB.TOTL.IN.ZS,Andorra,AND,58.45,60.983,63.462,65.872,68.205,70.445,72.593,74.641,76.588,78.424,80.155,81.78,83.301,84.716,86.032,87.252,88.382,89.42,90.378,91.257,92.064,92.8,93.474,94.089,94.649,95.159,95.325,95.178,95.027,94.872,94.712,94.53,94.324,94.111,93.89,93.661,93.425,93.18,92.927,92.666,92.395,92.056,91.641,91.207,90.751,90.285,89.807,89.308,89.004,88.912,88.819,88.726,88.631,88.537,88.441,88.345,88.248,88.15,88.062,87.984,87.916,87.858,87.811,87.774,87.747
Urban population (% of total population),SP.URB.TOTL.IN.ZS,Angola,AGO,10.435,10.798,11.204,11.624,12.058,12.504,12.965,13.441,13.932,14.436,14.957,15.632,16.455,17.31,18.202,19.128,20.092,21.088,22.122,23.192,24.298,25.437,26.612,27.821,29.065,30.338,31.643,32.978,34.343,35.731,37.144,38.58,40.039,41.511,43,44.169,45.346,46.525,47.71,48.897,50.087,51.274,52.461,53.645,54.827,56,56.764,57.524,58.282,59.034,59.783,60.528,61.268,62.002,62.731,63.446,64.149,64.839,65.514,66.177,66.825,67.46,68.081,68.688,69.281
Urban population (% of total population),SP.URB.TOTL.IN.ZS,Antigua and Barbuda,ATG,39.656,39.04,38.427,37.817,37.211,36.61,36.012,35.418,34.829,34.245,33.819,33.898,33.978,34.057,34.137,34.217,34.297,34.377,34.457,34.538,34.618,34.698,34.779,34.86,34.94,35.021,35.102,35.183,35.264,35.345,35.426,35.465,35.085,34.709,34.334,33.961,33.59,33.221,32.855,32.49,32.127,31.74,31.098,30.464,29.837,29.218,28.606,28.002,27.405,26.818,26.238,25.703,25.526,25.35,25.175,25,24.846,24.713,24.599,24.506,24.433,24.38,24.346,24.332,24.338
Urban population (% of total population),SP.URB.TOTL.IN.ZS,Argentina,ARG,73.611,74.217,74.767,75.309,75.844,76.369,76.888,77.398,77.901,78.394,78.88,79.321,79.743,80.158,80.567,80.969,81.366,81.755,82.139,82.516,82.887,83.313,83.759,84.194,84.621,85.038,85.445,85.843,86.233,86.613,86.984,87.328,87.542,87.752,87.96,88.164,88.366,88.564,88.759,88.952,89.142,89.329,89.51,89.686,89.86,90.031,90.2,90.366,90.53,90.691,90.849,90.99,91.121,91.249,91.377,91.503,91.627,91.749,91.87,91.991,92.111,92.229,92.347,92.463,92.579
Urban population (% of total population),SP.URB.TOTL.IN.ZS,Armenia,ARM,51.275,52.147,53.019,53.889,54.758,55.622,56.483,57.341,58.195,59.042,59.864,60.657,61.445,62.225,63,63.611,64.219,64.821,65.419,65.839,66.05,66.259,66.467,66.675,66.883,67.09,67.296,67.501,67.706,67.69,67.421,67.15,66.878,66.606,66.332,66.057,65.781,65.504,65.226,64.947,64.666,64.385,64.236,64.137,64.038,63.938,63.839,63.739,63.64,63.54,63.44,63.34,63.24,63.164,63.112,63.085,63.082,63.103,63.149,63.219,63.313,63.431,63.573,63.739,63.929
Urban population (% of total population),SP.URB.TOTL.IN.ZS,Aruba,ABW,50.776,50.761,50.746,50.73,50.715,50.7,50.685,50.67,50.654,50.639,50.624,50.609,50.593,50.578,50.563,50.548,50.532,50.517,50.502,50.487,50.472,50.456,50.441,50.426,50.411,50.395,50.38,50.365,50.35,50.335,50.319,50.304,49.998,49.588,49.177,48.767,48.356,47.946,47.536,47.127,46.717,46.339,45.972,45.606,45.24,44.875,44.511,44.147,43.783,43.421,43.059,42.94,42.957,42.99,43.041,43.108,43.192,43.293,43.411,43.546,43.697,43.866,44.052,44.254,44.474
Urban population (% of total population),SP.URB.TOTL.IN.ZS,Australia,AUS,81.529,81.941,82.228,82.511,82.792,83.068,83.34,83.507,83.672,83.836,83.999,84.16,84.32,84.478,84.636,84.792,84.947,85.1,85.252,85.403,85.552,85.7,85.67,85.641,85.611,85.582,85.552,85.522,85.493,85.463,85.433,85.403,85.285,85.157,85.028,84.898,84.767,84.636,84.503,84.37,84.235,84.1,84.222,84.343,84.463,84.582,84.7,84.822,84.943,85.063,85.182,85.3,85.402,85.502,85.602,85.701,85.8,85.904,86.012,86.124,86.241,86.362,86.488,86.617,86.75
Urban population (% of total population),SP.URB.TOTL.IN.ZS,Austria,AUT,64.72,64.814,64.863,64.913,64.962,65.011,65.061,65.11,65.159,65.208,65.258,65.301,65.311,65.321,65.331,65.341,65.351,65.361,65.371,65.381,65.391,65.364,65.1,64.836,64.57,64.305,64.037,63.769,63.5,63.231,62.96,62.689,62.417,62.144,61.87,61.596,61.32,61.045,60.768,60.491,60.213,59.934,59.655,59.375,59.094,58.813,58.532,58.249,57.966,57.683,57.399,57.115,57.147,57.336,57.526,57.715,57.905,58.094,58.297,58.515,58.748,58.995,59.256,59.53,59.819
Urban population (% of total population),SP.URB.TOTL.IN.ZS,Azerbaijan,AZE,52.663,52.364,52.064,51.764,51.464,51.164,50.864,50.564,50.263,49.963,50.008,50.462,50.917,51.371,51.698,51.897,52.096,52.294,52.492,52.655,52.777,52.897,53.018,53.139,53.299,53.498,53.697,53.895,54.094,54.057,53.749,53.441,53.132,52.824,52.515,52.206,51.896,51.588,51.278,51.185,51.386,51.587,51.787,51.988,52.189,52.389,52.589,52.79,52.99,53.19,53.406,53.637,53.883,54.145,54.422,54.714,55.021,55.343,55.68,56.031,56.397,56.776,57.17,57.577,57.997
Urban population (% of total population),SP.URB.TOTL.IN.ZS,"Bahamas, The",BHS,59.712,60.454,61.193,61.926,62.642,63.343,64.04,64.73,65.416,66.093,66.764,67.429,68.088,68.738,69.381,70.017,70.647,71.266,71.879,72.484,73.102,73.843,74.571,75.285,75.987,76.674,77.347,78.007,78.654,79.284,79.838,80.067,80.293,80.518,80.74,80.961,81.18,81.396,81.611,81.824,82.007,82.049,82.092,82.134,82.176,82.218,82.26,82.302,82.343,82.385,82.427,82.476,82.532,82.596,82.668,82.746,82.832,82.925,83.025,83.132,83.245,83.365,83.492,83.625,83.764
Urban population (% of total population),SP.URB.TOTL.IN.ZS,Bahrain,BHR,82.32,82.337,82.355,82.372,82.389,82.5,82.761,83.019,83.275,83.526,83.775,84.021,84.265,84.504,84.741,84.975,85.206,85.434,85.659,85.882,86.101,86.317,86.531,86.742,86.95,87.155,87.357,87.557,87.754,87.949,88.14,88.329,88.398,88.395,88.392,88.388,88.385,88.382,88.379,88.376,88.372,88.369,88.373,88.383,88.399,88.422,88.452,88.488,88.53,88.579,88.634,88.695,88.762,88.835,88.915,88.999,89.09,89.186,89.287,89.394,89.506,89.622,89.743,89.869,89.999
Urban population (% of total population),SP.URB.TOTL.IN.ZS,Bangladesh,BGD,5.135,5.278,5.498,5.727,5.964,6.211,6.467,6.733,7.009,7.296,7.593,7.901,8.221,8.553,9.034,9.836,10.701,11.63,12.629,13.701,14.851,15.801,16.212,16.631,17.06,17.496,17.941,18.395,18.859,19.33,19.811,20.257,20.61,20.966,21.328,21.693,22.064,22.438,22.818,23.202,23.59,24.096,24.756,25.429,26.114,26.809,27.517,28.237,28.968,29.709,30.462,31.225,31.993,32.762,33.535,34.308,35.083,35.858,36.632,37.405,38.177,38.946,39.711,40.473,41.23
Urban population (% of total population),SP.URB.TOTL.IN.ZS,Barbados,BRB,36.777,36.849,36.922,36.995,37.068,37.141,37.214,37.287,37.36,37.433,37.55,37.809,38.07,38.331,38.592,38.855,39.118,39.381,39.646,39.91,40.102,39.828,39.554,39.28,39.007,38.736,38.464,38.194,37.923,37.654,37.37,37.006,36.643,36.283,35.924,35.566,35.21,34.856,34.503,34.152,33.827,33.629,33.431,33.234,33.037,32.841,32.646,32.451,32.256,32.063,31.87,31.7,31.553,31.429,31.328,31.249,31.193,31.159,31.147,31.158,31.191,31.246,31.324,31.425,31.548
Urban population (% of total population),SP.URB.TOTL.IN.ZS,Belarus,BLR,32.401,33.522,34.663,35.822,37,38.127,39.269,40.422,41.588,42.76,44.01,45.349,46.697,48.046,49.4,50.614,51.829,53.039,54.247,55.402,56.498,57.584,58.664,59.736,60.8,61.833,62.857,63.87,64.872,65.585,65.981,66.374,66.766,67.155,67.541,67.926,68.308,68.687,69.064,69.482,69.973,70.458,70.939,71.415,71.887,72.354,72.816,73.273,73.726,74.172,74.672,75.188,75.697,76.199,76.693,77.181,77.661,78.134,78.595,79.044,79.483,79.91,80.326,80.731,81.125
Urban population (% of total population),SP.URB.TOTL.IN.ZS,Belgium,BEL,92.46,92.554,92.679,92.835,92.988,93.137,93.284,93.428,93.569,93.707,93.843,93.976,94.106,94.233,94.358,94.48,94.6,94.806,95.005,95.196,95.381,95.535,95.637,95.737,95.835,95.93,96.023,96.115,96.204,96.292,96.377,96.461,96.542,96.622,96.7,96.777,96.851,96.924,96.996,97.065,97.129,97.186,97.241,97.296,97.35,97.403,97.454,97.505,97.555,97.603,97.651,97.698,97.744,97.789,97.833,97.876,97.919,97.961,98.001,98.041,98.079,98.117,98.153,98.189,98.224
Urban population (% of total population),SP.URB.TOTL.IN.ZS,Belize,BLZ,54.028,53.72,53.41,53.101,52.79,52.481,52.17,51.86,51.549,51.238,50.963,50.805,50.646,50.488,50.329,50.171,50.012,49.854,49.695,49.537,49.374,49.183,48.992,48.801,48.61,48.419,48.228,48.037,47.846,47.655,47.465,47.271,47.059,46.848,46.637,46.425,46.214,46.003,45.793,45.582,45.398,45.381,45.364,45.347,45.33,45.313,45.296,45.279,45.262,45.245,45.228,45.228,45.246,45.282,45.335,45.406,45.495,45.601,45.724,45.866,46.025,46.201,46.396,46.608,46.838
Urban population (% of total population),SP.URB.TOTL.IN.ZS,Benin,BEN,9.275,9.856,10.47,11.118,11.801,12.519,13.275,14.069,14.903,15.776,16.691,17.647,18.648,19.689,20.775,21.904,23.079,24.293,25.552,26.676,27.339,28.01,28.692,29.384,30.086,30.796,31.517,32.246,32.985,33.73,34.485,35.247,35.827,36.136,36.447,36.758,37.071,37.385,37.699,38.015,38.333,38.65,39.036,39.536,40.039,40.543,41.049,41.558,42.069,42.58,43.093,43.608,44.125,44.642,45.166,45.695,46.229,46.768,47.312,47.861,48.415,48.972,49.534,50.1,50.669
Urban population (% of total population),SP.URB.TOTL.IN.ZS,Bermuda,BMU,100,100,100,100,100,100,100,100,100,100,100,100,100,100,100,100,100,100,100,100,100,100,100,100,100,100,100,100,100,100,100,100,100,100,100,100,100,100,100,100,100,100,100,100,100,100,100,100,100,100,100,100,100,100,100,100,100,100,100,100,100,100,100,100,100
Urban population (% of total population),SP.URB.TOTL.IN.ZS,Bhutan,BTN,3.596,3.792,3.999,4.217,4.446,4.687,4.94,5.207,5.487,5.781,6.089,6.413,6.754,7.11,7.484,7.876,8.288,8.717,9.168,9.639,10.132,10.646,11.184,11.745,12.332,12.941,13.577,14.24,14.929,15.645,16.388,17.161,17.962,18.791,19.649,20.537,21.456,22.401,23.377,24.383,25.418,26.48,27.57,28.688,29.835,30.965,31.712,32.469,33.236,34.01,34.793,35.585,36.371,37.149,37.918,38.678,39.428,40.167,40.895,41.612,42.316,43.008,43.686,44.35,45
Urban population (% of total population),SP.URB.TOTL.IN.ZS,Bolivia,BOL,36.762,37.059,37.357,37.656,37.957,38.257,38.559,38.862,39.166,39.47,39.776,40.082,40.389,40.696,41.004,41.314,41.624,42.446,43.442,44.443,45.451,46.459,47.472,48.486,49.504,50.519,51.535,52.549,53.563,54.571,55.577,56.579,57.541,58.079,58.615,59.15,59.682,60.212,60.739,61.264,61.787,62.306,62.783,63.248,63.711,64.17,64.628,65.082,65.535,65.984,66.43,66.874,67.315,67.699,68.047,68.393,68.738,69.08,69.425,69.773,70.123,70.475,70.83,71.186,71.545
Urban population (% of total population),SP.URB.TOTL.IN.ZS,Bosnia and Herzegovina,BIH,19.04,19.686,20.437,21.209,22.004,22.817,23.652,24.509,25.387,26.283,27.201,28.094,28.875,29.666,30.471,31.288,32.118,32.957,33.808,34.67,35.543,36.282,36.607,36.933,37.261,37.589,37.919,38.25,38.583,38.915,39.249,39.578,39.887,40.196,40.506,40.817,41.13,41.442,41.755,42.069,42.384,42.698,43.014,43.33,43.648,43.965,44.282,44.601,44.92,45.239,45.558,45.878,46.199,46.519,46.84,47.173,47.518,47.876,48.245,48.626,49.02,49.425,49.841,50.269,50.708
Urban population (% of total population),SP.URB.TOTL.IN.ZS,Botswana,BWA,3.06,3.097,3.134,3.171,3.318,3.839,4.437,5.124,5.912,6.81,7.834,8.998,9.695,10.381,11.11,11.884,12.705,13.572,14.489,15.457,16.479,17.552,19.489,21.723,24.139,26.724,29.483,32.401,35.467,38.648,41.933,45.292,46.443,47.286,48.133,48.981,49.83,50.677,51.525,52.372,53.219,54.062,54.57,55.029,55.488,55.944,56.4,57.928,59.444,60.937,62.412,63.865,64.768,65.572,66.368,67.155,67.933,68.7,69.446,70.172,70.877,71.56,72.224,72.867,73.49
Urban population (% of total population),SP.URB.TOTL.IN.ZS,Brazil,BRA,46.139,47.122,48.099,49.078,50.059,51.037,52.016,52.993,53.97,54.94,55.909,56.894,57.879,58.855,59.826,60.789,61.745,62.689,63.625,64.551,65.468,66.37,67.262,68.142,69.01,69.862,70.703,71.529,72.342,73.139,73.922,74.69,75.444,76.181,76.903,77.61,78.302,79.048,79.781,80.496,81.192,81.553,81.88,82.203,82.521,82.834,83.143,83.448,83.749,84.044,84.335,84.631,84.923,85.209,85.492,85.77,86.042,86.309,86.569,86.824,87.073,87.317,87.555,87.788,88.016
Urban population (% of total population),SP.URB.TOTL.IN.ZS,British Virgin Islands,VGB,12.228,12.618,13.019,13.43,13.854,14.287,14.732,15.188,15.657,16.135,16.635,17.174,17.728,18.294,18.875,19.47,20.081,20.703,21.34,21.992,22.741,24.039,25.389,26.788,28.237,29.728,31.266,32.846,34.468,36.123,37.814,39.334,39.603,39.872,40.142,40.413,40.684,40.955,41.228,41.5,41.774,42.048,42.328,42.615,42.909,43.21,43.517,43.831,44.152,44.479,44.814,45.154,45.502,45.856,46.216,46.583,46.957,47.337,47.723,48.116,48.515,48.92,49.331,49.748,50.171
Urban population (% of total population),SP.URB.TOTL.IN.ZS,Brunei Darussalam,BRN,43.401,45.228,47.07,48.92,50.776,52.625,54.469,56.3,58.118,59.908,61.675,63.412,63.736,63.889,64.041,64.193,64.345,64.496,64.647,64.798,64.949,65.099,65.249,65.399,65.548,65.697,65.846,65.994,66.143,66.29,66.438,66.585,67.078,67.604,68.126,68.644,69.158,69.666,70.17,70.669,71.164,71.652,72.046,72.421,72.794,73.163,73.529,73.892,74.252,74.608,74.961,75.31,75.656,75.997,76.332,76.663,76.99,77.312,77.629,77.942,78.25,78.554,78.854,79.149,79.439
Urban population (% of total population),SP.URB.TOTL.IN.ZS,Bulgaria,BGR,37.1,38.782,40.494,42.23,43.987,45.755,47.233,48.499,49.768,51.034,52.3,53.36,54.419,55.471,56.519,57.562,58.526,59.428,60.326,61.216,62.1,62.603,63.104,63.603,64.099,64.59,64.999,65.346,65.692,66.035,66.377,66.717,67.056,67.33,67.557,67.782,68.007,68.231,68.454,68.677,68.899,69.166,69.524,69.879,70.233,70.584,70.932,71.278,71.622,71.963,72.302,72.638,72.975,73.313,73.651,73.99,74.329,74.669,75.008,75.347,75.686,76.025,76.363,76.701,77.037
Urban population (% of total population),SP.URB.TOTL.IN.ZS,Burkina Faso,BFA,4.7,4.796,4.893,4.993,5.095,5.198,5.303,5.411,5.52,5.632,5.746,5.861,5.98,6.1,6.222,6.347,6.668,7.151,7.668,8.218,8.805,9.428,10.091,10.796,11.544,12.334,12.832,13.072,13.316,13.563,13.815,14.07,14.33,14.593,14.86,15.131,15.407,15.875,16.51,17.166,17.844,18.54,19.258,19.996,20.757,21.537,22.339,22.996,23.534,24.079,24.633,25.196,25.767,26.346,26.934,27.53,28.134,28.743,29.358,29.98,30.607,31.24,31.877,32.52,33.166
Urban population (% of total population),SP.URB.TOTL.IN.ZS,Burundi,BDI,2.077,2.115,2.154,2.193,2.233,2.294,2.395,2.501,2.611,2.726,2.845,2.97,3.101,3.236,3.377,3.525,3.678,3.838,4.005,4.178,4.339,4.503,4.674,4.85,5.033,5.221,5.417,5.62,5.83,6.047,6.271,6.455,6.637,6.823,7.014,7.211,7.412,7.618,7.83,8.036,8.246,8.461,8.682,8.908,9.139,9.375,9.617,9.864,10.118,10.376,10.642,10.915,11.194,11.482,11.776,12.078,12.388,12.706,13.032,13.366,13.708,14.058,14.417,14.784,15.16
Urban population (% of total population),SP.URB.TOTL.IN.ZS,Cabo Verde,CPV,16.679,16.948,17.224,17.503,17.787,18.073,18.363,18.657,18.954,19.255,19.559,19.9,20.272,20.649,21.031,21.419,21.812,22.209,22.612,23.02,23.518,24.995,26.535,28.133,29.792,31.5,33.885,36.355,38.902,41.504,44.12,45.044,45.973,46.902,47.834,48.768,49.704,50.637,51.572,52.505,53.435,54.291,55.146,55.997,56.846,57.689,58.529,59.363,60.194,61.016,61.821,62.322,62.821,63.317,63.81,64.3,64.784,65.261,65.732,66.195,66.652,67.102,67.545,67.982,68.412
Urban population (% of total population),SP.URB.TOTL.IN.ZS,Cambodia,KHM,10.285,10.293,10.333,10.497,10.662,10.83,11,12.098,13.291,14.579,15.97,18.717,21.818,25.263,29.055,4.477,4.82,5.186,5.578,5.999,9.898,12.742,13.031,13.325,13.626,13.931,14.242,14.559,14.883,15.211,15.546,15.887,16.234,16.587,16.946,17.311,17.683,18.06,18.355,18.47,18.586,18.703,18.82,18.937,19.055,19.174,19.293,19.413,19.571,19.93,20.294,20.663,21.037,21.415,21.799,22.188,22.582,22.98,23.388,23.805,24.232,24.668,25.114,25.57,26.035
Urban population (% of total population),SP.URB.TOTL.IN.ZS,Cameroon,CMR,13.937,14.488,15.058,15.647,16.255,16.88,17.525,18.19,18.875,19.577,20.3,21.584,22.927,24.324,25.78,27.292,28.678,29.469,30.274,31.091,31.921,32.761,33.613,34.476,35.35,36.232,37.124,37.941,38.511,39.082,39.657,40.235,40.817,41.399,41.985,42.573,43.164,43.755,44.348,44.944,45.542,46.139,46.738,47.338,47.94,48.541,49.143,49.746,50.35,50.954,51.559,52.164,52.769,53.373,53.976,54.578,55.179,55.777,56.374,56.968,57.56,58.148,58.733,59.315,59.892
Urban population (% of total population),SP.URB.TOTL.IN.ZS,Canada,CAN,69.061,69.668,70.494,71.307,72.107,72.892,73.642,74.155,74.662,75.161,75.654,76.09,75.971,75.851,75.731,75.611,75.503,75.543,75.583,75.623,75.663,75.712,75.874,76.035,76.195,76.354,76.502,76.522,76.542,76.562,76.582,76.62,76.887,77.152,77.414,77.675,77.951,78.34,78.724,79.103,79.478,79.81,79.888,79.967,80.045,80.122,80.213,80.396,80.578,80.758,80.937,81.096,81.137,81.178,81.218,81.259,81.3,81.35,81.411,81.482,81.562,81.653,81.752,81.862,81.98
Urban population (% of total population),SP.URB.TOTL.IN.ZS,Cayman Islands,CYM,100,100,100,100,100,100,100,100,100,100,100,100,100,100,100,100,100,100,100,100,100,100,100,100,100,100,100,100,100,100,100,100,100,100,100,100,100,100,100,100,100,100,100,100,100,100,100,100,100,100,100,100,100,100,100,100,100,100,100,100,100,100,100,100,100
Urban population (% of total population),SP.URB.TOTL.IN.ZS,Central African Republic,CAF,20.1,20.751,21.418,22.1,22.803,23.519,24.252,25,25.815,26.645,27.492,28.356,29.238,30.133,31.045,31.971,32.575,32.897,33.221,33.546,33.874,34.202,34.532,34.864,35.198,35.532,35.868,36.206,36.545,36.744,36.825,36.906,36.987,37.068,37.149,37.231,37.312,37.394,37.475,37.557,37.639,37.72,37.802,37.884,37.966,38.069,38.193,38.339,38.506,38.694,38.904,39.135,39.388,39.663,39.959,40.277,40.618,40.98,41.364,41.77,42.198,42.648,43.12,43.614,44.13
Urban population (% of total population),SP.URB.TOTL.IN.ZS,Chad,TCD,6.695,6.962,7.239,7.527,7.877,8.406,8.968,9.564,10.196,10.862,11.568,12.313,13.1,13.882,14.704,15.566,16.47,17.413,18.4,18.592,18.787,18.982,19.179,19.377,19.578,19.779,19.983,20.187,20.394,20.602,20.811,21.023,21.235,21.408,21.44,21.473,21.506,21.538,21.571,21.604,21.637,21.67,21.702,21.735,21.768,21.801,21.834,21.868,21.901,21.934,21.985,22.054,22.142,22.248,22.372,22.515,22.677,22.858,23.059,23.279,23.52,23.781,24.063,24.366,24.691
Urban population (% of total population),SP.URB.TOTL.IN.ZS,Channel Islands,CHI,38.7,38.436,38.172,37.909,37.646,37.385,37.124,36.864,36.604,36.346,36.088,35.803,35.394,34.989,34.585,34.183,33.783,33.387,32.992,32.599,32.209,31.909,31.89,31.871,31.851,31.832,31.813,31.707,31.602,31.497,31.392,31.262,31.076,30.891,30.706,30.522,30.4,30.416,30.432,30.449,30.465,30.495,30.557,30.619,30.681,30.743,30.805,30.867,30.929,30.992,31.054,31.091,31.059,31.027,30.995,30.962,30.93,30.914,30.914,30.931,30.963,31.012,31.077,31.159,31.257
Urban population (% of total population),SP.URB.TOTL.IN.ZS,Chile,CHL,67.836,68.66,69.435,70.2,70.955,71.696,72.427,73.146,73.854,74.547,75.227,75.883,76.528,77.159,77.778,78.386,78.982,79.565,80.136,80.695,81.243,81.778,82.226,82.359,82.492,82.624,82.755,82.885,83.014,83.143,83.271,83.398,83.564,83.896,84.223,84.545,84.861,85.172,85.477,85.778,86.073,86.363,86.606,86.665,86.725,86.783,86.842,86.9,86.959,87.017,87.074,87.132,87.189,87.246,87.303,87.36,87.422,87.49,87.564,87.643,87.727,87.817,87.912,88.012,88.116
Urban population (% of total population),SP.URB.TOTL.IN.ZS,China,CHN,16.203,16.708,17.226,17.757,18.299,18.086,17.915,17.785,17.656,17.528,17.4,17.292,17.184,17.184,17.292,17.4,17.46,17.52,17.9,18.617,19.358,20.118,20.902,21.545,22.203,22.874,23.559,24.259,24.974,25.701,26.442,27.312,28.2,29.103,30.024,30.961,31.916,32.883,33.867,34.865,35.877,37.093,38.425,39.776,41.144,42.522,43.868,45.199,46.539,47.88,49.226,50.511,51.765,53.013,54.259,55.5,56.736,57.96,59.152,60.308,61.428,62.512,63.56,64.57,65.544
Urban population (% of total population),SP.URB.TOTL.IN.ZS,Colombia,COL,46.268,47.702,49.143,50.584,52.027,52.82,53.587,54.352,55.117,55.877,56.635,57.39,58.143,58.89,59.607,60.306,61.003,61.693,62.379,63.061,63.738,64.408,65.073,65.733,66.387,67.034,67.566,68.051,68.532,69.008,69.481,69.949,70.415,70.874,71.328,71.777,72.223,72.662,73.098,73.53,73.957,74.379,74.797,75.211,75.62,76.024,76.423,76.816,77.204,77.587,77.964,78.335,78.701,79.061,79.415,79.764,80.108,80.446,80.778,81.104,81.425,81.74,82.05,82.354,82.652
Urban population (% of total population),SP.URB.TOTL.IN.ZS,Comoros,COM,12.551,13.348,14.189,15.074,16.004,16.978,18,18.34,18.685,19.035,19.39,19.75,20.115,20.484,20.859,21.239,21.625,22.014,22.41,22.81,23.215,23.649,24.095,24.548,25.006,25.469,25.938,26.413,26.893,27.378,27.869,28.366,28.435,28.39,28.346,28.301,28.257,28.213,28.168,28.124,28.08,28.036,27.992,27.947,27.903,27.875,27.863,27.867,27.886,27.921,27.973,28.04,28.123,28.223,28.338,28.47,28.619,28.784,28.965,29.164,29.38,29.613,29.864,30.132,30.418
Urban population (% of total population),SP.URB.TOTL.IN.ZS,"Congo, Dem. Rep.",COD,22.3,22.523,22.749,22.976,23.204,23.434,23.666,23.899,24.134,24.37,24.608,24.847,25.089,25.331,25.575,25.821,26.068,26.317,26.567,26.819,27.072,27.327,27.583,27.84,28.1,28.513,28.93,29.35,29.775,30.202,30.633,31.067,31.506,31.946,32.39,32.838,33.289,33.742,34.199,34.659,35.122,35.587,36.055,36.526,37,37.481,37.971,38.47,38.976,39.491,40.013,40.544,41.082,41.627,42.18,42.74,43.307,43.88,44.46,45.046,45.638,46.235,46.837,47.444,48.055
Urban population (% of total population),SP.URB.TOTL.IN.ZS,"Congo, Rep.",COG,31.601,32.318,33.045,33.78,34.524,35.273,36.031,36.796,37.569,38.345,39.129,39.919,40.715,41.514,42.357,43.264,44.177,45.091,46.01,46.932,47.857,48.781,49.707,50.633,51.56,52.221,52.642,53.064,53.485,53.905,54.324,54.743,55.162,55.58,55.996,56.413,56.832,57.299,57.766,58.231,58.695,59.156,59.617,60.076,60.533,60.988,61.441,61.893,62.346,62.8,63.256,63.712,64.169,64.627,65.085,65.543,66.001,66.459,66.916,67.373,67.829,68.283,68.736,69.188,69.638
Urban population (% of total population),SP.URB.TOTL.IN.ZS,Costa Rica,CRI,34.254,34.329,34.404,34.606,35.197,35.791,36.39,36.993,37.601,38.212,38.827,39.445,40.068,40.655,41.002,41.349,41.698,42.046,42.396,42.747,43.099,43.45,43.803,44.156,44.542,45.445,46.353,47.264,48.177,49.089,50.003,50.917,51.832,52.743,53.653,54.561,55.467,56.367,57.264,58.157,59.052,60.41,61.753,63.08,64.388,65.672,66.935,68.174,69.39,70.575,71.736,72.868,73.946,74.97,75.941,76.862,77.735,78.56,79.34,80.076,80.771,81.425,82.042,82.622,83.167
Urban population (% of total population),SP.URB.TOTL.IN.ZS,Cote d'Ivoire,CIV,17.679,18.911,20.21,21.575,23.007,24.5,25.206,25.926,26.659,27.404,28.163,28.934,29.719,30.513,31.321,32.229,33.594,34.983,36.4,36.614,36.829,37.044,37.26,37.476,37.693,37.91,38.127,38.346,38.608,38.976,39.345,39.716,40.088,40.461,40.835,41.21,41.587,41.964,42.342,42.741,43.155,43.568,43.983,44.399,44.817,45.234,45.652,46.071,46.491,46.91,47.33,47.751,48.172,48.593,49.014,49.444,49.881,50.326,50.779,51.239,51.706,52.18,52.661,53.149,53.644
Urban population (% of total population),SP.URB.TOTL.IN.ZS,Croatia,HRV,30.154,31.04,32.001,32.979,33.972,34.977,35.997,37.03,38.076,39.13,40.196,41.168,41.839,42.511,43.186,43.864,44.545,45.227,45.911,46.597,47.285,47.887,48.237,48.587,48.937,49.287,49.637,49.987,50.338,50.687,51.037,51.357,51.588,51.818,52.048,52.279,52.509,52.739,52.968,53.198,53.428,53.642,53.81,53.979,54.147,54.315,54.483,54.651,54.819,54.987,55.155,55.322,55.506,55.706,55.923,56.155,56.403,56.667,56.947,57.242,57.553,57.878,58.219,58.575,58.945
Urban population (% of total population),SP.URB.TOTL.IN.ZS,Cuba,CUB,58.401,58.588,58.776,58.963,59.15,59.337,59.523,59.709,59.895,60.081,60.266,60.976,61.8,62.614,63.423,64.224,65.018,65.802,66.579,67.346,68.106,68.853,69.414,69.925,70.433,70.933,71.43,71.921,72.408,72.888,73.364,73.676,73.827,73.977,74.127,74.277,74.426,74.618,74.855,75.089,75.323,75.555,75.785,75.947,76.041,76.134,76.227,76.32,76.413,76.505,76.597,76.689,76.781,76.827,76.861,76.896,76.93,76.977,77.037,77.109,77.194,77.292,77.401,77.523,77.657
Urban population (% of total population),SP.URB.TOTL.IN.ZS,Curacao,CUW,74.71,75.102,75.49,75.875,76.255,76.631,77.003,77.37,77.734,78.093,78.448,78.799,79.146,79.488,79.827,80.161,80.491,80.817,81.138,81.456,81.769,82.078,82.383,82.684,82.982,83.274,83.563,83.848,84.129,84.405,84.678,84.947,85.444,86.224,86.969,87.68,88.358,89.002,89.615,90.198,90.752,91.011,90.894,90.775,90.655,90.534,90.411,90.287,90.161,90.034,89.905,89.775,89.654,89.544,89.443,89.352,89.272,89.203,89.145,89.098,89.062,89.038,89.025,89.023,89.033
Urban population (% of total population),SP.URB.TOTL.IN.ZS,Cyprus,CYP,35.628,36.175,36.674,37.176,37.681,38.188,38.698,39.21,39.726,40.242,40.761,41.283,41.807,42.757,45.007,47.277,49.563,51.843,54.119,56.378,58.614,60.809,62.964,63.822,64.252,64.678,65.102,65.524,65.945,66.361,66.776,67.188,67.598,67.792,67.915,68.038,68.161,68.283,68.405,68.527,68.648,68.769,68.694,68.553,68.41,68.268,68.125,67.982,67.839,67.695,67.551,67.406,67.261,67.137,67.031,66.946,66.881,66.836,66.81,66.805,66.821,66.856,66.911,66.987,67.082
Urban population (% of total population),SP.URB.TOTL.IN.ZS,Czechia,CZE,59.548,60.063,60.555,61.044,61.532,62.016,62.498,62.978,63.456,63.93,64.402,65.295,66.484,67.649,68.794,69.917,71.018,72.092,73.142,74.167,75.167,75.481,75.452,75.423,75.394,75.365,75.336,75.307,75.278,75.249,75.22,75.158,75.03,74.901,74.772,74.643,74.513,74.382,74.251,74.12,73.988,73.877,73.809,73.74,73.671,73.602,73.533,73.463,73.394,73.324,73.255,73.185,73.197,73.29,73.384,73.477,73.57,73.675,73.792,73.921,74.061,74.214,74.377,74.552,74.738
Urban population (% of total population),SP.URB.TOTL.IN.ZS,Denmark,DNK,73.687,74.417,75.093,75.757,76.409,77.048,77.619,78.163,78.698,79.222,79.737,80.239,80.731,81.211,81.683,82.146,82.6,82.886,83.169,83.448,83.723,83.915,84.025,84.134,84.243,84.351,84.458,84.565,84.671,84.777,84.843,84.871,84.898,84.925,84.952,84.979,85.006,85.033,85.06,85.086,85.1,85.15,85.25,85.36,85.566,85.856,86.098,86.293,86.487,86.654,86.795,86.957,87.142,87.292,87.41,87.526,87.642,87.757,87.874,87.994,88.116,88.24,88.367,88.495,88.626
Urban population (% of total population),SP.URB.TOTL.IN.ZS,Djibouti,DJI,50.325,51.448,52.619,53.787,54.952,56.109,57.26,58.404,59.54,60.664,61.777,62.878,63.968,65.04,66.099,67.142,68.17,69.178,70.169,71.141,72.096,73.028,73.942,74.504,74.715,74.925,75.134,75.341,75.548,75.753,75.957,76.114,76.161,76.207,76.254,76.3,76.347,76.393,76.439,76.485,76.532,76.578,76.624,76.67,76.716,76.761,76.807,76.853,76.899,76.944,76.999,77.064,77.138,77.222,77.314,77.417,77.528,77.648,77.777,77.915,78.062,78.217,78.38,78.552,78.732
Urban population (% of total population),SP.URB.TOTL.IN.ZS,Dominica,DMA,37.846,37.912,37.979,38.046,38.113,38.18,38.247,38.314,38.381,38.448,38.683,39.47,40.264,41.061,41.864,42.671,43.484,44.297,45.115,45.935,46.759,47.793,49.524,51.257,52.99,54.71,56.422,58.118,59.798,61.45,63.079,64.482,64.569,64.656,64.744,64.831,64.918,65.005,65.092,65.179,65.265,65.382,65.689,65.994,66.299,66.601,66.903,67.203,67.502,67.799,68.094,68.389,68.685,68.982,69.28,69.579,69.88,70.181,70.483,70.786,71.09,71.395,71.7,72.006,72.312
Urban population (% of total population),SP.URB.TOTL.IN.ZS,Dominican Republic,DOM,30.191,31.112,32.074,33.052,34.046,35.052,36.073,37.106,38.153,39.207,40.274,41.351,42.437,43.527,44.626,45.729,46.838,47.948,49.061,50.175,51.29,52.401,53.05,53.323,53.596,53.868,54.14,54.412,54.684,54.955,55.226,55.497,55.767,56.037,56.752,57.598,58.441,59.276,60.107,60.933,61.753,62.565,63.371,64.605,66.003,67.37,68.71,70.02,71.3,72.542,73.753,74.827,75.802,76.749,77.67,78.566,79.436,80.277,81.074,81.828,82.54,83.213,83.848,84.446,85.011
Urban population (% of total population),SP.URB.TOTL.IN.ZS,Ecuador,ECU,33.878,34.466,35.06,35.606,36.122,36.64,37.162,37.686,38.215,38.744,39.278,39.813,40.352,40.892,41.457,42.363,43.276,44.191,45.111,46.034,46.961,47.888,48.818,49.658,50.438,51.215,51.993,52.769,53.546,54.318,55.09,55.709,56.226,56.74,57.254,57.766,58.277,58.785,59.291,59.796,60.299,60.799,61.118,61.316,61.514,61.711,61.907,62.104,62.3,62.495,62.69,62.851,62.988,63.125,63.261,63.398,63.534,63.67,63.821,63.986,64.166,64.361,64.57,64.792,65.029
Urban population (% of total population),SP.URB.TOTL.IN.ZS,"Egypt, Arab Rep.",EGY,37.864,38.272,38.624,38.977,39.331,39.686,40.042,40.399,40.758,41.117,41.477,41.838,42.2,42.563,42.926,43.291,43.656,43.81,43.826,43.842,43.858,43.874,43.89,43.906,43.922,43.938,43.954,43.877,43.744,43.611,43.478,43.345,43.212,43.079,42.946,42.814,42.681,42.658,42.704,42.75,42.797,42.843,42.889,42.935,42.981,43.027,43.073,43.078,43.058,43.039,43.019,43,42.946,42.893,42.839,42.785,42.732,42.705,42.704,42.73,42.783,42.862,42.967,43.1,43.258
Urban population (% of total population),SP.URB.TOTL.IN.ZS,El Salvador,SLV,38.354,38.527,38.628,38.729,38.83,38.931,39.033,39.134,39.236,39.337,39.439,39.544,40.043,40.543,41.046,41.551,42.058,42.565,43.075,43.586,44.099,44.612,45.127,45.642,46.16,46.677,47.195,47.714,48.234,48.754,49.274,49.794,50.315,51.417,52.704,53.988,55.268,56.537,57.8,58.357,58.912,59.464,60.014,60.561,61.107,61.648,62.187,62.774,63.678,64.57,65.452,66.325,67.187,68.036,68.874,69.7,70.501,71.275,72.023,72.746,73.444,74.118,74.767,75.393,75.996
Urban population (% of total population),SP.URB.TOTL.IN.ZS,Equatorial Guinea,GNQ,25.537,26.144,26.234,26.323,26.413,26.502,26.592,26.682,26.773,26.863,26.954,27.045,27.136,27.227,27.319,27.41,27.502,27.594,27.687,27.779,27.872,27.965,28.058,28.151,29.028,29.94,30.871,31.817,32.78,33.755,34.745,35.748,36.766,37.792,38.831,40.494,42.187,43.893,45.616,47.35,49.092,50.832,52.573,54.307,56.033,57.74,59.431,61.1,62.745,64.358,65.94,67.488,69,69.544,70.083,70.616,71.138,71.646,72.143,72.627,73.1,73.561,74.01,74.448,74.874
Urban population (% of total population),SP.URB.TOTL.IN.ZS,Eritrea,ERI,9.799,10.114,10.438,10.772,11.115,11.466,11.828,12.2,12.358,12.517,12.678,12.841,13.006,13.173,13.341,13.511,13.684,13.857,14.033,14.211,14.39,14.572,14.755,14.94,15.182,15.757,16.351,16.962,17.592,18.239,18.905,19.59,20.294,21.015,21.755,22.514,23.293,24.088,24.903,25.735,26.587,27.455,28.341,29.244,30.164,31.099,32.051,33.017,34,34.585,35.175,35.771,36.372,36.979,37.59,38.206,38.827,39.451,40.08,40.712,41.347,41.985,42.625,43.267,43.911
Urban population (% of total population),SP.URB.TOTL.IN.ZS,Estonia,EST,57.533,58.304,59.072,59.836,60.596,61.348,62.097,62.839,63.577,64.307,64.947,65.483,66.017,66.545,67.069,67.589,68.106,68.617,69.124,69.497,69.711,69.924,70.136,70.347,70.558,70.767,70.975,71.183,71.39,71.415,71.231,71.046,70.86,70.674,70.487,70.3,70.111,69.923,69.733,69.543,69.368,69.242,69.116,68.989,68.862,68.735,68.607,68.479,68.351,68.223,68.094,67.965,67.974,68.122,68.269,68.416,68.563,68.717,68.88,69.051,69.229,69.415,69.609,69.81,70.019
Urban population (% of total population),SP.URB.TOTL.IN.ZS,Eswatini,SWZ,3.913,4.335,4.8,5.312,5.876,6.494,7.157,7.729,8.344,9.001,9.705,10.458,11.264,12.12,13.033,14.004,15.037,15.474,15.803,16.137,16.478,16.824,17.176,17.533,17.897,18.266,18.641,19.022,19.41,19.803,20.202,20.607,21.018,21.434,21.857,22.286,22.722,23.081,22.949,22.817,22.686,22.555,22.425,22.296,22.166,22.038,21.91,21.829,22.045,22.262,22.48,22.7,22.849,22.999,23.149,23.3,23.459,23.625,23.799,23.981,24.171,24.369,24.576,24.79,25.013
Urban population (% of total population),SP.URB.TOTL.IN.ZS,Ethiopia,ETH,6.433,6.65,6.874,7.104,7.342,7.587,7.84,8.1,8.26,8.422,8.588,8.756,8.928,9.102,9.279,9.46,9.644,9.83,10.02,10.214,10.41,10.61,10.813,11.02,11.232,11.453,11.679,11.909,12.143,12.38,12.621,12.867,13.116,13.37,13.627,13.827,14.006,14.186,14.369,14.553,14.74,14.927,15.118,15.31,15.504,15.7,15.899,16.116,16.51,16.91,17.319,17.735,18.16,18.575,18.998,19.428,19.866,20.31,20.763,21.225,21.695,22.174,22.661,23.157,23.661
Urban population (% of total population),SP.URB.TOTL.IN.ZS,Faroe Islands,FRO,21.383,22.141,22.962,23.805,24.669,25.553,26.328,26.723,27.122,27.524,27.951,28.417,28.888,29.362,29.842,30.326,30.815,31.307,31.355,31.27,31.186,31.101,31.017,30.933,30.849,30.766,30.682,30.598,30.515,30.432,30.594,31.154,31.872,32.596,33.33,34.071,34.822,35.354,35.654,35.86,36.337,37.175,38.022,38.714,39.247,39.781,40.147,40.341,40.536,40.731,40.926,41.088,41.225,41.363,41.501,41.638,41.777,41.914,42.064,42.225,42.398,42.583,42.779,42.987,43.206
Urban population (% of total population),SP.URB.TOTL.IN.ZS,Fiji,FJI,29.681,30.248,30.823,31.403,31.991,32.582,33.18,33.604,33.987,34.371,34.758,35.147,35.538,35.93,36.324,36.721,37.119,37.319,37.469,37.619,37.769,37.919,38.07,38.221,38.372,38.523,38.675,39.327,40.085,40.845,41.611,42.381,43.156,43.933,44.713,45.496,46.282,46.732,47.123,47.515,47.908,48.3,48.692,49.085,49.479,49.871,50.264,50.657,51.146,51.658,52.171,52.683,53.196,53.706,54.216,54.726,55.235,55.742,56.248,56.75,57.247,57.74,58.229,58.713,59.192
Urban population (% of total population),SP.URB.TOTL.IN.ZS,Finland,FIN,55.29,56.321,57.162,57.998,58.832,59.658,60.48,61.295,62.106,62.908,63.704,64.523,65.366,66.197,67.019,67.831,68.634,69.423,70.202,70.97,71.727,72.528,73.373,74.202,75.015,75.808,76.567,77.291,78,78.691,79.367,79.843,80.128,80.409,80.688,80.963,81.223,81.466,81.707,81.946,82.183,82.368,82.503,82.638,82.772,82.905,83.037,83.168,83.299,83.429,83.77,84.313,84.841,85.125,85.175,85.225,85.275,85.325,85.382,85.446,85.517,85.596,85.681,85.773,85.872
Urban population (% of total population),SP.URB.TOTL.IN.ZS,France,FRA,61.88,62.607,63.489,64.702,65.898,67.071,68.225,69.357,70.238,70.648,71.055,71.459,71.86,72.256,72.65,72.926,72.997,73.068,73.14,73.211,73.282,73.352,73.425,73.5,73.575,73.65,73.725,73.8,73.875,73.95,74.056,74.229,74.401,74.572,74.743,74.912,75.082,75.25,75.417,75.614,75.871,76.127,76.38,76.632,76.883,77.13,77.377,77.621,77.868,78.117,78.369,78.622,78.878,79.135,79.394,79.655,79.917,80.18,80.444,80.709,80.975,81.242,81.509,81.777,82.044
Urban population (% of total population),SP.URB.TOTL.IN.ZS,French Polynesia,PYF,42.281,43.217,44.16,45.389,46.783,48.178,49.578,50.979,52.38,53.773,55.162,56.203,56.718,57.231,57.742,58.252,58.76,59.171,59.115,59.059,59.003,58.948,58.892,58.836,58.743,58.635,58.527,58.419,58.31,58.094,57.852,57.61,57.367,57.124,56.881,56.637,56.393,56.285,56.205,56.126,56.047,55.967,55.888,56.242,56.831,57.417,58.002,58.585,59.166,59.742,60.317,60.889,61.459,61.583,61.633,61.683,61.734,61.784,61.834,61.897,61.975,62.066,62.17,62.288,62.42
Urban population (% of total population),SP.URB.TOTL.IN.ZS,Gabon,GAB,17.398,18.33,19.594,20.923,22.318,23.775,25.297,26.883,28.533,30.237,32,34.082,36.231,38.43,40.681,42.971,45.295,47.633,49.985,52.337,54.682,57,58.372,59.73,61.076,62.402,63.711,65,66.412,67.792,69.143,70.462,71.749,72.999,73.921,74.797,75.654,76.49,77.306,78.102,78.879,79.633,80.368,81.083,81.778,82.452,83.107,83.742,84.359,84.955,85.533,86.092,86.634,87.156,87.651,88.118,88.559,88.976,89.37,89.741,90.092,90.423,90.735,91.029,91.307
Urban population (% of total population),SP.URB.TOTL.IN.ZS,"Gambia, The",GMB,12.129,12.331,12.535,12.862,13.677,14.533,15.433,16.379,17.373,18.41,19.496,20.63,21.814,22.941,23.675,24.426,25.193,25.974,26.772,27.585,28.414,29.256,30.113,31.008,32.007,33.019,34.049,35.094,36.155,37.226,38.312,39.41,40.52,41.586,42.472,43.362,44.258,45.155,46.057,46.961,47.868,48.775,49.683,50.555,51.288,52.02,52.751,53.481,54.211,54.937,55.662,56.384,57.105,57.82,58.528,59.228,59.918,60.599,61.27,61.931,62.582,63.222,63.852,64.472,65.08
Urban population (% of total population),SP.URB.TOTL.IN.ZS,Georgia,GEO,43.069,43.559,44.051,44.544,45.039,45.534,46.03,46.527,47.025,47.522,48.006,48.474,48.942,49.409,49.876,50.344,50.812,51.279,51.747,52.156,52.497,52.836,53.176,53.516,53.855,54.194,54.532,54.87,55.208,55.277,55.038,54.799,54.559,54.32,54.08,53.841,53.6,53.36,53.12,52.879,52.638,52.398,52.441,52.83,53.218,53.605,53.992,54.379,54.765,55.15,55.535,55.919,56.303,56.685,57.067,57.448,57.837,58.231,58.632,59.039,59.453,59.872,60.297,60.727,61.162
Urban population (% of total population),SP.URB.TOTL.IN.ZS,Germany,DEU,71.384,71.697,71.762,71.826,71.891,71.955,72.019,72.083,72.147,72.211,72.274,72.332,72.389,72.446,72.503,72.56,72.617,72.674,72.73,72.787,72.844,72.989,73.107,73.103,72.943,72.711,72.617,72.836,72.999,72.976,73.118,73.269,73.36,73.497,73.71,73.922,74.133,74.342,74.551,74.758,74.965,75.17,75.374,75.577,75.779,75.98,76.179,76.378,76.575,76.771,76.966,77.16,77.17,77.18,77.19,77.2,77.224,77.261,77.312,77.376,77.453,77.544,77.648,77.765,77.895
Urban population (% of total population),SP.URB.TOTL.IN.ZS,Ghana,GHA,23.252,23.797,24.352,24.915,25.488,26.067,26.656,27.254,27.86,28.473,28.958,29.174,29.392,29.61,29.829,30.049,30.27,30.492,30.714,30.938,31.163,31.388,31.614,31.842,32.209,32.896,33.591,34.293,35.004,35.719,36.441,37.17,37.905,38.644,39.39,40.14,40.896,41.654,42.418,43.184,43.929,44.601,45.275,45.951,46.63,47.308,47.988,48.669,49.351,50.031,50.713,51.394,52.073,52.748,53.419,54.086,54.749,55.407,56.06,56.707,57.349,57.985,58.615,59.238,59.854
Urban population (% of total population),SP.URB.TOTL.IN.ZS,Gibraltar,GIB,100,100,100,100,100,100,100,100,100,100,100,100,100,100,100,100,100,100,100,100,100,100,100,100,100,100,100,100,100,100,100,100,100,100,100,100,100,100,100,100,100,100,100,100,100,100,100,100,100,100,100,100,100,100,100,100,100,100,100,100,100,100,100,100,100
Urban population (% of total population),SP.URB.TOTL.IN.ZS,Greece,GRC,55.936,56.453,57.34,58.222,59.099,59.969,60.833,61.691,62.543,63.385,64.22,64.951,65.454,65.952,66.448,66.94,67.429,67.912,68.393,68.87,69.343,69.746,69.94,70.134,70.327,70.518,70.709,70.9,71.09,71.279,71.467,71.635,71.757,71.878,71.998,72.119,72.239,72.358,72.478,72.597,72.716,72.913,73.303,73.689,74.073,74.452,74.827,75.199,75.568,75.932,76.292,76.649,77.004,77.355,77.702,78.046,78.387,78.724,79.058,79.388,79.715,80.038,80.357,80.673,80.984
Urban population (% of total population),SP.URB.TOTL.IN.ZS,Greenland,GRL,58.534,59.806,61.406,62.983,64.534,66.05,67.491,68.853,70.186,71.481,72.744,73.433,73.675,73.914,74.152,74.389,74.625,74.966,75.355,75.74,76.121,76.497,76.869,77.237,77.602,77.961,78.317,78.668,79.016,79.359,79.698,80.033,80.301,80.503,80.703,80.902,81.1,81.226,81.351,81.476,81.6,81.849,82.095,82.338,82.58,82.858,83.172,83.482,83.787,84.087,84.383,84.755,85.2,85.551,85.813,86.071,86.326,86.574,86.816,87.052,87.282,87.507,87.727,87.94,88.149
Urban population (% of total population),SP.URB.TOTL.IN.ZS,Grenada,GRD,30.332,30.519,30.707,30.895,31.085,31.274,31.465,31.656,31.848,32.04,32.212,32.281,32.351,32.421,32.491,32.561,32.631,32.701,32.771,32.841,32.912,32.978,33.028,33.078,33.128,33.177,33.227,33.277,33.327,33.377,33.427,33.503,33.744,33.985,34.227,34.47,34.714,34.959,35.204,35.45,35.698,35.919,35.913,35.907,35.901,35.895,35.889,35.883,35.877,35.871,35.865,35.859,35.869,35.896,35.938,35.997,36.072,36.164,36.272,36.396,36.537,36.694,36.868,37.059,37.267
Urban population (% of total population),SP.URB.TOTL.IN.ZS,Guam,GUM,50.147,51.23,52.314,53.396,54.475,55.548,56.617,57.68,58.738,59.784,61.92,67.153,71.999,76.371,80.252,83.632,86.534,88.983,91.036,92.737,93.753,93.491,93.219,92.937,92.643,92.339,92.023,91.695,91.354,91.002,90.796,91.061,91.32,91.571,91.816,92.055,92.287,92.513,92.733,92.946,93.129,93.233,93.334,93.435,93.534,93.631,93.727,93.822,93.916,94.008,94.099,94.188,94.277,94.364,94.449,94.534,94.617,94.699,94.78,94.859,94.938,95.015,95.091,95.166,95.24
Urban population (% of total population),SP.URB.TOTL.IN.ZS,Guatemala,GTM,31.121,31.768,32.424,33.086,33.682,33.989,34.298,34.608,34.919,35.232,35.545,35.861,36.177,36.494,36.809,37.125,37.443,37.762,38.081,38.402,38.724,39.047,39.37,39.695,40.021,40.347,40.674,41.002,41.332,41.661,41.992,42.323,42.655,42.987,43.32,43.654,43.989,44.323,44.659,44.995,45.332,45.668,46.005,46.318,46.616,46.913,47.21,47.508,47.807,48.104,48.403,48.701,49,49.311,49.634,49.971,50.319,50.68,51.054,51.439,51.836,52.245,52.666,53.098,53.542
Urban population (% of total population),SP.URB.TOTL.IN.ZS,Guinea,GIN,10.472,10.936,11.418,11.919,12.439,12.978,13.537,14.116,14.716,15.336,15.977,16.641,17.327,18.033,18.763,19.515,20.291,21.087,21.907,22.75,23.617,24.503,25.414,26.072,26.346,26.621,26.898,27.178,27.459,27.741,28.026,28.312,28.601,28.89,29.182,29.475,29.77,30.052,30.323,30.595,30.869,31.144,31.42,31.698,31.977,32.257,32.539,32.822,33.106,33.391,33.678,33.966,34.255,34.545,34.836,35.141,35.46,35.793,36.14,36.5,36.875,37.264,37.668,38.085,38.517
Urban population (% of total population),SP.URB.TOTL.IN.ZS,Guinea-Bissau,GNB,13.6,13.747,13.895,14.045,14.197,14.349,14.503,14.658,14.815,14.972,15.132,15.293,15.455,15.618,15.783,15.95,16.118,16.287,16.457,16.77,17.804,18.883,20.013,21.194,22.426,23.704,25.034,26.413,27.841,29.312,30.83,32.39,33.271,33.635,34.002,34.371,34.742,35.114,35.488,35.865,36.243,36.622,37.004,37.387,37.772,38.157,38.545,38.934,39.325,39.716,40.111,40.508,40.908,41.31,41.715,42.123,42.533,42.945,43.36,43.777,44.196,44.617,45.041,45.466,45.893
Urban population (% of total population),SP.URB.TOTL.IN.ZS,Guyana,GUY,29.009,29.049,29.089,29.129,29.169,29.209,29.249,29.289,29.329,29.369,29.425,29.533,29.641,29.75,29.858,29.967,30.076,30.186,30.295,30.405,30.488,30.396,30.305,30.215,30.124,30.033,29.943,29.853,29.763,29.673,29.583,29.493,29.404,29.315,29.226,29.137,29.048,28.959,28.871,28.782,28.694,28.606,28.518,28.307,28.064,27.822,27.582,27.343,27.105,26.869,26.634,26.4,26.4,26.4,26.414,26.441,26.482,26.538,26.606,26.689,26.786,26.897,27.022,27.162,27.316
Urban population (% of total population),SP.URB.TOTL.IN.ZS,Haiti,HTI,15.593,15.975,16.365,16.762,17.168,17.58,18.001,18.429,18.866,19.31,19.762,20.222,20.323,20.35,20.377,20.404,20.431,20.459,20.486,20.513,20.541,20.568,20.595,21.36,22.297,23.261,24.255,25.277,26.329,27.405,28.51,29.641,30.8,31.39,31.987,32.59,33.2,33.792,34.389,34.992,35.6,37.251,38.935,40.645,41.679,42.638,43.604,44.574,45.551,46.528,47.509,48.492,49.477,50.46,51.444,52.427,53.396,54.346,55.278,56.192,57.088,57.964,58.82,59.656,60.472
Urban population (% of total population),SP.URB.TOTL.IN.ZS,Honduras,HND,22.747,23.318,23.9,24.491,25.094,25.704,26.325,26.955,27.596,28.244,28.902,29.569,30.246,30.93,31.571,32.11,32.653,33.2,33.752,34.309,34.87,35.435,36.004,36.577,37.155,37.735,38.319,38.907,39.481,39.969,40.46,40.953,41.448,41.943,42.441,42.941,43.442,43.944,44.447,44.952,45.458,45.964,46.61,47.267,47.927,48.585,49.245,49.905,50.566,51.225,51.885,52.543,53.202,53.858,54.514,55.165,55.813,56.457,57.096,57.73,58.359,58.982,59.6,60.212,60.818
Urban population (% of total population),SP.URB.TOTL.IN.ZS,"Hong Kong SAR, China",HKG,85.2,85.293,85.582,85.867,86.147,86.422,86.692,86.958,87.22,87.476,87.729,88.039,88.474,88.894,89.301,89.695,90.077,90.445,90.801,91.145,91.478,91.794,92.09,92.376,92.653,92.92,94.248,96.86,98.309,99.094,99.517,99.832,99.979,100,100,100,100,100,100,100,100,100,100,100,100,100,100,100,100,100,100,100,100,100,100,100,100,100,100,100,100,100,100,100,100
Urban population (% of total population),SP.URB.TOTL.IN.ZS,Hungary,HUN,55.911,56.335,56.758,57.181,57.603,58.022,58.441,58.859,59.276,59.691,60.112,60.539,60.965,61.388,61.81,62.231,62.65,63.066,63.48,63.893,64.191,64.372,64.553,64.734,64.915,65.095,65.274,65.453,65.632,65.81,65.838,65.713,65.587,65.461,65.335,65.209,65.083,64.956,64.829,64.702,64.575,64.67,65.081,65.489,65.896,66.365,66.895,67.421,67.943,68.46,68.911,69.358,69.678,69.953,70.227,70.5,70.779,71.062,71.351,71.644,71.942,72.245,72.552,72.864,73.179
Urban population (% of total population),SP.URB.TOTL.IN.ZS,Iceland,ISL,80.3,80.803,81.297,81.781,82.256,82.72,83.175,83.621,84.057,84.483,84.9,85.269,85.63,85.983,86.33,86.669,87.002,87.326,87.644,87.955,88.26,88.533,88.8,89.062,89.319,89.57,89.816,90.057,90.294,90.524,90.75,90.932,91.112,91.287,91.46,91.63,91.797,91.96,92.121,92.267,92.401,92.532,92.662,92.789,92.914,93.037,93.159,93.278,93.395,93.511,93.574,93.587,93.6,93.633,93.667,93.7,93.735,93.773,93.813,93.855,93.898,93.944,93.992,94.042,94.094
Urban population (% of total population),SP.URB.TOTL.IN.ZS,India,IND,17.924,18.032,18.218,18.405,18.595,18.785,18.977,19.171,19.366,19.562,19.76,19.991,20.321,20.653,20.991,21.332,21.677,22.026,22.379,22.736,23.098,23.417,23.647,23.879,24.113,24.348,24.585,24.823,25.063,25.305,25.547,25.778,25.984,26.191,26.399,26.607,26.817,27.028,27.24,27.453,27.667,27.918,28.244,28.572,28.903,29.235,29.569,29.906,30.246,30.587,30.93,31.276,31.634,32.003,32.384,32.777,33.182,33.6,34.03,34.472,34.926,35.393,35.872,36.364,36.867
Urban population (% of total population),SP.URB.TOTL.IN.ZS,Indonesia,IDN,14.586,14.821,15.058,15.299,15.543,15.789,16.039,16.293,16.549,16.809,17.071,17.338,17.779,18.28,18.793,19.317,19.853,20.398,20.956,21.524,22.104,22.815,23.606,24.415,25.244,26.089,26.953,27.835,28.736,29.651,30.584,31.613,32.703,33.808,34.933,36.076,37.235,38.406,39.593,40.792,42.002,42.783,43.568,44.356,45.149,45.942,46.738,47.535,48.335,49.134,49.914,50.595,51.276,51.955,52.635,53.313,53.989,54.659,55.325,55.985,56.641,57.29,57.934,58.572,59.204
Urban population (% of total population),SP.URB.TOTL.IN.ZS,"Iran, Islamic Rep.",IRN,33.735,34.389,35.051,35.718,36.391,37.068,37.752,38.557,39.437,40.321,41.212,42.11,43.014,43.92,44.832,45.747,46.666,47.47,48.21,48.951,49.693,50.434,51.175,51.916,52.657,53.395,54.133,54.717,55.257,55.794,56.33,56.865,57.653,58.519,59.38,60.236,61.087,61.853,62.588,63.318,64.042,64.758,65.468,66.172,66.869,67.558,68.239,68.864,69.458,70.045,70.626,71.2,71.755,72.295,72.83,73.358,73.88,74.394,74.898,75.391,75.874,76.345,76.807,77.257,77.698
Urban population (% of total population),SP.URB.TOTL.IN.ZS,Iraq,IRQ,42.899,44.432,45.978,47.532,49.093,50.651,51.868,52.945,54.02,55.089,56.154,57.214,58.269,59.313,60.351,61.379,62.398,63.404,64.178,64.852,65.521,66.183,66.839,67.488,68.132,68.767,69.396,70.017,70.072,69.889,69.706,69.522,69.337,69.152,68.966,68.78,68.593,68.405,68.388,68.442,68.496,68.55,68.604,68.658,68.712,68.766,68.819,68.873,68.927,68.98,69.103,69.268,69.432,69.595,69.758,69.921,70.094,70.278,70.473,70.678,70.893,71.119,71.354,71.599,71.853
Urban population (% of total population),SP.URB.TOTL.IN.ZS,Ireland,IRL,45.184,45.393,45.603,45.813,46.023,46.233,46.637,47.795,48.956,50.115,51.276,52.269,52.611,52.952,53.294,53.634,53.975,54.315,54.655,54.994,55.333,55.634,55.794,55.955,56.115,56.275,56.427,56.553,56.678,56.804,56.929,57.073,57.293,57.512,57.731,57.949,58.173,58.419,58.664,58.91,59.155,59.399,59.649,59.925,60.202,60.477,60.738,60.94,61.141,61.342,61.542,61.742,61.942,62.141,62.34,62.538,62.737,62.947,63.17,63.405,63.653,63.912,64.183,64.466,64.76
Urban population (% of total population),SP.URB.TOTL.IN.ZS,Isle of Man,IMN,55.123,55.345,55.586,55.826,56.066,56.305,56.47,56.311,56.151,55.991,55.831,55.556,54.77,53.983,53.194,52.403,51.799,51.795,51.791,51.788,51.784,51.78,51.776,51.773,51.769,51.765,51.761,51.757,51.754,51.75,51.746,51.745,51.754,51.764,51.773,51.783,51.792,51.8,51.808,51.815,51.823,51.833,51.851,51.869,51.887,51.905,51.922,51.94,51.958,51.976,51.994,52.012,52.046,52.096,52.162,52.245,52.343,52.458,52.588,52.735,52.898,53.076,53.271,53.482,53.708
Urban population (% of total population),SP.URB.TOTL.IN.ZS,Israel,ISR,76.848,77.985,78.754,79.502,80.232,80.94,81.63,82.3,82.952,83.582,84.195,84.789,85.351,85.793,86.224,86.643,87.053,87.45,87.838,88.215,88.583,88.94,89.287,89.608,89.719,89.828,89.936,90.044,90.15,90.255,90.359,90.463,90.565,90.666,90.767,90.866,90.943,91.009,91.074,91.139,91.203,91.267,91.33,91.393,91.456,91.518,91.58,91.641,91.702,91.763,91.826,91.892,91.96,92.031,92.104,92.179,92.256,92.336,92.418,92.501,92.587,92.674,92.763,92.854,92.946
Urban population (% of total population),SP.URB.TOTL.IN.ZS,Italy,ITA,59.361,59.856,60.355,60.853,61.35,61.843,62.334,62.822,63.309,63.792,64.272,64.75,65.039,65.241,65.442,65.643,65.844,66.044,66.243,66.442,66.64,66.837,66.886,66.866,66.846,66.826,66.806,66.786,66.766,66.746,66.726,66.706,66.742,66.802,66.862,66.922,66.982,67.042,67.102,67.162,67.222,67.282,67.382,67.501,67.62,67.738,67.856,67.974,68.092,68.209,68.327,68.444,68.684,68.979,69.272,69.565,69.855,70.144,70.438,70.736,71.039,71.346,71.657,71.973,72.292
Urban population (% of total population),SP.URB.TOTL.IN.ZS,Jamaica,JAM,33.769,34.5,35.239,35.985,36.74,37.499,38.265,39.036,39.815,40.596,41.324,41.858,42.395,42.933,43.472,44.013,44.557,45.1,45.645,46.191,46.739,47.286,47.813,48.016,48.22,48.424,48.628,48.832,49.036,49.24,49.444,49.656,49.896,50.136,50.375,50.615,50.855,51.095,51.335,51.574,51.814,52.053,52.251,52.437,52.625,52.811,52.998,53.184,53.371,53.557,53.743,53.93,54.132,54.35,54.584,54.833,55.098,55.378,55.674,55.985,56.311,56.652,57.008,57.378,57.762
Urban population (% of total population),SP.URB.TOTL.IN.ZS,Japan,JPN,63.272,64.213,65.144,66.064,66.972,67.866,68.704,69.516,70.316,71.102,71.877,72.666,73.452,74.22,74.975,75.716,75.944,76.002,76.06,76.118,76.175,76.273,76.383,76.493,76.603,76.712,76.835,76.962,77.088,77.213,77.339,77.473,77.61,77.746,77.881,78.016,78.145,78.272,78.398,78.523,78.649,79.99,81.647,83.196,84.64,85.978,87.118,88.146,89.103,89.989,90.812,91.069,91.148,91.226,91.304,91.381,91.457,91.535,91.616,91.698,91.782,91.867,91.955,92.043,92.134
Urban population (% of total population),SP.URB.TOTL.IN.ZS,Jordan,JOR,50.879,52.412,53.215,53.565,53.914,54.262,54.61,54.957,55.296,55.633,55.971,56.308,56.645,56.98,57.315,57.65,57.984,58.316,58.649,58.98,60.029,61.464,62.882,64.278,65.652,66.996,68.315,69.606,70.868,72.095,73.291,74.455,75.586,76.68,77.74,78.207,78.22,78.232,78.245,78.258,78.27,78.283,78.296,78.308,78.321,79.485,80.97,82.371,83.692,84.928,86.088,87.172,88.185,89.125,90,90.256,90.506,90.747,90.979,91.203,91.418,91.626,91.827,92.02,92.206
Urban population (% of total population),SP.URB.TOTL.IN.ZS,Kazakhstan,KAZ,44.198,44.746,45.296,45.847,46.4,47.047,47.696,48.346,48.997,49.647,50.236,50.753,51.269,51.785,52.3,52.564,52.828,53.092,53.356,53.7,54.142,54.582,55.022,55.461,55.9,56.01,56.121,56.231,56.341,56.357,56.266,56.175,56.083,55.992,55.9,55.921,55.943,55.964,55.986,56.025,56.098,56.171,56.244,56.317,56.39,56.463,56.536,56.609,56.682,56.755,56.827,56.9,56.973,57.046,57.118,57.191,57.264,57.336,57.428,57.54,57.671,57.821,57.99,58.179,58.387
Urban population (% of total population),SP.URB.TOTL.IN.ZS,Kenya,KEN,7.362,7.565,7.774,8.038,8.318,8.605,8.902,9.209,9.525,9.85,10.295,10.778,11.282,11.805,12.349,12.914,13.503,14.112,14.745,15.401,15.583,15.681,15.78,15.879,15.979,16.079,16.18,16.281,16.383,16.485,16.748,17.043,17.342,17.645,17.952,18.263,18.579,18.898,19.222,19.55,19.892,20.239,20.591,20.948,21.31,21.675,22.045,22.42,22.8,23.183,23.571,23.969,24.376,24.794,25.221,25.658,26.105,26.562,27.03,27.507,27.995,28.493,29.002,29.52,30.049
Urban population (% of total population),SP.URB.TOTL.IN.ZS,Kiribati,KIR,16.29,16.918,17.566,18.233,18.92,19.625,20.351,21.097,21.863,22.871,24.088,25.348,26.654,27.997,28.96,29.606,30.262,30.925,31.596,32.036,32.284,32.532,32.782,33.032,33.284,33.541,33.828,34.116,34.405,34.695,34.987,35.272,35.555,35.839,36.123,36.409,37.386,38.752,40.138,41.54,42.958,43.473,43.492,43.512,43.532,43.551,44.03,44.866,45.706,46.547,47.39,48.235,49.082,49.927,50.773,51.619,52.45,53.262,54.057,54.835,55.594,56.335,57.058,57.762,58.448
Urban population (% of total population),SP.URB.TOTL.IN.ZS,"Korea, Dem. People's Rep.",PRK,40.195,41.162,42.136,43.116,44.102,45.091,46.084,47.081,49.012,51.609,54.2,54.702,55.204,55.703,56.202,56.7,56.74,56.78,56.82,56.86,56.9,57.049,57.198,57.346,57.495,57.644,57.792,57.94,58.088,58.236,58.384,58.531,58.679,58.826,58.939,59.018,59.097,59.176,59.255,59.334,59.412,59.491,59.57,59.648,59.727,59.805,59.884,59.962,60.04,60.195,60.377,60.557,60.738,60.918,61.098,61.277,61.471,61.678,61.899,62.134,62.381,62.642,62.916,63.203,63.503
Urban population (% of total population),SP.URB.TOTL.IN.ZS,"Korea, Rep.",KOR,27.71,28.531,29.461,30.407,31.372,32.351,33.347,34.971,36.846,38.756,40.704,42.261,43.692,45.131,46.579,48.033,49.719,51.476,53.233,54.981,56.72,58.407,60.061,61.693,63.301,64.876,66.679,68.563,70.389,72.148,73.844,74.972,75.82,76.645,77.452,78.239,78.662,78.905,79.145,79.384,79.621,79.94,80.299,80.652,81.002,81.345,81.528,81.631,81.733,81.835,81.936,81.923,81.851,81.779,81.707,81.634,81.562,81.503,81.459,81.43,81.414,81.414,81.427,81.456,81.498
Urban population (% of total population),SP.URB.TOTL.IN.ZS,Kosovo,XKX,..,..,..,..,..,..,..,..,..,..,..,..,..,..,..,..,..,..,..,..,..,..,..,..,..,..,..,..,..,..,..,..,..,..,..,..,..,..,..,..,..,..,..,..,..,..,..,..,..,..,..,..,..,..,..,..,..,..,..,..,..,..,..,..,..
Urban population (% of total population),SP.URB.TOTL.IN.ZS,Kuwait,KWT,74.893,75.787,76.66,77.511,78.341,79.273,80.716,82.081,83.371,84.582,85.661,86.444,87.192,87.902,88.579,89.384,90.745,91.944,93,93.928,94.781,95.67,96.414,97.034,97.551,97.903,97.917,97.932,97.946,97.96,97.974,97.988,98.002,98.016,98.029,98.096,98.325,98.527,98.705,98.862,99,99.908,100,100,100,100,100,100,100,100,100,100,100,100,100,100,100,100,100,100,100,100,100,100,100
Urban population (% of total population),SP.URB.TOTL.IN.ZS,Kyrgyz Republic,KGZ,34.181,34.511,34.844,35.178,35.515,35.851,36.19,36.53,36.871,37.214,37.466,37.609,37.753,37.897,38.042,38.186,38.331,38.476,38.621,38.677,38.627,38.577,38.527,38.477,38.427,38.377,38.327,38.277,38.227,38.065,37.777,37.49,37.203,36.918,36.633,36.349,36.066,35.785,35.504,35.3,35.298,35.296,35.295,35.293,35.292,35.29,35.289,35.287,35.285,35.284,35.306,35.352,35.423,35.517,35.635,35.777,35.944,36.135,36.351,36.591,36.856,37.146,37.461,37.801,38.166
Urban population (% of total population),SP.URB.TOTL.IN.ZS,Lao PDR,LAO,7.946,8.02,8.095,8.17,8.246,8.323,8.4,8.692,8.994,9.304,9.625,9.955,10.295,10.597,10.837,11.081,11.331,11.584,11.843,12.107,12.377,12.65,12.93,13.214,13.504,13.804,14.118,14.439,14.766,15.098,15.437,15.782,16.133,16.49,16.854,17.378,18.234,19.12,20.039,20.991,21.977,22.993,24.044,25.126,26.242,27.186,27.748,28.316,28.893,29.475,30.064,30.66,31.264,31.872,32.487,33.108,33.736,34.368,35.004,35.645,36.29,36.939,37.592,38.247,38.906
Urban population (% of total population),SP.URB.TOTL.IN.ZS,Latvia,LVA,52.867,53.663,54.459,55.253,56.045,56.832,57.617,58.398,59.175,59.946,60.713,61.433,62.122,62.805,63.484,64.157,64.826,65.487,66.143,66.686,67.095,67.44,67.722,68.003,68.283,68.56,68.782,68.947,69.112,69.2,69.25,69.201,68.852,68.799,68.901,68.75,68.65,68.6,68.451,68.22,68.067,67.95,67.85,67.8,67.9,68,67.967,67.9,67.834,67.814,67.841,67.869,67.897,67.925,67.952,67.98,68.021,68.075,68.142,68.222,68.315,68.421,68.54,68.671,68.815
Urban population (% of total population),SP.URB.TOTL.IN.ZS,Lebanon,LBN,42.343,44.039,45.752,47.475,49.207,50.935,52.664,54.386,56.101,57.796,59.475,61.06,62.58,64.072,65.54,66.978,68.387,69.759,71.099,72.403,73.672,74.899,76.089,77.24,78.353,79.422,80.454,81.446,82.4,82.763,83.12,83.472,83.818,84.157,84.491,84.82,85.142,85.459,85.77,85.885,86,86.118,86.24,86.366,86.494,86.627,86.762,86.901,87.042,87.187,87.334,87.484,87.636,87.79,87.947,88.106,88.266,88.429,88.593,88.758,88.925,89.093,89.262,89.432,89.603
Urban population (% of total population),SP.URB.TOTL.IN.ZS,Lesotho,LSO,3.512,3.96,4.464,5.029,5.661,6.366,7.065,7.425,7.802,8.196,8.608,9.039,9.474,9.905,10.355,10.822,11.213,11.272,11.331,11.39,11.45,11.51,11.57,11.63,11.691,11.752,11.905,12.394,12.901,13.425,13.967,14.527,15.106,15.703,16.319,16.955,17.571,18.049,18.538,19.038,19.548,20.067,20.597,21.137,21.689,22.249,22.82,23.304,23.796,24.293,24.798,25.31,25.704,26.101,26.502,26.908,27.317,27.73,28.153,28.585,29.028,29.48,29.943,30.415,30.897
Urban population (% of total population),SP.URB.TOTL.IN.ZS,Liberia,LBR,18.632,19.291,19.969,20.664,21.378,22.108,22.856,23.622,24.407,25.207,26.025,26.86,27.713,28.581,29.47,30.382,31.311,32.252,33.209,34.181,35.167,36.163,37.173,38.194,39.834,42.373,44.956,47.567,50.195,52.814,55.422,58,55.019,52.009,48.981,45.96,42.964,43.304,43.646,43.988,44.331,44.673,45.017,45.361,45.706,46.051,46.396,46.742,47.088,47.445,47.813,48.193,48.583,48.985,49.397,49.82,50.254,50.697,51.151,51.615,52.089,52.573,53.065,53.567,54.077
Urban population (% of total population),SP.URB.TOTL.IN.ZS,Libya,LBY,27.323,28.197,29.089,29.998,30.924,33.666,36.698,39.839,43.07,46.352,49.671,52.992,56.292,59.528,61.237,62.785,64.31,65.802,67.265,68.696,70.094,71.451,72.773,74.055,75.3,75.45,75.505,75.56,75.614,75.669,75.723,75.777,75.832,75.886,75.94,75.994,76.048,76.114,76.193,76.284,76.387,76.502,76.629,76.768,76.919,77.08,77.253,77.437,77.632,77.837,78.052,78.277,78.512,78.756,79.009,79.27,79.54,79.817,80.102,80.393,80.691,80.994,81.302,81.606,81.907
Urban population (% of total population),SP.URB.TOTL.IN.ZS,Liechtenstein,LIE,20.437,20.315,20.102,19.89,19.679,19.471,19.264,19.059,18.855,18.654,18.453,18.364,18.354,18.344,18.334,18.324,18.314,18.304,18.294,18.284,18.274,18.187,18.043,17.901,17.759,17.619,17.479,17.34,17.201,17.064,16.928,16.821,16.736,16.651,16.566,16.482,16.29,15.994,15.702,15.414,15.13,14.962,14.906,14.85,14.795,14.739,14.684,14.629,14.574,14.519,14.464,14.41,14.367,14.334,14.313,14.303,14.303,14.315,14.338,14.371,14.416,14.471,14.538,14.617,14.707
Urban population (% of total population),SP.URB.TOTL.IN.ZS,Lithuania,LTU,39.46,40.443,41.435,42.434,43.441,44.45,45.465,46.484,47.507,48.53,49.555,50.719,51.968,53.21,54.451,55.685,56.915,58.132,59.342,60.361,61.158,61.946,62.73,63.506,64.277,65.038,65.793,66.54,67.28,67.642,67.583,67.523,67.464,67.404,67.345,67.285,67.225,67.166,67.106,67.046,66.986,66.919,66.828,66.737,66.646,66.635,66.706,66.777,66.848,66.842,66.757,66.741,66.864,66.986,67.108,67.23,67.366,67.516,67.679,67.855,68.046,68.249,68.465,68.694,68.936
Urban population (% of total population),SP.URB.TOTL.IN.ZS,Luxembourg,LUX,69.556,69.927,70.443,70.953,71.459,71.958,72.452,72.941,73.425,73.902,74.374,74.916,75.528,76.127,76.717,77.297,77.867,78.426,78.975,79.513,80.042,80.444,80.501,80.557,80.613,80.669,80.725,80.78,80.836,80.891,80.947,81.13,81.528,81.857,82.482,82.893,82.825,82.779,82.893,83.448,84.216,84.843,85.299,85.743,86.177,86.598,87.009,87.409,87.8,88.178,88.547,88.906,89.249,89.574,89.884,90.179,90.46,90.727,90.981,91.223,91.453,91.672,91.881,92.078,92.266
Urban population (% of total population),SP.URB.TOTL.IN.ZS,"Macao SAR, China",MAC,95.289,95.328,95.556,95.773,95.98,96.177,96.365,96.544,96.715,96.877,97.032,97.208,97.397,97.573,97.738,97.891,98.035,98.169,98.294,98.41,98.519,98.655,98.889,99.084,99.244,99.377,99.486,99.576,99.651,99.712,99.763,99.805,99.839,99.867,99.891,99.91,99.98,100,100,100,100,100,100,100,100,100,100,100,100,100,100,100,100,100,100,100,100,100,100,100,100,100,100,100,100
Urban population (% of total population),SP.URB.TOTL.IN.ZS,Madagascar,MDG,10.642,10.971,11.309,11.657,12.014,12.379,12.747,13.074,13.41,13.751,14.1,14.526,14.964,15.411,15.869,16.334,16.755,17.184,17.622,18.068,18.524,18.988,19.461,19.943,20.434,20.933,21.442,21.959,22.487,23.021,23.566,24.119,24.681,25.251,25.536,25.796,26.058,26.321,26.586,26.853,27.121,27.391,27.663,27.936,28.211,28.814,29.425,30.043,30.67,31.301,31.938,32.58,33.227,33.878,34.534,35.193,35.856,36.522,37.191,37.861,38.534,39.207,39.882,40.556,41.231
Urban population (% of total population),SP.URB.TOTL.IN.ZS,Malawi,MWI,4.39,4.489,4.59,4.694,4.8,4.908,5.018,5.249,5.505,5.773,6.053,6.345,6.651,6.97,7.304,7.652,8.015,8.394,8.636,8.841,9.05,9.263,9.481,9.704,9.931,10.163,10.4,10.641,10.934,11.243,11.56,11.885,12.218,12.558,12.907,13.263,13.629,14.002,14.384,14.522,14.61,14.698,14.786,14.875,14.964,15.054,15.144,15.235,15.326,15.429,15.544,15.672,15.812,15.966,16.132,16.313,16.506,16.714,16.937,17.174,17.427,17.695,17.98,18.28,18.598
Urban population (% of total population),SP.URB.TOTL.IN.ZS,Malaysia,MYS,26.598,27.241,27.895,28.558,29.232,29.913,30.604,31.304,32.013,32.729,33.454,34.271,35.104,35.944,36.794,37.652,38.519,39.391,40.271,41.158,42.044,42.807,43.574,44.345,45.119,45.893,46.671,47.45,48.232,49.012,49.794,50.576,51.814,53.109,54.402,55.688,56.969,58.237,59.496,60.742,61.977,62.922,63.856,64.78,65.694,66.594,67.483,68.36,69.225,70.075,70.912,71.609,72.275,72.93,73.577,74.213,74.84,75.447,76.036,76.607,77.16,77.696,78.214,78.716,79.201
Urban population (% of total population),SP.URB.TOTL.IN.ZS,Maldives,MDV,11.173,11.23,11.288,11.345,11.404,11.458,11.393,11.336,11.516,11.698,11.893,12.842,13.858,14.936,16.085,17.304,18.596,19.958,20.978,21.607,22.25,22.905,23.574,24.257,24.954,25.491,25.57,25.648,25.727,25.806,25.84,25.776,25.713,25.649,25.586,25.638,26.008,26.379,26.755,27.134,27.706,28.859,30.042,31.252,32.49,33.75,34.794,35.2,35.61,36.021,36.434,36.849,37.267,37.685,38.106,38.529,38.954,39.38,39.808,40.238,40.669,41.102,41.536,41.971,42.407
Urban population (% of total population),SP.URB.TOTL.IN.ZS,Mali,MLI,11.066,11.361,11.662,11.97,12.286,12.608,12.938,13.274,13.619,13.971,14.33,14.697,15.072,15.454,15.845,16.244,16.651,17.083,17.54,18.007,18.484,18.97,19.466,19.972,20.488,21.013,21.548,22.069,22.482,22.899,23.322,23.751,24.186,24.624,25.069,25.519,25.975,26.434,26.948,27.646,28.356,29.075,29.806,30.547,31.3,32.06,32.832,33.612,34.403,35.2,35.999,36.799,37.599,38.398,39.196,39.991,40.783,41.572,42.356,43.136,43.909,44.677,45.437,46.189,46.934
Urban population (% of total population),SP.URB.TOTL.IN.ZS,Malta,MLT,90.129,90.069,90.008,89.948,89.886,89.825,89.764,89.702,89.682,89.69,89.699,89.708,89.716,89.725,89.734,89.742,89.751,89.76,89.768,89.777,89.785,89.794,89.803,89.811,89.82,89.828,89.907,90.028,90.147,90.265,90.381,90.497,90.611,90.723,90.835,90.946,91.181,91.492,91.793,92.085,92.368,92.641,92.905,93.16,93.407,93.645,93.784,93.857,93.929,94.001,94.072,94.141,94.211,94.279,94.347,94.414,94.48,94.546,94.612,94.678,94.744,94.81,94.875,94.941,95.006
Urban population (% of total population),SP.URB.TOTL.IN.ZS,Marshall Islands,MHL,35.584,36.959,38.358,39.776,41.214,42.663,44.126,45.6,48.229,50.861,53.492,56.103,58.685,61.212,61.093,60.632,60.168,59.704,59.237,58.769,58.298,58.826,59.614,60.396,61.175,61.945,62.711,63.47,64.224,64.714,65.054,65.392,65.728,66.063,66.396,66.727,67.058,67.385,67.712,68.053,68.58,69.101,69.618,70.13,70.637,71.138,71.635,72.126,72.613,73.093,73.568,74.038,74.498,74.946,75.384,75.811,76.228,76.634,77.031,77.417,77.794,78.162,78.52,78.868,79.208
Urban population (% of total population),SP.URB.TOTL.IN.ZS,Mauritania,MRT,6.88,7.435,8.031,8.671,9.357,10.09,10.874,11.712,12.606,13.554,14.564,15.636,16.773,17.971,19.237,20.569,21.971,23.327,24.627,25.975,27.371,28.81,30.295,31.822,33.391,34.994,36.634,38.305,39.57,39.447,39.323,39.199,39.075,38.952,38.829,38.705,38.582,38.459,38.337,38.214,38.091,38.616,39.48,40.351,41.229,42.111,42.998,43.89,44.788,45.686,46.588,47.493,48.4,49.306,50.203,51.089,51.962,52.824,53.672,54.507,55.327,56.133,56.923,57.699,58.458
Urban population (% of total population),SP.URB.TOTL.IN.ZS,Mauritius,MUS,35.111,35.829,36.555,37.286,38.025,38.767,39.516,40.269,41.028,41.79,42.556,43.326,44.1,43.881,43.662,43.443,43.224,43.005,42.787,42.569,42.351,42.134,41.917,41.701,42.012,42.325,42.639,42.953,43.269,43.584,43.9,43.777,43.653,43.53,43.407,43.284,43.161,43.038,42.916,42.793,42.67,42.559,42.447,42.335,42.223,42.112,42,41.889,41.777,41.666,41.555,41.444,41.332,41.222,41.111,41,40.91,40.841,40.793,40.766,40.76,40.775,40.81,40.867,40.944
Urban population (% of total population),SP.URB.TOTL.IN.ZS,Mexico,MEX,50.753,51.59,52.428,53.265,54.1,54.931,55.761,56.587,57.411,58.229,59.021,59.779,60.532,61.279,62.022,62.759,63.491,64.215,64.934,65.646,66.339,66.87,67.396,67.919,68.437,68.95,69.459,69.963,70.462,70.956,71.419,71.816,72.209,72.598,72.985,73.368,73.67,73.929,74.186,74.441,74.722,75.045,75.365,75.682,75.997,76.308,76.616,76.92,77.222,77.52,77.815,78.111,78.405,78.699,78.993,79.285,79.577,79.867,80.156,80.444,80.731,81.016,81.3,81.582,81.862
Urban population (% of total population),SP.URB.TOTL.IN.ZS,"Micronesia, Fed. Sts.",FSM,22.312,22.553,22.797,23.042,23.289,23.537,23.788,24.04,24.295,24.551,24.808,25.068,25.33,25.593,25.741,25.858,25.975,26.092,26.209,26.327,26.445,26.417,26.35,26.283,26.216,26.149,26.083,26.016,25.95,25.884,25.818,25.752,25.686,25.62,25.554,25.068,24.473,23.889,23.314,22.749,22.33,22.33,22.33,22.33,22.33,22.33,22.324,22.317,22.311,22.305,22.298,22.305,22.324,22.355,22.399,22.456,22.526,22.608,22.703,22.812,22.933,23.068,23.217,23.379,23.555
Urban population (% of total population),SP.URB.TOTL.IN.ZS,Moldova,MDA,23.424,24.216,25.027,25.856,26.703,27.566,28.447,29.345,30.26,31.189,32.068,32.879,33.701,34.531,35.372,36.222,37.082,37.948,38.822,39.64,40.387,41.136,41.891,42.649,43.412,44.176,44.944,45.714,46.488,46.856,46.762,46.669,46.575,46.481,46.387,46.294,46.2,45.797,45.394,44.992,44.589,44.189,43.789,43.389,42.99,42.775,42.744,42.713,42.682,42.651,42.62,42.589,42.558,42.527,42.496,42.49,42.511,42.557,42.629,42.726,42.849,42.998,43.173,43.373,43.599
Urban population (% of total population),SP.URB.TOTL.IN.ZS,Monaco,MCO,100,100,100,100,100,100,100,100,100,100,100,100,100,100,100,100,100,100,100,100,100,100,100,100,100,100,100,100,100,100,100,100,100,100,100,100,100,100,100,100,100,100,100,100,100,100,100,100,100,100,100,100,100,100,100,100,100,100,100,100,100,100,100,100,100
Urban population (% of total population),SP.URB.TOTL.IN.ZS,Mongolia,MNG,35.679,37.682,39.73,41.056,41.585,42.114,42.647,43.181,43.717,44.336,45.052,45.77,46.491,47.211,47.933,48.656,49.381,50.103,50.827,51.488,52.083,52.676,53.268,53.86,54.452,55.04,55.628,56.215,56.8,57.078,57.033,56.987,56.942,56.896,56.851,56.805,56.76,56.714,56.669,56.623,57.133,58.222,59.304,60.378,61.443,62.494,63.535,64.564,65.581,66.58,67.567,67.963,68.03,68.097,68.163,68.23,68.297,68.363,68.445,68.543,68.657,68.785,68.93,69.089,69.263
Urban population (% of total population),SP.URB.TOTL.IN.ZS,Montenegro,MNE,18.788,19.502,20.237,20.993,21.77,22.566,23.383,24.22,25.079,25.955,26.853,27.769,28.706,29.659,30.632,31.622,32.63,33.652,34.69,35.744,36.813,37.892,38.984,40.088,41.204,42.325,43.456,44.594,45.739,46.886,48.037,49.165,50.218,51.267,52.317,53.365,54.412,55.451,56.488,57.518,58.544,59.559,60.568,61.568,62.127,62.465,62.803,63.139,63.475,63.808,64.14,64.472,64.804,65.137,65.471,65.806,66.141,66.477,66.813,67.15,67.488,67.826,68.164,68.502,68.84
Urban population (% of total population),SP.URB.TOTL.IN.ZS,Morocco,MAR,29.357,29.849,30.345,30.846,31.353,31.862,32.377,32.896,33.419,33.946,34.477,35.012,35.675,36.349,37.029,37.714,38.405,39.099,39.798,40.502,41.21,41.92,42.634,43.347,44.063,44.779,45.498,46.219,46.943,47.666,48.391,49.117,49.844,50.569,51.295,51.692,52.022,52.35,52.678,53.007,53.335,53.662,53.99,54.317,54.644,55.174,55.746,56.317,56.886,57.452,58.018,58.581,59.142,59.7,60.256,60.809,61.36,61.908,62.453,62.994,63.532,64.065,64.596,65.121,65.643
Urban population (% of total population),SP.URB.TOTL.IN.ZS,Mozambique,MOZ,6.868,7.051,7.246,7.445,7.65,7.86,8.075,8.296,8.522,8.753,8.99,9.298,9.671,10.056,10.456,10.869,11.297,11.739,12.197,12.669,13.158,14.051,15.035,16.074,17.172,18.326,19.541,20.815,22.152,23.545,25,25.487,25.98,26.479,26.984,27.495,28.013,28.535,28.742,28.92,29.098,29.277,29.457,29.637,29.818,29.999,30.182,30.364,30.832,31.328,31.83,32.336,32.846,33.36,33.878,34.4,34.926,35.455,35.988,36.528,37.074,37.628,38.187,38.753,39.326
Urban population (% of total population),SP.URB.TOTL.IN.ZS,Myanmar,MMR,19.226,19.566,19.91,20.259,20.613,20.971,21.334,21.701,22.073,22.449,22.83,23.215,23.606,23.903,23.913,23.922,23.933,23.942,23.952,23.962,23.973,23.982,23.993,24.042,24.212,24.381,24.552,24.724,24.896,25.069,25.243,25.418,25.593,25.769,25.946,26.124,26.303,26.482,26.663,26.843,27.025,27.208,27.391,27.575,27.76,27.946,28.132,28.319,28.507,28.695,28.885,29.075,29.266,29.457,29.65,29.858,30.082,30.322,30.579,30.852,31.141,31.448,31.771,32.112,32.47
Urban population (% of total population),SP.URB.TOTL.IN.ZS,Namibia,NAM,17.909,18.334,18.748,19.17,19.6,20.035,20.478,20.929,21.387,21.852,22.292,22.559,22.829,23.1,23.374,23.651,23.929,24.21,24.493,24.778,25.066,25.355,25.611,25.861,26.113,26.366,26.621,26.877,27.136,27.395,27.656,27.919,28.336,28.823,29.316,29.813,30.316,30.823,31.335,31.851,32.373,32.898,33.766,34.709,35.666,36.632,37.61,38.598,39.597,40.601,41.616,42.637,43.693,44.756,45.826,46.9,47.961,49.005,50.032,51.042,52.033,53.005,53.956,54.886,55.795
Urban population (% of total population),SP.URB.TOTL.IN.ZS,Nauru,NRU,100,100,100,100,100,100,100,100,100,100,100,100,100,100,100,100,100,100,100,100,100,100,100,100,100,100,100,100,100,100,100,100,100,100,100,100,100,100,100,100,100,100,100,100,100,100,100,100,100,100,100,100,100,100,100,100,100,100,100,100,100,100,100,100,100
Urban population (% of total population),SP.URB.TOTL.IN.ZS,Nepal,NPL,3.48,3.571,3.612,3.653,3.695,3.737,3.78,3.823,3.867,3.911,3.956,4.005,4.198,4.399,4.61,4.83,5.061,5.302,5.553,5.816,6.091,6.376,6.616,6.864,7.121,7.386,7.66,7.944,8.238,8.541,8.854,9.18,9.582,9.999,10.433,10.883,11.35,11.834,12.336,12.857,13.397,13.947,14.24,14.538,14.841,15.149,15.462,15.781,16.105,16.434,16.768,17.108,17.458,17.815,18.182,18.557,18.942,19.336,19.74,20.153,20.576,21.008,21.451,21.903,22.366
Urban population (% of total population),SP.URB.TOTL.IN.ZS,Netherlands,NLD,59.752,60.02,60.204,60.387,60.57,60.753,60.936,61.118,61.3,61.481,61.663,61.913,62.232,62.55,62.867,63.183,63.498,63.811,64.123,64.435,64.745,65.104,65.511,65.916,66.319,66.719,67.117,67.513,67.906,68.296,68.684,69.329,70.223,71.1,71.962,72.809,73.64,74.453,75.25,76.03,76.795,77.83,79.113,80.341,81.514,82.63,83.636,84.539,85.402,86.288,87.134,87.879,88.588,89.187,89.69,90.173,90.635,91.077,91.49,91.876,92.236,92.572,92.886,93.179,93.453
Urban population (% of total population),SP.URB.TOTL.IN.ZS,New Caledonia,NCL,37.36,38.781,40.224,41.684,43.161,44.646,46.142,47.646,49.156,50.442,51.232,52.022,52.811,53.597,54.382,55.165,55.873,56.262,56.651,57.039,57.426,57.812,58.197,58.532,58.683,58.834,58.985,59.135,59.286,59.434,59.577,59.719,59.862,60.004,60.146,60.288,60.475,60.838,61.199,61.559,61.919,62.276,62.632,62.987,63.341,63.965,64.638,65.306,65.969,66.624,67.102,67.565,68.024,68.479,68.931,69.379,69.821,70.256,70.683,71.104,71.518,71.925,72.325,72.719,73.106
Urban population (% of total population),SP.URB.TOTL.IN.ZS,New Zealand,NZL,75.998,76.525,77.133,77.73,78.317,78.891,79.421,79.852,80.277,80.695,81.106,81.491,81.819,82.141,82.46,82.774,83.028,83.128,83.229,83.328,83.428,83.511,83.552,83.592,83.633,83.673,83.78,84.025,84.268,84.506,84.742,84.95,85.103,85.254,85.404,85.553,85.7,85.781,85.861,85.941,86.021,86.1,86.161,86.221,86.281,86.341,86.4,86.34,86.28,86.22,86.16,86.1,86.161,86.221,86.281,86.341,86.4,86.466,86.538,86.615,86.699,86.789,86.884,86.985,87.091
Urban population (% of total population),SP.URB.TOTL.IN.ZS,Nicaragua,NIC,39.581,40.03,40.481,41.005,41.855,42.707,43.565,44.427,45.293,46.16,47.03,47.785,48.063,48.341,48.62,48.898,49.177,49.456,49.734,50.013,50.292,50.57,50.849,51.127,51.406,51.684,51.963,52.241,52.519,52.797,53.075,53.352,53.63,53.907,54.183,54.437,54.587,54.737,54.886,55.036,55.185,55.335,55.484,55.633,55.782,55.935,56.132,56.328,56.525,56.721,56.917,57.113,57.309,57.505,57.7,57.895,58.09,58.299,58.522,58.76,59.012,59.277,59.556,59.849,60.155
Urban population (% of total population),SP.URB.TOTL.IN.ZS,Niger,NER,5.793,5.896,6,6.259,6.529,6.809,7.1,7.493,7.906,8.339,8.794,9.271,9.772,10.296,10.845,11.419,12.021,12.648,13.025,13.233,13.443,13.656,13.871,14.09,14.312,14.536,14.763,14.993,15.209,15.289,15.368,15.449,15.529,15.61,15.691,15.773,15.855,15.937,16.02,16.103,16.186,16.26,16.255,16.251,16.247,16.242,16.238,16.234,16.229,16.225,16.221,16.216,16.212,16.208,16.219,16.247,16.29,16.35,16.425,16.517,16.626,16.751,16.894,17.054,17.232
Urban population (% of total population),SP.URB.TOTL.IN.ZS,Nigeria,NGA,15.41,15.633,15.858,16.087,16.318,16.551,16.788,17.027,17.269,17.513,17.76,18.151,18.549,18.952,19.363,19.78,20.205,20.636,21.074,21.518,21.97,22.671,23.389,24.122,24.872,25.635,26.414,27.209,28.019,28.842,29.68,30.176,30.677,31.182,31.691,32.205,32.725,33.247,33.773,34.304,34.84,35.669,36.508,37.356,38.212,39.074,39.943,40.819,41.702,42.588,43.48,44.366,45.246,46.118,46.982,47.838,48.683,49.519,50.344,51.157,51.958,52.746,53.521,54.283,55.03
Urban population (% of total population),SP.URB.TOTL.IN.ZS,North Macedonia,MKD,34.02,35.214,36.473,37.75,39.047,40.355,41.68,43.016,44.364,45.718,47.079,48.246,48.827,49.407,49.988,50.569,51.151,51.73,52.31,52.889,53.469,54.007,54.43,54.853,55.276,55.696,56.117,56.536,56.955,57.373,57.789,58.234,58.764,59.291,59.794,59.587,59.38,59.172,58.965,58.757,58.548,58.339,58.13,57.921,57.711,57.532,57.383,57.264,57.175,57.117,57.089,57.092,57.125,57.189,57.284,57.408,57.563,57.748,57.963,58.208,58.482,58.786,59.118,59.479,59.868
Urban population (% of total population),SP.URB.TOTL.IN.ZS,Northern Mariana Islands,MNP,51.219,52.741,54.26,55.771,57.274,58.759,60.231,61.688,64.592,67.384,70.062,72.609,75.021,77.28,79.016,80.554,82.007,83.37,84.651,85.85,86.784,87.117,87.444,87.763,88.076,88.381,88.679,88.971,89.257,89.535,89.731,89.697,89.662,89.627,89.592,89.557,89.655,89.784,89.912,90.038,90.152,90.235,90.316,90.398,90.478,90.558,90.638,90.716,90.795,90.872,90.949,91.028,91.108,91.19,91.273,91.357,91.443,91.53,91.618,91.708,91.798,91.89,91.983,92.076,92.171
Urban population (% of total population),SP.URB.TOTL.IN.ZS,Norway,NOR,49.92,50.998,52.653,54.302,55.944,57.568,59.179,60.77,62.34,63.881,65.396,66.23,66.725,67.216,67.703,68.187,68.667,69.142,69.614,70.081,70.545,70.787,70.918,71.049,71.18,71.31,71.44,71.57,71.699,71.828,71.956,72.265,72.665,73.061,73.453,73.787,74.062,74.476,75.027,75.569,76.02,76.378,76.733,77.084,77.399,77.675,77.95,78.234,78.526,78.815,79.102,79.455,79.874,80.286,80.692,81.091,81.485,81.871,82.248,82.616,82.974,83.323,83.664,83.995,84.318
Urban population (% of total population),SP.URB.TOTL.IN.ZS,Oman,OMN,16.4,17.475,18.607,19.794,21.04,22.338,23.694,25.106,26.575,28.093,29.665,31.287,32.958,34.669,36.423,38.213,40.039,41.888,43.762,45.654,47.562,49.471,51.385,53.294,55.197,57.079,58.944,60.783,62.594,64.366,66.102,67.796,69.447,71.044,71.688,71.669,71.649,71.629,71.609,71.589,71.569,71.549,71.529,71.509,71.827,72.4,72.967,73.527,74.08,74.624,75.161,76.183,77.564,78.882,80.145,81.35,82.5,83.56,84.539,85.443,86.276,87.044,87.75,88.4,88.998
Urban population (% of total population),SP.URB.TOTL.IN.ZS,Pakistan,PAK,22.104,22.501,22.751,23.002,23.256,23.511,23.769,24.028,24.289,24.552,24.817,25.084,25.353,25.671,26.005,26.341,26.681,27.023,27.368,27.715,28.066,28.38,28.619,28.859,29.101,29.344,29.588,29.833,30.08,30.327,30.576,30.826,31.077,31.329,31.582,31.836,32.092,32.348,32.585,32.783,32.982,33.18,33.38,33.58,33.781,33.982,34.184,34.387,34.59,34.793,34.997,35.202,35.408,35.613,35.819,36.026,36.234,36.442,36.666,36.907,37.165,37.44,37.731,38.04,38.365
Urban population (% of total population),SP.URB.TOTL.IN.ZS,Palau,PLW,56.823,57.114,57.405,57.696,57.987,58.276,58.565,58.853,59.142,59.429,59.715,60.001,60.287,60.571,60.855,61.138,61.421,61.702,61.983,62.263,62.542,63.409,64.422,65.421,66.409,67.38,68.188,68.541,68.892,69.24,69.593,69.966,70.337,70.704,71.069,71.431,71.306,71.066,70.825,70.582,70.338,70.093,69.847,69.6,70.383,71.152,71.91,72.655,73.389,74.109,74.817,75.511,76.194,76.862,77.517,78.159,78.775,79.365,79.93,80.47,80.988,81.483,81.956,82.408,82.839
Urban population (% of total population),SP.URB.TOTL.IN.ZS,Panama,PAN,41.249,41.853,42.494,43.137,43.784,44.431,45.08,45.732,46.385,47.038,47.64,47.919,48.199,48.479,48.759,49.038,49.319,49.598,49.879,50.159,50.447,50.786,51.126,51.465,51.805,52.143,52.482,52.82,53.159,53.497,53.903,54.757,55.609,56.456,57.301,58.141,58.978,59.807,60.632,61.451,62.198,62.497,62.794,63.091,63.387,63.682,63.976,64.268,64.56,64.851,65.14,65.437,65.741,66.052,66.371,66.696,67.027,67.365,67.709,68.059,68.414,68.775,69.141,69.512,69.888
Urban population (% of total population),SP.URB.TOTL.IN.ZS,Papua New Guinea,PNG,3.725,4.024,4.347,4.694,5.069,5.47,5.902,6.712,7.625,8.649,9.796,11.078,11.3,11.507,11.717,11.93,12.147,12.366,12.59,12.817,13.047,13.242,13.428,13.616,13.806,13.998,14.193,14.39,14.589,14.791,14.994,14.816,14.629,14.445,14.262,14.081,13.901,13.724,13.549,13.375,13.204,13.182,13.164,13.146,13.127,13.109,13.091,13.073,13.055,13.037,13.019,13,12.982,12.978,12.988,13.012,13.05,13.102,13.169,13.25,13.345,13.456,13.582,13.723,13.88
Urban population (% of total population),SP.URB.TOTL.IN.ZS,Paraguay,PRY,35.569,35.67,35.771,35.916,36.079,36.243,36.407,36.571,36.735,36.9,37.065,37.23,37.396,37.916,38.447,38.981,39.518,40.056,40.598,41.141,41.688,42.235,42.785,43.512,44.247,44.983,45.722,46.463,47.207,47.949,48.694,49.439,50.186,50.844,51.488,52.131,52.774,53.414,54.054,54.693,55.331,55.966,56.6,56.977,57.305,57.633,57.96,58.286,58.612,58.937,59.261,59.584,59.907,60.197,60.474,60.75,61.026,61.3,61.585,61.879,62.183,62.496,62.818,63.149,63.489
Urban population (% of total population),SP.URB.TOTL.IN.ZS,Peru,PER,46.811,47.398,48.514,49.632,50.752,51.868,52.983,54.096,55.207,56.309,57.406,58.496,59.547,60.188,60.827,61.461,62.093,62.719,63.341,63.96,64.574,65.182,65.61,66.031,66.449,66.864,67.277,67.687,68.095,68.499,68.901,69.3,69.697,70.089,70.521,70.951,71.377,71.798,72.216,72.631,73.042,73.448,73.85,74.249,74.644,75.034,75.421,75.803,76.052,76.241,76.43,76.617,76.804,76.989,77.173,77.357,77.539,77.72,77.907,78.099,78.297,78.5,78.708,78.922,79.139
Urban population (% of total population),SP.URB.TOTL.IN.ZS,Philippines,PHL,30.297,30.555,30.816,31.077,31.34,31.604,31.869,32.135,32.403,32.672,32.979,33.493,34.012,34.533,35.059,35.56,35.917,36.275,36.635,36.997,37.456,38.394,39.343,40.3,41.266,42.235,43.212,44.195,45.183,46.172,46.986,46.901,46.815,46.73,46.645,46.56,46.475,46.39,46.305,46.22,46.135,46.05,45.965,45.88,45.795,45.71,45.625,45.54,45.455,45.371,45.332,45.522,45.712,45.903,46.093,46.284,46.475,46.682,46.907,47.149,47.408,47.684,47.977,48.287,48.614
Urban population (% of total population),SP.URB.TOTL.IN.ZS,Poland,POL,47.892,48.527,48.926,49.326,49.727,50.126,50.526,50.926,51.326,51.726,52.125,52.668,53.324,53.977,54.629,55.28,55.929,56.575,57.22,57.712,58.086,58.459,58.831,59.202,59.573,59.942,60.31,60.676,61.043,61.225,61.27,61.315,61.359,61.404,61.449,61.493,61.538,61.583,61.627,61.672,61.716,61.761,61.787,61.676,61.564,61.452,61.341,61.229,61.116,61.004,60.892,60.78,60.654,60.529,60.403,60.278,60.178,60.105,60.058,60.037,60.043,60.075,60.134,60.218,60.33
Urban population (% of total population),SP.URB.TOTL.IN.ZS,Portugal,PRT,34.955,35.344,35.722,36.101,36.483,36.866,37.25,37.636,38.025,38.414,38.804,39.197,39.591,39.985,40.382,40.779,41.179,41.578,41.979,42.381,42.785,43.221,43.738,44.257,44.777,45.298,45.82,46.342,46.867,47.391,47.915,48.469,49.13,49.789,50.449,51.109,51.77,52.428,53.086,53.743,54.399,55.044,55.666,56.287,56.907,57.522,58.137,58.749,59.359,59.964,60.567,61.167,61.763,62.352,62.936,63.514,64.086,64.652,65.211,65.764,66.31,66.849,67.381,67.906,68.423
Urban population (% of total population),SP.URB.TOTL.IN.ZS,Puerto Rico (US),PRI,44.547,45.933,47.327,48.724,50.126,51.524,52.921,54.314,55.702,57.077,58.328,59.23,60.127,61.014,61.896,62.77,63.637,64.492,65.34,66.178,67.835,71.772,75.406,78.711,81.684,84.317,86.637,88.66,90.413,91.915,92.942,93.106,93.267,93.424,93.578,93.729,93.876,94.02,94.161,94.298,94.387,94.333,94.278,94.224,94.168,94.112,94.056,93.999,93.942,93.884,93.825,93.773,93.726,93.686,93.651,93.624,93.602,93.587,93.578,93.576,93.581,93.592,93.61,93.634,93.664
Urban population (% of total population),SP.URB.TOTL.IN.ZS,Qatar,QAT,85.275,85.693,86.101,86.5,86.78,87.054,87.323,87.588,87.848,88.103,88.354,88.6,88.678,88.755,88.832,88.909,88.985,89.06,89.135,89.21,89.363,89.514,89.663,89.811,89.956,90.1,90.4,91.056,91.671,92.247,92.786,93.291,93.763,94.203,94.614,94.998,95.356,95.659,95.888,96.105,96.311,96.506,96.692,96.868,97.09,97.396,97.671,97.917,98.139,98.336,98.501,98.602,98.697,98.785,98.868,98.945,99.015,99.078,99.135,99.188,99.235,99.278,99.318,99.354,99.387
Urban population (% of total population),SP.URB.TOTL.IN.ZS,Romania,ROU,34.209,34.894,35.586,36.284,36.989,37.697,38.345,38.835,39.328,39.822,40.319,40.818,41.319,41.821,42.325,42.831,43.339,43.942,44.649,45.358,46.07,46.781,47.495,48.21,48.926,49.641,50.357,51.073,51.79,52.504,53.217,53.93,54.227,54.074,53.922,53.769,53.616,53.463,53.311,53.158,53.004,52.852,52.78,52.912,53.043,53.174,53.305,53.436,53.567,53.698,53.829,53.96,53.974,53.937,53.9,53.887,53.9,53.936,53.998,54.084,54.194,54.329,54.489,54.672,54.88
Urban population (% of total population),SP.URB.TOTL.IN.ZS,Russian Federation,RUS,53.731,54.626,55.518,56.408,57.294,58.173,59.048,59.918,60.783,61.638,62.471,63.278,64.078,64.869,65.652,66.427,67.194,67.95,68.698,69.305,69.751,70.193,70.631,71.066,71.497,71.923,72.346,72.765,73.181,73.398,73.394,73.389,73.385,73.381,73.376,73.372,73.367,73.363,73.359,73.354,73.35,73.346,73.341,73.373,73.418,73.463,73.508,73.553,73.598,73.642,73.687,73.732,73.791,73.863,73.95,74.05,74.164,74.292,74.433,74.587,74.754,74.934,75.126,75.331,75.548
Urban population (% of total population),SP.URB.TOTL.IN.ZS,Rwanda,RWA,2.6,2.654,2.71,2.766,2.824,2.882,2.942,3.003,3.066,3.129,3.194,3.336,3.491,3.652,3.821,3.998,4.182,4.374,4.575,4.656,4.721,4.786,4.853,4.92,4.988,5.057,5.127,5.198,5.27,5.342,5.416,5.491,6.288,7.313,8.49,9.837,11.374,12.466,13.244,14.064,14.926,15.829,16.777,16.904,16.908,16.912,16.917,16.921,16.925,16.93,16.934,16.938,16.943,16.947,16.967,17.004,17.056,17.125,17.211,17.313,17.432,17.568,17.721,17.892,18.081
Urban population (% of total population),SP.URB.TOTL.IN.ZS,Samoa,WSM,18.926,18.986,19.061,19.141,19.221,19.301,19.382,19.593,19.844,20.097,20.353,20.611,20.752,20.832,20.912,20.992,21.073,21.113,21.133,21.153,21.173,21.193,21.2,21.2,21.2,21.2,21.2,21.2,21.2,21.2,21.2,21.2,21.258,21.347,21.436,21.526,21.616,21.705,21.796,21.886,21.977,22.068,21.941,21.698,21.457,21.218,20.981,20.75,20.524,20.3,20.078,19.857,19.624,19.385,19.149,18.914,18.681,18.452,18.243,18.056,17.889,17.742,17.616,17.508,17.42
Urban population (% of total population),SP.URB.TOTL.IN.ZS,San Marino,SMR,48.9,50.001,51.104,52.206,53.307,54.402,55.494,56.581,57.663,58.735,59.8,62.281,64.703,67.046,69.309,71.484,73.566,75.615,77.604,79.475,81.231,82.864,84.384,85.792,87.095,88.291,89.392,90.4,90.4,90.4,90.4,90.4,90.4,90.839,91.261,91.664,92.052,92.422,92.776,93.115,93.44,93.75,93.925,93.975,94.155,94.453,94.736,95.007,95.264,95.508,95.74,95.961,96.171,96.37,96.559,96.739,96.91,97.072,97.226,97.368,97.499,97.62,97.732,97.836,97.932
Urban population (% of total population),SP.URB.TOTL.IN.ZS,Sao Tome and Principe,STP,16.073,16.805,17.969,19.194,20.484,21.833,23.247,24.724,26.264,27.861,29.518,30.205,30.561,30.917,31.277,31.639,32.004,32.37,32.738,33.109,33.482,33.857,34.826,35.887,36.963,38.049,39.149,40.26,41.382,42.511,43.648,44.793,45.764,46.717,47.673,48.631,49.592,50.55,51.509,52.467,53.424,54.377,55.555,56.766,57.972,59.165,60.348,61.52,62.68,63.823,64.952,66.064,67.16,68.208,69.213,70.174,71.092,71.968,72.803,73.598,74.354,75.073,75.755,76.401,77.014
Urban population (% of total population),SP.URB.TOTL.IN.ZS,Saudi Arabia,SAU,31.25,32.373,33.518,35.011,36.872,38.769,40.702,42.665,44.654,46.655,48.669,50.688,52.707,54.712,56.704,58.349,59.897,61.421,62.925,64.405,65.86,67.281,68.673,70.033,71.36,72.647,73.9,74.589,75.267,75.93,76.583,77.223,77.851,78.186,78.429,78.67,78.91,79.147,79.383,79.616,79.848,80.077,80.304,80.53,80.754,80.979,81.204,81.427,81.649,81.867,82.084,82.302,82.52,82.74,82.96,83.18,83.401,83.622,83.844,84.065,84.287,84.508,84.729,84.95,85.171
Urban population (% of total population),SP.URB.TOTL.IN.ZS,Senegal,SEN,23,23.645,24.303,24.973,25.657,26.351,27.057,27.776,28.507,29.247,30,30.72,31.451,32.189,32.937,33.693,34.372,34.718,35.067,35.417,35.769,36.122,36.476,36.832,37.191,37.549,37.909,38.271,38.613,38.755,38.896,39.038,39.18,39.321,39.464,39.606,39.749,39.891,40.034,40.177,40.32,40.464,40.607,40.898,41.306,41.714,42.124,42.535,42.947,43.359,43.773,44.188,44.603,45.019,45.436,45.862,46.296,46.74,47.192,47.653,48.122,48.6,49.086,49.579,50.08
Urban population (% of total population),SP.URB.TOTL.IN.ZS,Serbia,SRB,29.064,30.052,31.062,32.091,33.14,34.202,35.282,36.377,37.488,38.609,39.744,40.749,41.341,41.933,42.53,43.128,43.729,44.33,44.934,45.539,46.146,46.703,47.112,47.521,47.932,48.341,48.751,49.161,49.573,49.982,50.393,50.756,50.981,51.204,51.428,51.651,51.875,52.098,52.322,52.545,52.769,52.992,53.215,53.437,53.661,53.883,54.105,54.328,54.55,54.772,54.993,55.215,55.356,55.469,55.583,55.696,55.81,55.942,56.092,56.26,56.446,56.651,56.873,57.113,57.371
Urban population (% of total population),SP.URB.TOTL.IN.ZS,Seychelles,SYC,27.673,28.717,29.786,30.877,31.991,33.123,34.277,35.449,36.641,37.846,39.068,40.337,41.802,43.277,44.767,46.266,47.774,49.282,49.396,49.381,49.366,49.352,49.337,49.322,49.307,49.292,49.277,49.262,49.247,49.25,49.27,49.307,49.362,49.435,49.525,49.633,49.758,49.901,50.061,50.238,50.433,50.646,50.876,51.123,51.388,51.67,51.969,52.285,52.619,52.969,53.336,53.72,54.12,54.537,54.969,55.4,55.831,56.261,56.691,57.119,57.546,57.972,58.396,58.82,59.242
Urban population (% of total population),SP.URB.TOTL.IN.ZS,Sierra Leone,SLE,17.352,17.903,18.467,19.06,19.712,20.379,21.064,21.765,22.484,23.218,23.969,24.737,25.522,26.321,27.137,27.729,28.14,28.554,28.972,29.394,29.819,30.248,30.68,31.115,31.555,31.997,32.325,32.555,32.787,33.019,33.252,33.485,33.72,33.955,34.192,34.429,34.667,34.905,35.144,35.384,35.626,35.867,36.109,36.352,36.596,36.919,37.303,37.689,38.077,38.466,38.856,39.248,39.642,40.036,40.432,40.829,41.228,41.636,42.055,42.484,42.923,43.372,43.831,44.3,44.779
Urban population (% of total population),SP.URB.TOTL.IN.ZS,Singapore,SGP,100,100,100,100,100,100,100,100,100,100,100,100,100,100,100,100,100,100,100,100,100,100,100,100,100,100,100,100,100,100,100,100,100,100,100,100,100,100,100,100,100,100,100,100,100,100,100,100,100,100,100,100,100,100,100,100,100,100,100,100,100,100,100,100,100
Urban population (% of total population),SP.URB.TOTL.IN.ZS,Sint Maarten (Dutch part),SXM,100,100,100,100,100,100,100,100,100,100,100,100,100,100,100,100,100,100,100,100,100,100,100,100,100,100,100,100,100,100,100,100,100,100,100,100,100,100,100,100,100,100,100,100,100,100,100,100,100,100,100,100,100,100,100,100,100,100,100,100,100,100,100,100,100
Urban population (% of total population),SP.URB.TOTL.IN.ZS,Slovak Republic,SVK,33.464,33.953,34.714,35.483,36.26,37.043,37.833,38.63,39.435,40.243,41.057,42.009,43.064,44.122,45.187,46.257,47.331,48.405,49.482,50.56,51.638,52.31,52.777,53.244,53.711,54.176,54.641,55.105,55.568,56.03,56.491,56.78,56.719,56.659,56.598,56.537,56.476,56.416,56.355,56.294,56.233,56.163,56.013,55.863,55.713,55.563,55.412,55.261,55.111,54.96,54.685,54.42,54.28,54.14,54,53.889,53.806,53.751,53.726,53.729,53.76,53.82,53.909,54.027,54.172
Urban population (% of total population),SP.URB.TOTL.IN.ZS,Slovenia,SVN,28.204,29.107,29.934,30.776,31.631,32.497,33.376,34.266,35.169,36.081,37.004,37.972,39.058,40.153,41.259,42.374,43.499,44.627,45.762,46.901,48.045,48.941,49.102,49.263,49.424,49.584,49.746,49.907,50.068,50.229,50.39,50.517,50.543,50.569,50.596,50.622,50.649,50.675,50.701,50.728,50.754,50.78,50.857,51.082,51.308,51.533,51.758,51.983,52.209,52.433,52.658,52.883,53.108,53.332,53.557,53.781,54.02,54.273,54.541,54.822,55.118,55.427,55.751,56.088,56.438
Urban population (% of total population),SP.URB.TOTL.IN.ZS,Solomon Islands,SLB,5.768,6.038,6.321,6.616,6.924,7.245,7.579,7.928,8.292,8.67,8.917,8.958,8.999,9.041,9.083,9.125,9.271,9.583,9.904,10.235,10.576,10.927,11.288,11.659,12.041,12.433,12.837,13.111,13.298,13.486,13.677,13.87,14.065,14.262,14.462,14.664,14.869,15.076,15.285,15.496,15.813,16.201,16.597,17.001,17.413,17.832,18.259,18.694,19.138,19.589,20.048,20.508,20.97,21.433,21.896,22.36,22.823,23.286,23.749,24.21,24.67,25.128,25.584,26.037,26.488
Urban population (% of total population),SP.URB.TOTL.IN.ZS,"Somalia, Fed. Rep.",SOM,17.312,17.835,18.372,18.92,19.453,19.964,20.487,21.02,21.563,22.115,22.678,23.251,23.835,24.427,25.03,25.498,25.748,25.999,26.252,26.507,26.763,27.021,27.28,27.541,27.804,28.067,28.333,28.627,28.969,29.312,29.658,30.007,30.359,30.711,31.067,31.425,31.785,32.147,32.511,32.878,33.247,33.617,33.99,34.756,35.531,36.311,37.1,34.404,36.011,37.645,39.31,41,41.558,42.117,42.679,43.245,43.816,44.391,44.971,45.554,46.141,46.731,47.324,47.92,48.519
Urban population (% of total population),SP.URB.TOTL.IN.ZS,South Africa,ZAF,46.619,46.793,46.906,47.02,47.134,47.248,47.362,47.476,47.59,47.704,47.809,47.869,47.929,47.989,48.049,48.109,48.169,48.229,48.289,48.349,48.425,48.591,48.756,48.922,49.088,49.372,49.905,50.439,50.972,51.505,52.037,52.554,53.038,53.521,54.004,54.486,54.967,55.449,55.93,56.411,56.891,57.368,57.898,58.446,58.993,59.536,60.077,60.616,61.154,61.687,62.218,62.746,63.272,63.793,64.312,64.828,65.341,65.85,66.355,66.856,67.354,67.847,68.335,68.819,69.298
Urban population (% of total population),SP.URB.TOTL.IN.ZS,South Sudan,SSD,8.748,8.737,8.725,8.714,8.702,8.69,8.679,8.667,8.656,8.645,8.633,8.622,8.61,8.599,8.587,8.576,8.565,8.553,8.542,8.531,8.519,8.508,8.497,8.708,9.261,9.844,10.461,11.111,11.797,12.517,13.276,14.074,14.912,15.626,15.749,15.873,15.997,16.123,16.249,16.376,16.504,16.632,16.761,16.891,17.023,17.154,17.287,17.42,17.555,17.701,17.86,18.032,18.217,18.415,18.626,18.852,19.092,19.346,19.615,19.899,20.199,20.514,20.846,21.195,21.56
Urban population (% of total population),SP.URB.TOTL.IN.ZS,Spain,ESP,56.567,57.303,58.308,59.306,60.298,61.278,62.251,63.214,64.168,65.108,66.038,66.848,67.541,68.224,68.901,69.57,70.231,70.883,71.527,72.162,72.789,73.279,73.515,73.749,73.982,74.213,74.444,74.673,74.9,75.126,75.351,75.528,75.61,75.692,75.774,75.856,75.938,76.019,76.1,76.181,76.262,76.343,76.533,76.778,77.022,77.263,77.502,77.74,77.976,78.21,78.442,78.673,78.902,79.133,79.366,79.602,79.84,80.08,80.321,80.565,80.81,81.056,81.304,81.552,81.802
Urban population (% of total population),SP.URB.TOTL.IN.ZS,Sri Lanka,LKA,16.431,16.592,16.753,16.916,17.014,17.11,17.207,17.304,17.402,17.5,17.598,17.697,17.796,17.896,17.996,18.097,18.198,18.299,18.401,18.504,18.607,18.676,18.66,18.644,18.629,18.613,18.597,18.582,18.566,18.551,18.535,18.52,18.504,18.489,18.473,18.458,18.442,18.427,18.411,18.396,18.38,18.365,18.349,18.334,18.319,18.303,18.288,18.272,18.257,18.242,18.226,18.211,18.196,18.198,18.218,18.256,18.311,18.384,18.476,18.585,18.713,18.86,19.026,19.211,19.416
Urban population (% of total population),SP.URB.TOTL.IN.ZS,St. Kitts and Nevis,KNA,27.644,28.269,28.903,29.545,30.197,30.855,31.521,32.196,32.878,33.567,34.141,34.317,34.495,34.672,34.849,35.027,35.206,35.385,35.564,35.744,35.882,35.754,35.626,35.498,35.37,35.243,35.116,34.989,34.862,34.735,34.609,34.474,34.283,34.093,33.904,33.715,33.526,33.339,33.151,32.965,32.778,32.598,32.455,32.312,32.17,32.028,31.886,31.744,31.603,31.463,31.322,31.182,31.062,30.964,30.885,30.827,30.79,30.773,30.776,30.799,30.843,30.906,30.991,31.096,31.221
Urban population (% of total population),SP.URB.TOTL.IN.ZS,St. Lucia,LCA,21.46,21.696,21.934,22.174,22.416,22.66,22.905,23.153,23.403,23.654,23.907,24.162,24.419,24.677,24.938,25.2,25.465,25.73,25.998,26.268,26.54,26.812,27.087,27.364,27.643,27.923,28.205,28.488,28.774,29.061,29.349,29.572,29.369,29.167,28.965,28.765,28.565,28.366,28.168,27.971,27.774,27.473,26.329,25.216,24.133,23.085,22.068,21.084,20.131,19.213,18.45,18.45,18.45,18.461,18.482,18.515,18.558,18.612,18.678,18.754,18.841,18.94,19.05,19.172,19.306
Urban population (% of total population),SP.URB.TOTL.IN.ZS,St. Martin (French part),MAF,..,..,..,..,..,..,..,..,..,..,..,..,..,..,..,..,..,..,..,..,..,..,..,..,..,..,..,..,..,..,..,..,..,..,..,..,..,..,..,..,..,..,..,..,..,..,..,..,..,..,..,..,..,..,..,..,..,..,..,..,..,..,..,..,..
Urban population (% of total population),SP.URB.TOTL.IN.ZS,St. Vincent and the Grenadines,VCT,25.943,26.394,26.851,27.314,27.781,28.252,28.729,29.21,29.697,30.187,30.683,31.182,31.687,32.195,32.708,33.225,33.747,34.271,34.8,35.333,35.87,36.409,36.953,37.5,38.05,38.602,39.158,39.717,40.28,40.843,41.409,41.949,42.306,42.663,43.021,43.38,43.741,44.1,44.461,44.823,45.186,45.548,45.914,46.283,46.656,47.032,47.412,47.794,48.18,48.569,48.961,49.356,49.754,50.154,50.558,50.964,51.373,51.784,52.198,52.614,53.032,53.452,53.875,54.299,54.725
Urban population (% of total population),SP.URB.TOTL.IN.ZS,Sudan,SDN,10.746,11.232,11.737,12.262,12.808,13.373,13.959,14.567,15.197,15.848,16.523,17.22,17.941,18.548,18.744,18.943,19.143,19.344,19.547,19.752,19.959,20.166,20.376,20.901,21.903,22.937,24.005,25.107,26.244,27.41,28.61,29.84,31.103,32.127,32.179,32.232,32.284,32.337,32.39,32.442,32.495,32.548,32.601,32.654,32.707,32.76,32.813,32.866,32.919,32.993,33.089,33.207,33.346,33.507,33.689,33.894,34.121,34.37,34.642,34.936,35.253,35.593,35.956,36.342,36.752
Urban population (% of total population),SP.URB.TOTL.IN.ZS,Suriname,SUR,47.26,47.297,47.335,47.372,47.341,47.109,46.877,46.644,46.412,46.18,45.948,45.716,46.76,49.087,51.421,53.749,56.064,58.346,60.597,62.803,64.96,65.035,65.11,65.184,65.259,65.334,65.408,65.483,65.557,65.632,65.706,65.78,65.854,65.928,66.002,66.076,66.15,66.223,66.297,66.371,66.444,66.517,66.591,66.664,66.737,66.682,66.615,66.547,66.479,66.412,66.344,66.276,66.208,66.14,66.089,66.056,66.04,66.041,66.06,66.095,66.149,66.219,66.307,66.411,66.533
Urban population (% of total population),SP.URB.TOTL.IN.ZS,Sweden,SWE,72.49,73.295,74.271,75.223,76.153,77.056,77.914,78.727,79.519,80.287,81.034,81.563,81.886,82.203,82.517,82.73,82.802,82.873,82.944,83.016,83.087,83.1,83.1,83.1,83.1,83.1,83.1,83.1,83.1,83.1,83.1,83.204,83.361,83.516,83.671,83.824,83.914,83.942,83.97,83.998,84.026,84.071,84.133,84.196,84.258,84.319,84.43,84.588,84.746,84.902,85.056,85.297,85.62,85.936,86.247,86.553,86.852,87.146,87.431,87.708,87.977,88.238,88.492,88.738,88.976
Urban population (% of total population),SP.URB.TOTL.IN.ZS,Switzerland,CHE,70.924,71.243,71.539,71.834,72.127,72.417,72.706,72.993,73.279,73.561,73.843,73.992,74.046,74.1,74.154,74.208,74.262,74.316,74.37,74.424,74.477,74.466,74.406,74.346,74.286,74.227,74.167,74.107,74.046,73.986,73.926,73.869,73.815,73.762,73.708,73.654,73.6,73.546,73.492,73.438,73.383,73.375,73.401,73.427,73.452,73.478,73.504,73.53,73.556,73.581,73.607,73.631,73.653,73.674,73.696,73.718,73.739,73.761,73.797,73.849,73.915,73.996,74.092,74.202,74.327
Urban population (% of total population),SP.URB.TOTL.IN.ZS,Syrian Arab Republic,SYR,36.807,37.399,38.044,38.694,39.349,40.006,40.667,41.332,42.001,42.671,43.345,43.751,44.078,44.405,44.733,45.061,45.39,45.718,46.048,46.377,46.708,47.038,47.268,47.476,47.684,47.891,48.099,48.307,48.515,48.723,48.931,49.139,49.347,49.555,49.764,50.104,50.473,50.841,51.21,51.578,51.947,52.314,52.682,53.049,53.417,53.782,54.146,54.511,54.875,55.237,55.6,54.58,53.555,52.529,51.5,52.168,52.835,53.5,54.162,54.821,55.475,56.124,56.769,57.409,58.044
Urban population (% of total population),SP.URB.TOTL.IN.ZS,Tajikistan,TJK,33.168,33.56,33.955,34.351,34.751,35.152,35.555,35.96,36.368,36.777,36.876,36.607,36.337,36.07,35.802,35.536,35.27,35.006,34.743,34.502,34.289,34.078,33.866,33.655,33.445,33.235,33.026,32.818,32.61,32.231,31.658,31.09,30.527,29.972,29.421,28.877,28.338,27.806,27.28,26.76,26.501,26.503,26.505,26.507,26.508,26.51,26.512,26.514,26.516,26.518,26.52,26.521,26.545,26.589,26.655,26.742,26.851,26.982,27.134,27.309,27.506,27.726,27.968,28.234,28.523
Urban population (% of total population),SP.URB.TOTL.IN.ZS,Tanzania,TZA,5.246,5.394,5.547,5.704,5.865,6.03,6.199,6.373,6.804,7.311,7.852,8.431,9.048,9.704,10.403,11.146,11.937,12.773,13.659,14.141,14.555,14.976,15.409,15.851,16.305,16.767,17.241,17.725,18.221,18.565,18.884,19.208,19.536,19.867,20.203,20.543,20.888,21.237,21.59,21.947,22.309,22.674,23.044,23.611,24.223,24.845,25.478,26.121,26.776,27.439,28.114,28.798,29.493,30.196,30.904,31.617,32.333,33.053,33.776,34.5,35.227,35.954,36.682,37.409,38.136
Urban population (% of total population),SP.URB.TOTL.IN.ZS,Thailand,THA,19.672,19.781,19.89,20,20.11,20.221,20.332,20.444,20.556,20.668,20.889,21.442,22.006,22.579,23.164,23.758,24.365,24.98,25.606,26.242,26.791,27.049,27.308,27.569,27.832,28.095,28.361,28.628,28.897,29.167,29.424,29.593,29.763,29.934,30.105,30.276,30.449,30.622,30.795,30.969,31.386,32.548,33.734,34.941,36.169,37.411,38.673,39.95,41.242,42.543,43.856,44.698,45.445,46.193,46.943,47.694,48.448,49.2,49.949,50.692,51.43,52.163,52.889,53.608,54.32
Urban population (% of total population),SP.URB.TOTL.IN.ZS,Timor-Leste,TLS,10.091,10.243,10.511,10.785,11.066,11.353,11.646,11.946,12.253,12.566,12.886,13.213,13.548,13.889,14.237,14.593,14.956,15.326,15.704,16.089,16.483,16.883,17.291,17.708,18.132,18.563,19.003,19.451,19.907,20.37,20.842,21.215,21.54,21.867,22.199,22.534,22.873,23.215,23.561,23.91,24.263,24.619,24.979,25.343,25.71,26.041,26.374,26.709,27.048,27.389,27.732,28.079,28.428,28.779,29.133,29.49,29.85,30.212,30.578,30.947,31.32,31.695,32.074,32.456,32.842
Urban population (% of total population),SP.URB.TOTL.IN.ZS,Togo,TGO,10.098,10.94,11.844,12.811,13.847,14.95,16.125,17.374,18.7,20.098,21.28,21.602,21.929,22.258,22.591,22.927,23.268,23.611,23.958,24.308,24.663,25.02,25.391,25.778,26.169,26.562,26.96,27.362,27.768,28.176,28.589,29.005,29.425,29.848,30.275,30.705,31.139,31.576,32.016,32.46,32.907,33.356,33.809,34.265,34.724,35.185,35.649,36.116,36.587,37.058,37.533,38.032,38.546,39.061,39.579,40.1,40.628,41.162,41.702,42.248,42.8,43.358,43.921,44.49,45.064
Urban population (% of total population),SP.URB.TOTL.IN.ZS,Tonga,TON,17.552,17.929,18.312,18.701,19.098,19.499,19.908,20.097,20.127,20.157,20.187,20.217,20.247,20.277,20.307,20.337,20.367,20.504,20.719,20.935,21.154,21.373,21.594,21.817,22.042,22.268,22.496,22.609,22.641,22.672,22.704,22.736,22.768,22.8,22.832,22.864,22.897,22.927,22.955,22.984,23.012,23.041,23.069,23.098,23.127,23.155,23.184,23.227,23.281,23.335,23.389,23.443,23.435,23.382,23.328,23.275,23.222,23.169,23.131,23.107,23.099,23.104,23.125,23.16,23.21
Urban population (% of total population),SP.URB.TOTL.IN.ZS,Trinidad and Tobago,TTO,34.155,35.004,35.864,36.734,37.613,38.498,39.392,40.294,41.203,42.115,43.035,43.959,44.888,45.819,46.754,47.691,48.631,49.57,50.51,51.449,52.284,52.468,52.653,52.837,53.021,53.205,53.389,53.573,53.757,53.941,54.124,54.308,54.491,54.674,54.857,55.04,55.224,55.406,55.589,55.771,55.905,55.718,55.53,55.343,55.155,54.967,54.779,54.59,54.402,54.213,54.025,53.836,53.671,53.53,53.413,53.319,53.25,53.205,53.184,53.187,53.214,53.265,53.34,53.439,53.562
Urban population (% of total population),SP.URB.TOTL.IN.ZS,Tunisia,TUN,37.511,37.95,38.391,38.833,39.279,39.724,40.23,41.036,41.848,42.662,43.482,44.305,45.132,45.959,46.79,47.588,48.184,48.779,49.375,49.972,50.569,51.164,51.76,52.356,53.011,53.839,54.667,55.491,56.314,57.131,57.946,58.756,59.562,60.362,61.078,61.474,61.87,62.262,62.653,63.043,63.432,63.818,64.202,64.585,64.95,65.237,65.524,65.809,66.093,66.376,66.657,66.938,67.218,67.495,67.772,68.056,68.346,68.642,68.945,69.254,69.568,69.888,70.214,70.544,70.88
Urban population (% of total population),SP.URB.TOTL.IN.ZS,Turkiye,TUR,31.515,32.064,32.598,33.137,33.68,34.227,34.949,35.759,36.577,37.401,38.234,38.945,39.6,40.258,40.92,41.586,42.087,42.508,42.931,43.355,43.78,45.189,46.997,48.812,50.634,52.448,53.93,55.261,56.587,57.899,59.203,59.976,60.518,61.055,61.59,62.123,62.653,63.179,63.703,64.223,64.741,65.34,65.974,66.602,67.225,67.84,68.45,69.053,69.651,70.241,70.825,71.402,71.974,72.531,73.077,73.611,74.134,74.644,75.143,75.63,76.105,76.569,77.022,77.463,77.893
Urban population (% of total population),SP.URB.TOTL.IN.ZS,Turkmenistan,TKM,46.412,46.557,46.702,46.848,46.993,47.139,47.284,47.43,47.575,47.721,47.78,47.735,47.691,47.646,47.602,47.557,47.513,47.469,47.424,47.299,47.078,46.858,46.637,46.417,46.196,45.976,45.757,45.537,45.317,45.16,45.075,44.99,44.904,44.819,44.734,44.794,45.018,45.241,45.465,45.689,45.913,46.137,46.362,46.587,46.812,47.052,47.308,47.581,47.868,48.172,48.491,48.825,49.175,49.541,49.921,50.317,50.728,51.153,51.593,52.048,52.516,52.998,53.494,54.003,54.524
Urban population (% of total population),SP.URB.TOTL.IN.ZS,Turks and Caicos Islands,TCA,47.679,48.021,48.364,48.706,49.049,49.392,49.734,50.077,50.42,50.763,51.106,51.487,51.882,52.275,52.669,53.063,53.456,53.848,54.24,54.632,55.259,57.358,59.435,61.478,63.484,65.439,67.345,69.197,70.99,72.716,74.343,75.537,76.694,77.81,78.888,79.928,80.93,81.89,82.814,83.7,84.55,85.362,86.007,86.608,87.188,87.745,88.281,88.797,89.294,89.77,90.228,90.668,91.09,91.483,91.851,92.195,92.517,92.817,93.098,93.36,93.605,93.834,94.047,94.247,94.433
Urban population (% of total population),SP.URB.TOTL.IN.ZS,Tuvalu,TUV,15.895,16.444,17.008,17.587,18.183,18.793,19.419,20.061,20.719,21.392,22.081,22.786,23.507,24.242,24.994,25.761,26.545,27.341,28.153,28.98,29.822,30.675,31.544,32.425,33.32,34.251,35.496,36.762,38.047,39.346,40.661,41.991,42.751,43.156,43.563,43.97,44.379,44.787,45.197,45.607,46.018,46.429,46.841,47.656,48.678,49.699,50.721,51.743,52.765,53.782,54.796,55.807,56.815,57.814,58.786,59.73,60.645,61.53,62.387,63.215,64.014,64.785,65.527,66.241,66.928
Urban population (% of total population),SP.URB.TOTL.IN.ZS,Uganda,UGA,4.417,4.617,4.826,5.045,5.273,5.509,5.757,6.014,6.283,6.562,6.664,6.737,6.812,6.887,6.963,7.04,7.118,7.197,7.276,7.356,7.534,7.834,8.147,8.47,8.805,9.152,9.511,9.882,10.267,10.665,11.076,11.454,11.79,12.133,12.485,12.846,13.216,13.594,13.982,14.379,14.786,15.201,15.626,16.061,16.507,16.96,17.425,17.899,18.384,18.878,19.383,19.898,20.424,20.958,21.504,22.06,22.624,23.196,23.774,24.361,24.954,25.553,26.159,26.771,27.389
Urban population (% of total population),SP.URB.TOTL.IN.ZS,Ukraine,UKR,46.792,47.542,48.294,49.046,49.8,50.649,51.499,52.348,53.197,54.042,54.831,55.552,56.272,56.987,57.7,58.389,59.075,59.756,60.434,61.081,61.693,62.3,62.904,63.504,64.1,64.681,65.258,65.83,66.399,66.718,66.757,66.796,66.835,66.874,66.912,66.951,66.99,67.029,67.067,67.106,67.145,67.183,67.283,67.427,67.597,67.79,67.969,68.147,68.325,68.502,68.596,68.689,68.782,68.875,68.968,69.061,69.154,69.246,69.352,69.473,69.608,69.757,69.919,70.095,70.284
Urban population (% of total population),SP.URB.TOTL.IN.ZS,United Arab Emirates,ARE,73.5,74.383,75.248,76.093,76.919,77.723,78.508,79.272,79.8,79.8,79.8,79.8,79.8,79.8,79.8,79.8,79.903,80.106,80.309,80.51,80.71,80.683,80.466,80.247,80.026,79.804,79.624,79.482,79.339,79.196,79.051,78.906,78.76,78.614,78.467,78.319,78.493,78.938,79.378,79.81,80.236,80.655,81.067,81.472,81.871,82.262,82.648,83.023,83.387,83.742,84.087,84.423,84.749,85.066,85.375,85.674,85.965,86.248,86.522,86.789,87.048,87.299,87.543,87.779,88.008
Urban population (% of total population),SP.URB.TOTL.IN.ZS,United Kingdom,GBR,78.444,78.374,78.237,78.099,77.96,77.821,77.682,77.541,77.4,77.259,77.117,77.03,77.195,77.358,77.521,77.683,77.844,78.005,78.164,78.323,78.481,78.588,78.539,78.489,78.44,78.39,78.34,78.29,78.24,78.19,78.14,78.112,78.172,78.232,78.293,78.353,78.413,78.472,78.532,78.591,78.651,78.751,79.047,79.339,79.629,79.915,80.199,80.479,80.757,81.031,81.302,81.57,81.837,82.102,82.365,82.626,82.886,83.143,83.398,83.652,83.903,84.152,84.398,84.642,84.884
Urban population (% of total population),SP.URB.TOTL.IN.ZS,United States,USA,69.996,70.377,70.757,71.134,71.508,71.879,72.247,72.612,72.974,73.333,73.602,73.613,73.623,73.633,73.643,73.653,73.663,73.673,73.682,73.692,73.738,73.89,74.042,74.194,74.344,74.494,74.644,74.793,74.942,75.089,75.3,75.701,76.097,76.488,76.875,77.257,77.636,78.008,78.377,78.742,79.057,79.234,79.409,79.583,79.757,79.928,80.099,80.269,80.438,80.606,80.772,80.944,81.119,81.299,81.483,81.671,81.862,82.058,82.256,82.459,82.664,82.873,83.084,83.298,83.515
Urban population (% of total population),SP.URB.TOTL.IN.ZS,Uruguay,URY,80.241,80.462,80.681,80.899,81.114,81.328,81.539,81.749,81.958,82.164,82.368,82.57,82.771,82.97,83.167,83.387,83.806,84.215,84.616,85.009,85.394,85.769,86.138,86.498,86.85,87.194,87.558,87.926,88.285,88.633,88.973,89.304,89.627,89.94,90.245,90.542,90.835,91.147,91.45,91.743,92.028,92.303,92.569,92.828,93.078,93.319,93.553,93.779,93.998,94.209,94.414,94.612,94.739,94.843,94.945,95.045,95.144,95.24,95.334,95.426,95.515,95.603,95.688,95.771,95.852
Urban population (% of total population),SP.URB.TOTL.IN.ZS,Uzbekistan,UZB,33.978,34.238,34.5,34.762,35.025,35.289,35.554,35.82,36.087,36.354,36.714,37.184,37.657,38.131,38.608,39.087,39.568,40.051,40.536,40.794,40.782,40.77,40.758,40.746,40.734,40.722,40.71,40.697,40.685,40.897,41.365,41.836,42.308,42.78,43.255,43.731,44.208,44.685,45.164,45.644,46.126,46.606,47.088,47.571,48.054,48.537,49.021,49.505,49.989,50.472,50.956,51.15,51.05,50.95,50.85,50.75,50.65,50.55,50.478,50.433,50.416,50.427,50.466,50.532,50.626
Urban population (% of total population),SP.URB.TOTL.IN.ZS,Vanuatu,VUT,10.404,10.583,10.765,10.95,11.138,11.329,11.522,11.718,11.918,12.12,12.325,12.533,12.744,12.958,13.175,13.395,13.619,13.845,14.074,14.368,14.74,15.12,15.508,15.905,16.31,16.722,17.143,17.573,18.011,18.435,18.715,18.998,19.285,19.574,19.868,20.164,20.464,20.766,21.073,21.382,21.673,21.953,22.235,22.521,22.809,23.099,23.392,23.687,23.985,24.286,24.462,24.561,24.661,24.761,24.861,24.961,25.062,25.163,25.274,25.394,25.525,25.665,25.816,25.976,26.147
Urban population (% of total population),SP.URB.TOTL.IN.ZS,"Venezuela, RB",VEN,61.613,62.875,63.933,64.977,66.009,67.022,68.022,69.005,69.973,70.92,71.852,72.764,73.575,74.325,75.063,75.786,76.496,77.189,77.868,78.533,79.185,79.82,80.382,80.907,81.422,81.925,82.418,82.9,83.372,83.833,84.284,84.664,85.012,85.352,85.686,86.014,86.336,86.65,86.959,87.262,87.559,87.85,87.876,87.902,87.928,87.954,87.98,88.006,88.031,88.057,88.083,88.108,88.123,88.133,88.144,88.154,88.165,88.183,88.208,88.24,88.279,88.325,88.378,88.438,88.505
Urban population (% of total population),SP.URB.TOTL.IN.ZS,Viet Nam,VNM,14.7,15.031,15.369,15.714,16.064,16.421,16.784,17.153,17.529,17.911,18.3,18.396,18.492,18.588,18.685,18.782,18.88,18.978,19.076,19.175,19.247,19.309,19.372,19.435,19.498,19.561,19.625,19.688,19.752,19.891,20.257,20.629,21.006,21.387,21.774,22.166,22.563,22.965,23.371,23.817,24.374,24.937,25.511,26.092,26.683,27.281,27.888,28.504,29.128,29.762,30.417,31.08,31.752,32.429,33.115,33.809,34.51,35.213,35.919,36.628,37.34,38.052,38.766,39.48,40.195
Urban population (% of total population),SP.URB.TOTL.IN.ZS,Virgin Islands (U.S.),VIR,56.477,57.864,59.241,60.604,61.952,63.279,64.587,65.874,67.14,68.378,69.592,70.779,71.941,73.07,74.172,75.245,76.288,77.298,78.278,79.228,80.147,81.034,81.891,82.717,83.514,84.28,85.017,85.726,86.407,87.059,87.685,88.285,88.86,89.409,89.934,90.437,90.917,91.374,91.811,92.228,92.586,92.814,93.036,93.251,93.461,93.664,93.861,94.053,94.239,94.419,94.594,94.761,94.919,95.07,95.213,95.35,95.48,95.603,95.721,95.832,95.939,96.04,96.136,96.227,96.314
Urban population (% of total population),SP.URB.TOTL.IN.ZS,West Bank and Gaza,PSE,44.044,44.734,45.661,46.737,47.818,48.898,49.98,51.062,52.145,53.222,54.298,55.371,56.439,57.499,58.553,59.6,60.164,60.723,61.281,61.836,62.388,62.936,63.481,64.022,64.561,65.095,65.626,66.152,66.676,67.194,67.709,68.219,68.726,69.227,69.724,70.216,70.705,71.187,71.524,71.747,71.969,72.189,72.409,72.627,72.845,73.061,73.276,73.491,73.704,73.923,74.149,74.381,74.619,74.863,75.113,75.368,75.628,75.894,76.164,76.44,76.719,77.003,77.291,77.582,77.877
Urban population (% of total population),SP.URB.TOTL.IN.ZS,"Yemen, Rep.",YEM,9.1,9.459,9.831,10.216,10.614,11.026,11.451,11.891,12.347,12.815,13.3,13.598,13.901,14.209,14.524,14.844,15.171,15.502,15.84,16.183,16.534,16.889,17.251,17.619,17.993,18.373,18.808,19.323,19.849,20.385,20.931,21.489,22.058,22.636,23.225,23.76,24.249,24.743,25.244,25.752,26.267,26.787,27.315,27.849,28.39,28.936,29.49,30.051,30.619,31.194,31.776,32.364,32.958,33.559,34.165,34.777,35.394,36.016,36.642,37.273,37.908,38.546,39.188,39.831,40.477
Urban population (% of total population),SP.URB.TOTL.IN.ZS,Zambia,ZMB,18.145,18.951,19.785,20.712,22.015,23.372,24.789,26.261,27.791,29.37,30.351,31.241,32.146,33.061,33.992,34.934,35.89,36.855,37.832,38.818,39.815,39.854,39.805,39.755,39.705,39.655,39.606,39.556,39.506,39.456,39.407,38.989,38.514,38.042,37.572,37.104,36.638,36.176,35.716,35.258,34.802,35.002,35.475,35.951,36.43,36.911,37.395,37.881,38.371,38.861,39.355,39.851,40.354,40.865,41.382,41.907,42.438,42.976,43.521,44.072,44.629,45.192,45.761,46.335,46.914
Urban population (% of total population),SP.URB.TOTL.IN.ZS,Zimbabwe,ZWE,12.608,12.821,13.082,13.578,14.092,14.62,15.165,15.727,16.306,16.88,17.362,17.855,18.36,18.874,19.4,19.873,20.356,20.846,21.345,21.853,22.371,22.895,23.429,24.069,24.736,25.414,26.105,26.809,27.524,28.25,28.988,29.738,30.499,30.94,31.335,31.732,32.132,32.534,32.939,33.347,33.758,34.17,34.585,34.479,34.294,34.11,33.926,33.743,33.56,33.378,33.196,33.015,32.834,32.654,32.504,32.385,32.296,32.237,32.209,32.21,32.242,32.303,32.395,32.517,32.67
Urban population (% of total population),SP.URB.TOTL.IN.ZS,Africa Eastern and Southern,AFE,14.5772523474249,14.8251752460665,15.0838015294909,15.3630446382495,15.6553833139663,15.9559120897687,16.2693838497471,16.58865660992,16.9146492015162,17.2513169529071,17.570660582748,17.8951995132772,18.2413899400975,18.5837393625732,18.8988335351986,19.2191926051592,19.540021613309,19.8745750785636,20.2273041497785,20.5659562028733,20.9004895991676,21.2196276716722,21.5313179734841,21.9034538790279,22.3333446629263,22.8005778147925,23.303935569084,23.8053386242273,24.3067250815348,24.8006061562845,25.3087143914043,25.7425655052445,26.166294121751,26.6072939873979,27.0375748984947,27.408217689319,27.685697177495,27.9580826816113,28.2459208135898,28.5328930699047,28.8133608282101,29.1100111724331,29.4238903158694,29.7348697219553,30.0480397812627,30.3809953392877,30.704020023887,30.9582450271517,31.3627828804761,31.7742373050596,32.1955953471221,32.6280688229592,33.052742223393,33.4965565572998,33.9596331101231,34.4472807617476,34.9195443761507,35.3962894579202,35.8933979262181,36.384272287815,36.8840344817359,37.3936325291716,37.9090120211832,38.4248980530256,38.9491140663563
Urban population (% of total population),SP.URB.TOTL.IN.ZS,Africa Western and Central,AFW,14.7100056707647,15.0944452002782,15.4879321593093,15.9006819021767,16.3313191437528,16.7797929666168,17.2086820093401,17.6528039414976,18.1108169631274,18.581334166958,19.0512294673345,19.5904317059113,20.1453722519045,20.7104274724214,21.2873960816603,21.8739650750028,22.4761711992626,23.0399110280138,23.6047322338928,24.0839185388597,24.5684788743509,25.1762519651618,25.7820092982229,26.3932226254945,27.0345530315856,27.7167226341278,28.3913219271145,29.0577738093022,29.7131261047112,30.353573954689,30.9600979459978,31.401176906494,31.829515746326,32.2525611054472,32.6617186027523,33.0650904616738,33.4742231035265,33.9298608881715,34.3971425862883,34.8681686492181,35.3416982581812,35.9510346012348,36.5627714477109,37.1831143920223,37.8109522443181,38.4483793654511,39.0946115629788,39.7385907099206,40.3795094007576,41.0233922174474,41.6724226228926,42.3164260992184,42.9568375522776,43.5879525927349,44.2182784910463,44.8490994916973,45.4738502261529,46.0941365580819,46.7097526162217,47.3226173576126,47.9310209575797,48.5319710590464,49.1298079868363,49.7111841247346,50.2809344109865
Urban population (% of total population),SP.URB.TOTL.IN.ZS,Arab World,ARB,31.0105359618617,31.7271627316738,32.4514422327758,33.1943094437437,33.9559924474805,34.7551858431634,35.5106015377775,36.1563781524639,36.8166015275797,37.4874522853404,38.1638269976052,38.8161050815803,39.4845095019616,40.1313984518827,40.71843728404,41.3013639585173,41.8719644244713,42.4218609524877,42.9389045772965,43.4091946999385,43.901802392722,44.4365438497499,44.9455470896803,45.4645043044695,46.0697109918685,46.6630039113436,47.2606511771604,47.8202887856006,48.3166909160034,48.7878360578099,49.265325548943,49.6479428773218,50.1866641370332,50.6087943973716,50.8912843416396,51.0994592831398,51.3083822593783,51.5511052201292,51.8038910629442,52.0579641108858,52.3262723083108,52.6161793476524,52.9051617965408,53.2051293342866,53.5065936014142,53.8531371963039,54.2288759885801,54.4937880728369,54.9030113257958,55.2960382525499,55.5654925471108,55.8725648894499,56.1657052407112,56.5495371540208,56.9048148917087,57.3250720145106,57.6531027450977,57.8627472124114,58.0104842292073,58.2045421060528,58.4966741305089,58.6629266021441,59.0542670171409,59.4670502958563,59.8836721544724
Urban population (% of total population),SP.URB.TOTL.IN.ZS,Caribbean small states,CSS,35.6623804740403,36.0736117873599,36.5037158596008,36.9466392633009,37.3767440466187,37.7788927544408,38.1851047793438,38.5938093204633,39.0030518571753,39.4068764770078,39.8153191851453,40.2576622033565,40.844847563596,41.5755257354222,42.3027708254248,43.0268330655745,43.7472768454167,44.4591533549903,45.1639050172232,45.8589997456453,46.5105279438273,46.6664552317804,46.8459185776443,47.0346375722289,47.2347435346095,47.4493547240247,47.6727122734819,47.8926166352205,48.1173400714395,48.3479661771694,48.5611244422289,48.7082335744671,48.7806367849329,48.8442665869913,48.910295720874,48.9915135091205,49.0802544607415,49.1662802176673,49.2516633156924,49.3364920398275,49.4118251124998,49.3864691771211,49.3209060019469,49.2353900046655,49.1376927029049,48.9362817686175,48.823070972757,48.7196540194762,48.6177371493486,48.5133312024238,48.4287004395765,48.3838117896069,48.3739174351328,48.3569432367189,48.3537213917686,48.3596419249866,48.3751733912142,48.4023208037305,48.3598060566405,48.3740566861139,48.4789384076252,48.5521210245119,48.6529372671664,48.7879139879962,48.9393849292585
Urban population (% of total population),SP.URB.TOTL.IN.ZS,Central Europe and the Baltics,CEB,44.5078359491876,45.2071736285836,45.8672620811826,46.5349208922556,47.2096938544833,47.8811300334192,48.5053962787204,49.0678064582325,49.6385039398769,50.2151529138456,50.7802761867639,51.4266561734201,52.1464689909273,52.8659583318729,53.5854300539643,54.2944661807973,54.9922544596698,55.705067734602,56.4342763597897,57.1040579349994,57.7061245226969,58.1639538621763,58.5586325178097,58.9553448854662,59.3525777330879,59.7467078553134,60.1311095024751,60.5096673205319,60.8917273850057,61.1831392886694,61.3918489105076,61.6033123693989,61.6934193330696,61.6652386515616,61.6367536015157,61.6092306125598,61.5872476575535,61.5631779443045,61.534018233525,61.5050697885992,61.4761873574983,61.4954533010999,61.5557607471992,61.6021556919924,61.6481810490578,61.7026922241905,61.7638954455271,61.8418454287671,61.9245405466205,61.9860468760089,62.0260650244197,62.0639344852313,62.0822947513821,62.0853985481731,62.096663299312,62.1180221963844,62.1565528590691,62.2153791390802,62.2947407041374,62.3925547365605,62.5213419275711,62.6535671301718,62.835931596872,63.0354532399767,63.2318023578215
Urban population (% of total population),SP.URB.TOTL.IN.ZS,Early-demographic dividend,EAR,22.8784811237719,23.1655715664594,23.4895231711328,23.8179551513059,24.1514815764335,24.4918755612815,24.8412127017781,25.1937754065066,25.5441231483193,25.8983224228539,26.2536042238288,26.6349283837884,27.0711118635302,27.5022273684067,27.9371169399425,28.2587258685918,28.7062482326157,29.1560211283457,29.6161443673104,30.0758554664074,30.5534955519865,31.0451678875902,31.4625046050792,31.8822332392915,32.3110402085368,32.7452620918487,33.1769957521146,33.5958007640802,34.0101459753495,34.4242412040147,34.8710688348765,35.2373931706686,35.5794727735744,35.9112310753669,36.2621035054067,36.6120282827981,36.932908945386,37.2531557271776,37.5833910365375,37.9140294954528,38.2479884233456,38.5738998095604,38.9324288858957,39.2908672452613,39.6553695908555,40.0254075283237,40.4041156940663,40.7769666713782,41.1574165001313,41.5380760267634,41.9029813707321,42.2694370720537,42.6346426000162,43.015949236188,43.4013542045574,43.8136019607097,44.2160174055837,44.6014670203505,44.9830331970367,45.3762640144949,45.7878149257313,46.185409692723,46.6251546023672,47.0741543243377,47.5231454395816
Urban population (% of total population),SP.URB.TOTL.IN.ZS,East Asia & Pacific,EAS,22.6255424007753,23.2115995096024,23.7387746084707,24.2035243555501,24.6813962658881,24.6845580267208,24.6839727689632,24.7336333365958,24.8033755201388,24.8789216813901,24.9575745628908,25.0728223419508,25.1736839382396,25.3540664852007,25.612020337629,25.7478987621962,25.9410808164579,26.1311487486509,26.5260953609791,27.1371864269165,27.7711691219633,28.4365431197966,29.1040527475014,29.6814910607559,30.2744362567609,30.8700782709275,31.4779963285059,32.1008122220963,32.7299298448024,33.3708395744508,34.0207154137868,34.715585436803,35.4179741369576,36.1330020550468,36.8617685509504,37.6016118895962,38.3546723502604,39.1053281916166,39.8729274983048,40.6532788102548,41.4610353715653,42.4512936275273,43.5330300204815,44.6158597852124,45.7023209102196,46.7853720162275,47.8347136993276,48.8657980593705,49.8986960290052,50.9238337525509,51.9469002743605,52.873230697114,53.7643617758052,54.6496650596792,55.5360592269389,56.4205224809368,57.3027481588233,58.1765611121294,59.0346049837374,59.8725583443197,60.6822345154889,61.4594002340012,62.2257312651105,62.9825402713403,63.7106156319769
Urban population (% of total population),SP.URB.TOTL.IN.ZS,East Asia & Pacific (excluding high income),EAP,16.9511618131687,17.4240002796017,17.895906788159,18.3696744916475,18.8518596667106,18.7827942126573,18.7439622288292,18.7439526688509,18.7581482002381,18.7816402461317,18.8097839741779,18.8384648045647,18.887555239806,19.0223813178244,19.2335327676005,19.2975650082823,19.4619417727007,19.6314538529243,20.03694312448,20.6850081456248,21.3625946648549,22.0709784310614,22.7937245836048,23.419139213997,24.062707197109,24.7159964381735,25.3791398245552,26.0544583723562,26.7433917320689,27.4445771403528,28.158422830159,28.9364810452578,29.7376493638806,30.5513446025258,31.3772930190544,32.2147441850916,33.0676803640114,33.9300136462807,34.8081277500817,35.7008021708453,36.6172744751306,37.6453993908773,38.7527561796692,39.8724608531232,41.0033495519225,42.138525220804,43.2464228822115,44.3390203931955,45.4360027878237,46.5352874881402,47.6373514132382,48.6753704718916,49.6877540842409,50.6939122439899,51.6973010333851,52.695650436027,53.6897778094006,54.6759933117768,55.6392400876998,56.5760210675401,57.4845396808942,58.3655369003636,59.2214841637791,60.0489417681404,60.8512427692917
Urban population (% of total population),SP.URB.TOTL.IN.ZS,East Asia & Pacific (IDA & IBRD countries),TEA,16.6438605763889,17.1027287583423,17.5647523599008,18.0318970777922,18.5068549798618,18.423013398655,18.3704373900089,18.3557700669283,18.3425127770105,18.3303033301886,18.3230983081358,18.3456235767992,18.3879949392372,18.5177692485767,18.7258803390259,18.7845681588027,18.951314312685,19.1233757249093,19.5348236268428,20.1921346200697,20.8790546052439,21.5956152534053,22.327237094669,22.9601803270469,23.6110531268178,24.2718180758697,24.9428173242046,25.6264224813578,26.3237973389746,27.0332785601355,27.7552941349116,28.5419722933589,29.3516073171413,30.1738145832955,31.0089317356348,31.8568563803238,32.7211269389981,33.5949730539647,34.4847616674982,35.3891170960049,36.3175227418132,37.3590499504852,38.4808627983776,39.6148030399397,40.7597478212709,41.9092131668666,43.0310771581234,44.1374284035844,45.2481560988525,46.3601323263502,47.4745186343923,48.5240493742081,49.547645689144,50.5648235001956,51.5790439600646,52.5880415202357,53.5925053714926,54.5887621075747,55.5614585448153,56.5071002716161,57.4239114272433,58.3126038346384,59.1757435746239,60.0098852351415,60.8184186324706
Urban population (% of total population),SP.URB.TOTL.IN.ZS,Euro area,EMU,61.5989140348379,62.082395574484,62.5793427740466,63.1427769796598,63.7050412705651,64.2652682259879,64.8233339967682,65.3746341185727,65.8796331122695,66.3105174485487,66.7318813150293,67.1322516674239,67.4728390536132,67.7915966815168,68.0988628072456,68.3584713668916,68.5868897414306,68.836245796136,69.0873303994695,69.3369727205215,69.5853305174869,69.8303281520472,69.9870959150214,70.0987145868906,70.1699020015188,70.2259740203888,70.3183838886429,70.4894710909138,70.651688921255,70.7637966481984,70.91489369651,71.0869764235838,71.245533806601,71.4103461896313,71.591092123119,71.7723044852666,71.9535595313909,72.1299808095528,72.3031613141413,72.4819824222129,72.674521459245,72.8906265942551,73.1337517593937,73.3835527488815,73.6282526962228,73.8702765468753,74.1071888850381,74.335325070015,74.5609913920847,74.7874335901435,75.0167628883867,75.2411698356353,75.4569184847163,75.6755763098784,75.8877298191384,76.1029415532991,76.3197588251561,76.5414998212393,76.7633481741657,76.9997231691574,77.2349813593651,77.4716240507127,77.7126830118197,77.9560411264664,78.2047154149856
Urban population (% of total population),SP.URB.TOTL.IN.ZS,Europe & Central Asia,ECS,55.553158388981,56.0815539558601,56.608387067846,57.1606311646178,57.7116872718099,58.2714178777039,58.8284756694205,59.3714978423662,59.8960320214994,60.3908609619173,60.8808696480032,61.3551372579754,61.8177988250414,62.2682874560277,62.7089680668784,63.1166013337479,63.4982082315867,63.8825021103974,64.2714301018171,64.6253687500748,64.9328663633894,65.2722918593574,65.5756526282047,65.8613064427928,66.1363935183147,66.4014243571034,66.6607042905936,66.9403121507168,67.2191909207101,67.4173572425818,67.5617149596775,67.6950459424704,67.8061315166817,67.9120234110694,68.0232136109501,68.1327712809994,68.2368672044038,68.3436208499154,68.455044818935,68.5714218019653,68.6999129390518,68.8544702516437,69.0540819801949,69.2634193650142,69.475618767895,69.6905206649959,69.9044563599283,70.1216093273013,70.3352580229127,70.540609283588,70.742327971398,70.9254293147007,71.0995802377693,71.2714715683547,71.4427438586557,71.6193597607359,71.8018319488657,71.987006547281,72.1787895688215,72.378819157659,72.5846286655557,72.7998575512773,73.0396201290606,73.2834861739531,73.5167743020799
Urban population (% of total population),SP.URB.TOTL.IN.ZS,Europe & Central Asia (excluding high income),ECA,38.7021152293627,39.3207644806972,39.9323705283941,40.5435061565799,41.1562774152946,41.799776759461,42.4800628793958,43.1783090629227,43.8771748758336,44.5705573022749,45.2577981018052,45.8953424483014,46.4921080328241,47.0841445032669,47.6695232413567,48.2128360125637,48.7141185278921,49.1918256922057,49.6673022506302,50.1051068162352,50.495900474325,51.1294253062017,51.8428179738707,52.5568593013402,53.2767948170889,53.9637109236398,54.5623936858157,55.1175452184096,55.6699744082895,56.1294969712327,56.4927476026318,56.7257182743949,56.9096031784806,57.1054333787151,57.280901459371,57.4436700759071,57.5990531704674,57.762505565426,57.9421177193462,58.140260811789,58.3666591945727,58.6209775355286,58.913248330494,59.2249325901427,59.5415478617923,59.8615334531593,60.1832466998389,60.484626742263,60.8097209766359,61.1348068231508,61.4519143883621,61.7326506199102,61.9656250023103,62.1908557834385,62.4124312631,62.6318175737991,62.8526598744631,63.0728825951758,63.3013485933657,63.5381802571839,63.7631153787727,63.9919790909835,64.169725876266,64.3256308045369,64.5629774408213
Urban population (% of total population),SP.URB.TOTL.IN.ZS,Europe & Central Asia (IDA & IBRD countries),TEC,45.0170741485597,45.7548531601463,46.4696119718955,47.1849720445399,47.9007962764501,48.6289595219177,49.3385345376107,50.0357043657333,50.7340116700696,51.4282759014757,52.1158530133359,52.779901376171,53.4284913992824,54.0732758169855,54.7121996546498,55.327649515485,55.9235135363161,56.5086227217186,57.0959319803625,57.6058933758602,58.0260472920754,58.5463722012969,59.097529758,59.645876106389,60.2025288243014,60.7434801796998,61.2380465602347,61.7091269674271,62.1782088893989,62.5159056467515,62.7093798549351,62.860867813454,62.9610022181528,63.0372390272076,63.1093119376969,63.1806138940417,63.2439767741358,63.313032637419,63.3905913772922,63.4712767633702,63.561740048542,63.6750137137482,63.8085359530661,63.9584883645413,64.1167990826192,64.2792705525898,64.4441869181253,64.6132975111846,64.7910470567355,64.9652673388568,65.1362336538206,65.2896834847151,65.4208965118103,65.5493192956304,65.6821834722408,65.8203157701268,65.9672037692398,66.1211888619255,66.2842724108461,66.4578157383552,66.6377675914124,66.8270365388467,67.0058080559943,67.1812944997938,67.3900474271569
Urban population (% of total population),SP.URB.TOTL.IN.ZS,European Union,EUU,58.6838548055159,59.2224468313471,59.7572790831742,60.3414249783147,60.9248157856746,61.5109841402173,62.0811688016023,62.6189616255052,63.1227916191935,63.5757658671769,64.0228377372326,64.4693494121661,64.8804945531598,65.2728830434736,65.6528474640996,65.9889780823305,66.2960151245066,66.6229670648396,66.9591162642209,67.2832582573038,67.5919957662218,67.8645829147078,68.060299597732,68.2235273066637,68.3568033021609,68.4798656157017,68.6302291375086,68.8393716267253,69.0445031634795,69.1991049638757,69.3690920054438,69.5590006501877,69.7158907976041,69.8456835061612,69.9860393033238,70.1268366665122,70.2668131567703,70.4015256475471,70.533151845158,70.6697632296034,70.8257617510047,71.0122593876759,71.2401628189884,71.4619792178923,71.6797455781348,71.897994774521,72.1140855435958,72.3331564783875,72.5510340245521,72.7585269115746,72.9664289080433,73.1608223836712,73.3498260906621,73.5388052677658,73.7231874097275,73.9141353825646,74.1111569045568,74.3137180838517,74.5212870645992,74.7405842986022,74.9759872159918,75.2201807496595,75.4620574704142,75.7038805325455,75.949283176978
Urban population (% of total population),SP.URB.TOTL.IN.ZS,Fragile and conflict affected situations,FCS,22.2405728418584,22.673126420747,23.1025486075691,23.5411765295412,23.9786230219244,24.4418760565968,24.9024715679625,25.3658423849483,25.8205460420394,26.274349168387,26.7142878756453,27.176964850402,27.6375667269138,28.0749125307472,28.4538674628548,28.8305271997231,29.1984372486992,29.5618431375992,29.9156480707927,30.2612335077995,30.6464568023019,31.0887016142696,31.4818028949582,31.8960239564836,32.3715292027542,32.8488852312121,33.3357453663907,33.8253970874011,34.283673357212,34.6861397101002,35.1732040413618,35.4192260571769,35.6697487714404,35.916746261391,36.0811438392806,36.2173923810698,36.391552564702,36.5790281022391,36.7641634950648,36.9575140262642,37.1691912917702,37.4540643186163,37.7155534815033,37.9791887221475,38.25502259884,38.5403322301542,38.8139538806159,39.0465050357355,39.3944970504354,39.7494228049932,40.1115303645567,40.4284190361875,40.744224534,41.0947458588812,41.4493013991037,41.8328369417415,42.2140242756675,42.5843185313941,42.927213828579,43.2680779543801,43.6394229966267,44.0421070914078,44.401646495307,44.7685871271884,45.2208730066018
Urban population (% of total population),SP.URB.TOTL.IN.ZS,Heavily indebted poor countries (HIPC),HPC,12.4188743674623,12.7660052269012,13.1225064275502,13.4968536853881,13.894014808605,14.3054475637109,14.7128453698059,15.1339422862543,15.5676302858936,16.0169851941923,16.4497983654086,16.8894173424512,17.3382119184104,17.7902968626254,18.2242405616068,18.6659795931818,19.114651646093,19.5627846931981,20.0278897675283,20.4325797178612,20.859071712916,21.2700857454597,21.6603073020714,22.087971103515,22.5631337912945,23.0801268893244,23.5964307652328,24.0989886190868,24.5843765172005,25.02971767809,25.4610376793832,25.8417989185358,26.2192942193122,26.5825676165241,26.9515537750486,27.293129729869,27.5518704336571,27.8343530529652,28.1348226871196,28.4385651468002,28.7512066462091,29.0997842101013,29.4405452459864,29.7848750098507,30.1319847165404,30.50070559239,30.8754644673954,31.1918387091867,31.6240989205184,32.0530756202666,32.491512966673,32.9335581402091,33.3590439921105,33.7920341062954,34.2342020425185,34.6901904052385,35.1570287833477,35.6246731078244,36.0931323349764,36.5663214736184,37.0465389661088,37.5368693810027,38.0398695478936,38.5476985045553,39.0592030211583
Urban population (% of total population),SP.URB.TOTL.IN.ZS,High income,HIC,61.3881844370619,61.9478269176498,62.5112958452611,63.0885003735131,63.6655383377181,64.2395674469322,64.8009552542808,65.3687915969866,65.9219389944068,66.4491829784392,66.9593542215777,67.420154232202,67.8495811790658,68.2701376957862,68.6858354682862,69.0872460981536,69.4381242038612,69.7841804985595,70.1347449434895,70.4675221831642,70.7815119902142,71.1117331759453,71.4048793699514,71.6810694002322,71.9450144945252,72.2047847323432,72.4886056563927,72.7974258701768,73.0962037989182,73.3462470824798,73.5709038561538,73.8198499338839,74.0555189250114,74.2730710267601,74.4922157839919,74.7107846167856,74.9215613556474,75.1219856014955,75.3209831759016,75.5194394451946,75.7159104606567,76.0217333975495,76.3770316647447,76.7142748013634,77.0421768823531,77.3601853804245,77.6555109257519,77.9419987843462,78.2197380662393,78.4817631800137,78.730290968659,78.9234665090901,79.0924332402722,79.2656707284999,79.4387061186541,79.6164028862012,79.7971842507954,79.9779465106785,80.1568320346379,80.3466412738277,80.5443858638507,80.732211145294,80.941962138335,81.1614698861601,81.3822975288008
Urban population (% of total population),SP.URB.TOTL.IN.ZS,IBRD only,IBD,26.0923794081669,26.6632377388361,27.1897779206435,27.665309102048,28.1495402436871,28.3715196007176,28.5833824156194,28.8095172455328,29.0322338912366,29.2460329890177,29.4504550243569,29.6657660448283,29.9244776723567,30.2258735240719,30.5732422837958,30.9314184444476,31.2814104796411,31.6383089258418,32.1096698903939,32.6870608085033,33.2669425351203,33.8633723450898,34.4403390994621,34.963962873139,35.502573601411,36.0399608895904,36.5714553747456,37.0947948483911,37.6141387039346,38.1180822912567,38.6008817767568,39.1002085291282,39.5997174427914,40.1008602035958,40.6059365330484,41.1110734585054,41.6175332059561,42.1295463678514,42.6516720993921,43.1800008997637,43.7183512473418,44.3038011635736,44.9425890080496,45.5921181600685,46.2510960003965,46.9164837158728,47.5698188024491,48.2114862583341,48.8610009971071,49.5107521258833,50.1584462571237,50.77719392999,51.3872104622612,52.0043833909345,52.6285015720936,53.249256825779,53.8630279498437,54.4730525266222,55.0771234775401,55.6730186862018,56.2572383997406,56.8369027884104,57.4051949405733,57.9586084947402,58.51006436089
Urban population (% of total population),SP.URB.TOTL.IN.ZS,IDA & IBRD total,IBT,23.9534441100279,24.4524655410005,24.9246489489854,25.3672150893661,25.8172117968721,26.0512533073388,26.2783817120263,26.5197296716712,26.7596894185236,26.99511358267,27.224406183245,27.4727431062872,27.7558376395932,28.0695371441341,28.420042841831,28.7286934100111,29.0884238982694,29.4542571237602,29.9147661522321,30.4546176889832,31.0022477555691,31.5602774736987,32.0795104986137,32.5581691791459,33.0550001471508,33.5545823263756,34.0508161860358,34.5410888323364,35.02803694509,35.4996497754464,35.9541913923965,36.4070076947704,36.8522959475112,37.2940482495812,37.7387193113082,38.1806262269382,38.616127071852,39.0580734308558,39.5089501981335,39.9631828163031,40.4256351619026,40.9375084118375,41.4906722431939,42.050642250773,42.6187392141779,43.1927558051343,43.7570148528773,44.3057503243017,44.871338637959,45.4361583517829,46.0007901850597,46.5374985760836,47.0659337967184,47.6048093056323,48.1466258633628,48.6925864607723,49.233633582592,49.7713538751917,50.301080152151,50.8211355459862,51.3285959695125,51.8301784271447,52.3261779252217,52.8141913129966,53.3036885100507
Urban population (% of total population),SP.URB.TOTL.IN.ZS,IDA blend,IDB,18.5916179106281,18.9406159323124,19.2434095848265,19.5626252895307,19.888881877381,20.2197186089188,20.5308926588529,20.8510329044249,21.176413506061,21.5049797086528,21.8491732763516,22.2782243353044,22.7020556128799,23.152761033964,23.6171250482078,24.0896534526782,24.578448080283,25.0447677494405,25.5175297795796,25.9346691646862,26.301618108602,26.7314876694835,27.1381521981767,27.554986299427,27.9803618909468,28.4076420138897,28.8420521177035,29.2802383884356,29.7143680768941,30.1702888605917,30.6594749842499,31.0342177299774,31.412274862256,31.7818366053962,32.1522251258427,32.5241025225484,32.8981361992507,33.2701841345975,33.6338925007206,33.9853797503499,34.3374216788525,34.779170094102,35.2250948464066,35.6631354707663,36.1043508060075,36.5500826830597,37.0010477697796,37.4547842206776,37.9130743414928,38.3771044163808,38.8477483223638,39.3061853673143,39.7556762799774,40.2116278109995,40.6764393527976,41.1483774380694,41.6223732730942,42.094267862311,42.568372249278,43.0461551836081,43.526580341856,44.0111666695768,44.5056762549498,45.01184766814,45.5233364103481
Urban population (% of total population),SP.URB.TOTL.IN.ZS,IDA only,IDX,11.4247157150487,11.693730854403,11.9800995537887,12.2811637512352,12.5949206034701,12.9184851640637,13.2536351863442,13.6177111438528,13.9937489565163,14.3841757278119,14.767390829344,15.1694940355305,15.5843085478191,15.9856123139429,16.3852532373373,16.369156307001,16.8133924861074,17.2749717371897,17.7599258932917,18.233206825798,18.7609090410506,19.2215895021166,19.5321203798268,19.8782930074056,20.2690159078229,20.6896251179452,21.1155099319744,21.5431707622875,21.9721829094994,22.3748246515434,22.7643068789545,23.1132774000061,23.4424605364345,23.7714741207035,24.1015108881167,24.4155956049466,24.6827457449033,24.9671837180155,25.2697787111936,25.5775056601632,25.8941609350284,26.2608279859372,26.6495494656367,27.0441556783664,27.441475423719,27.8549122566498,28.2822770848071,28.6819260955074,29.1475307752032,29.6040063641326,30.0717178105173,30.50893275602,30.9267678051136,31.3447448290355,31.7629487268723,32.2393173119926,32.7399434484205,33.2541343513233,33.7704062246334,34.2901441341824,34.8127799417597,35.3417682738071,35.8907865413649,36.4509757079159,37.0140733608173
Urban population (% of total population),SP.URB.TOTL.IN.ZS,IDA total,IDA,13.6860535000967,13.9816161633507,14.274791621551,14.5837321059569,14.9035074096189,15.2313774944741,15.561014687309,15.9126593524494,16.273833891468,16.6465074128318,17.0207047751938,17.4369911093012,17.8601776282394,18.280840190225,18.7054514786535,18.853718486952,19.3217226504761,19.7957108276635,20.2863685085529,20.7511215135549,21.2464930097324,21.7200888317724,22.0765541393473,22.4535805549052,22.8620970828869,23.2938353311182,23.7326867191745,24.1738973667324,24.6149355465992,25.0454638179669,25.480169860317,25.8487009389815,26.1989886823484,26.542216301821,26.8873792208165,27.2237183795876,27.5309037171394,27.8490388352282,28.176090911403,28.5014546205037,28.83492029164,29.2338394275423,29.6445267359147,30.0556870624884,30.4722825018542,30.9004679937344,31.3387528021494,31.7629409079578,32.2331359972255,32.6991149671495,33.1742847185102,33.6230185144664,34.0533287657888,34.48626328101,34.920461990074,35.3930381648969,35.8790773172988,36.3728522356199,36.8687600281853,37.3669945784169,37.8684932787533,38.3770927534876,38.9024403010933,39.4372870426606,39.9754060039184
Urban population (% of total population),SP.URB.TOTL.IN.ZS,Late-demographic dividend,LTE,26.2301415842528,26.9955821853162,27.6510595743549,28.2130018261281,28.7893413459537,28.893543157442,28.9745080074165,29.0922677041446,29.214322056475,29.3289432086537,29.4352881425089,29.5275683779611,29.6406794771907,29.8294776687048,30.0983714844009,30.3854886299107,30.658527844233,30.9471219920209,31.4363265032393,32.1156386096129,32.796851782111,33.4753996163134,34.1453106119359,34.7244992251246,35.3270877977135,35.9280201032242,36.5209126313552,37.1097683400958,37.7014082501466,38.2776984837417,38.8142531936329,39.4368758241651,40.0900588626574,40.7417707275167,41.4022555441167,42.0686755230577,42.7480969100601,43.4429696995644,44.1536086634557,44.8793213020424,45.6278335826902,46.5017067580441,47.4485995521306,48.4126970641164,49.3912861225068,50.3808715430178,51.3547019865279,52.3237873689032,53.2981351995234,54.2708057062181,55.2420765130508,56.1611231164695,57.0582009531008,57.9697914804197,58.8687795884874,59.7601754569678,60.6446048429491,61.5196324604483,62.3774263489862,63.218154758505,64.0329696631862,64.8181558739638,65.6035316403987,66.3703549135626,67.1157081306765
Urban population (% of total population),SP.URB.TOTL.IN.ZS,Latin America & Caribbean,LCN,49.4562065358754,50.2584291953647,51.0723759914948,51.8893131962528,52.7106576706061,53.4766948803038,54.2416637745603,55.0053586793543,55.769727191153,56.5293896353668,57.2829705278861,58.041550360866,58.792894227978,59.5209462998938,60.2430568845705,60.9652541829813,61.6853007324257,62.4053932469713,63.1223411821794,63.8330510374234,64.5435941063113,65.2377439599712,65.8991295041311,66.5392108415832,67.1694688014823,67.79193445046,68.3989461608053,68.9933584931272,69.5785953607443,70.1516560774997,70.7087114558704,71.2295131388129,71.7270432815315,72.2123771016206,72.703552736722,73.1897280498853,73.6538966311038,74.1266901723289,74.5949600652278,75.0475997421327,75.496026457602,75.8546401595851,76.1833285481376,76.5035888283245,76.8105978108385,77.1149339228251,77.4142848028044,77.7092622774368,77.9976244507387,78.2785271012667,78.5579173925433,78.8334605944324,79.1007053150702,79.3629353810291,79.6236030336442,79.8819667727394,80.1349551347229,80.3801642315254,80.6138689467709,80.8488679958605,81.0877969256887,81.3272280767858,81.5649153564557,81.8012186793422,82.0375662207342
Urban population (% of total population),SP.URB.TOTL.IN.ZS,Latin America & Caribbean (excluding high income),LAC,48.0998006981928,48.8988276166999,49.7217801004228,50.548018260074,51.3773510828896,52.1451621266261,52.9123678220444,53.6789210224503,54.4468060627142,55.2110143607508,55.9705022269982,56.7418136926293,57.5098484299968,58.2547526391601,58.9950478543434,59.7357638482245,60.472702150571,61.2113287287932,61.947478494256,62.6778782597551,63.4009985860883,64.0867594437793,64.745279979663,65.3963395650751,66.0397264074275,66.6738331837805,67.293095223304,67.9007370775645,68.5006784725356,69.0895800545458,69.6648501707767,70.2089638864405,70.7279711964442,71.2279911900066,71.7348761112538,72.2365889244103,72.7136472524109,73.2011668950063,73.6847439138899,74.1514254081382,74.6149326240965,74.9790157555925,75.3251097631481,75.6680548633672,75.9964933826823,76.3197038610586,76.6400974096056,76.956174306103,77.2652895836217,77.5661775693105,77.8654739637702,78.1611069994865,78.4486398684116,78.7312873391729,79.0127052039133,79.2919206746314,79.5663110301781,79.8363374785181,80.1027920682901,80.3673865463117,80.6299945481019,80.8894314614173,81.1442610510058,81.395321047644,81.6454505574133
Urban population (% of total population),SP.URB.TOTL.IN.ZS,Latin America & the Caribbean (IDA & IBRD countries),TLA,49.1779196146547,49.9970831559654,50.8281773904435,51.6618964192332,52.5000134907697,53.2800303313409,54.0589298853168,54.8364777203567,55.6145400955409,56.387861046627,57.1560145195456,57.9155477548957,58.664273779602,59.389283719246,60.1084280649896,60.8283112057088,61.5466291918367,62.2658983353058,62.9822106741908,63.6926819372695,64.3955388643706,65.0609645780144,65.7006158084618,66.3228599188202,66.9383255463629,67.5491059115412,68.1468466885291,68.7344556301834,69.3151169412791,69.8855479325497,70.4434757036848,70.9756683698563,71.4876626671278,71.9864917975359,72.4909304370599,72.9898527376077,73.4655161116949,73.9491730922547,74.4275153420338,74.8897253441425,75.34802028219,75.7148007535225,76.0506006118887,76.3789936703197,76.6951045149019,77.0084585404128,77.3167514313408,77.6204543475109,77.9171467954934,78.2059442308233,78.4927959794285,78.7758823910133,79.0503099536297,79.3201089434569,79.5886292750419,79.854596104089,80.1148117407706,80.3667891384065,80.607740795928,80.8468332516826,81.0901657049533,81.3334320955924,81.5750058081646,81.8143993320891,82.0533140211896
Urban population (% of total population),SP.URB.TOTL.IN.ZS,Least developed countries: UN classification,LDC,9.65130868387428,9.89705632876977,10.164515258531,10.4471239878623,10.7437918800483,11.0519278379719,11.3722011877564,11.7247673468306,12.0905385409106,12.4718345451783,12.8512119041438,13.2684572874639,13.7087147476934,14.1392848093625,14.5690385039065,14.5372499772682,15.0144519771758,15.5105275511819,16.0357232404866,16.5521759731582,17.1271034655521,17.6288866663969,17.9748566087661,18.3631763112115,18.7978909880227,19.2578272373826,19.7233964762264,20.1906368395911,20.6590478414591,21.1024683659869,21.5347251567926,21.9230056939195,22.2943620105491,22.6691943238851,23.0445779209095,23.3915146076106,23.6881555929933,24.004237770476,24.34023190724,24.6809774140423,25.0271490898027,25.4263301915298,25.8481571648911,26.2766755172176,26.707526525013,27.1555092838585,27.5975648726192,27.9968049829107,28.4855264908401,28.9780363162154,29.4782380357351,29.9856100929974,30.4846413708241,30.992428991258,31.5100998139128,32.0367971381432,32.5762833143075,33.1242640987107,33.6667279661463,34.2024920969837,34.7409228785313,35.2890728691293,35.8497135775292,36.4129698967495,36.9801086492437
Urban population (% of total population),SP.URB.TOTL.IN.ZS,Low & middle income,LMY,21.7254460557304,22.1991990379831,22.6615231275056,23.1032052089802,23.5525724531839,23.7676611595108,23.9899436828824,24.2287796260277,24.474613740397,24.7222457398429,24.9665392593298,25.2215888815844,25.5115895820894,25.8348658168635,26.1963667689773,26.5101869272718,26.8733154302906,27.2409020400185,27.710844955464,28.2743308674645,28.8515669999568,29.4466216889258,30.00526881778,30.519372947126,31.0490156962464,31.5815607163475,32.1121447609093,32.6379455798011,33.1618102332993,33.6792471096146,34.2088657153317,34.7189457568399,35.2236036764898,35.7235210163978,36.2239530806605,36.7205418818886,37.2107271777762,37.7064058947066,38.2097511460884,38.7167389862489,39.2338517104975,39.8020132055294,40.4139022265827,41.0301252155546,41.6530256568993,42.2809926345142,42.8970457227504,43.4945978250084,44.1056470271771,44.7145962753349,45.3230162208833,45.9005229782248,46.4680285401234,47.0458333723862,47.6253258965521,48.2084210510769,48.7861260769608,49.3618130264144,49.9317364027109,50.4910880268035,51.0358692115089,51.5727352221803,52.1006417998491,52.618040083163,53.1355985988779
Urban population (% of total population),SP.URB.TOTL.IN.ZS,Low income,LIC,14.7788960380653,15.1430343147697,15.5162095094994,15.9106491631666,16.3163718228287,16.7329288262597,17.1645776765002,17.6159248808162,18.1741316218418,18.807961038889,19.4334916944516,19.8195756178135,20.2225302689036,20.6091591138644,20.9396234629908,21.259983250483,21.5240705750069,21.7867821802217,22.0461974174731,22.3019915747308,22.5919918402091,22.9429898586687,23.2864603284266,23.6467906559842,24.07490210287,24.5513769454569,25.0336254698712,25.5146914264619,26.0030898588145,26.459740473591,26.8862040588292,27.2635403786331,27.6371705844414,28.0012112580245,28.3677206285592,28.6991878294783,28.8949458725576,29.1279921259107,29.3915794446606,29.6586088839748,29.9351460456332,30.215251641344,30.4677099766949,30.6993013690676,30.9477890123139,31.2279158147159,31.5329474817188,31.7710596243822,32.1133323433664,32.427806710292,32.7659789914846,33.0359682038115,33.2610310237945,33.4700257727979,33.7005554837113,34.0543791399747,34.4561050366558,34.8821585032487,35.308896471579,35.7448254230166,36.1918388913868,36.6549434168564,37.1420380582929,37.6338833544081,38.1296595552384
Urban population (% of total population),SP.URB.TOTL.IN.ZS,Lower middle income,LMC,18.2490840841741,18.4613289185703,18.7111554156623,18.9663640033298,19.2274355398849,19.4917279290523,19.7577974732168,20.0362307578177,20.3221227415952,20.6131142075768,20.9070068021751,21.2385829995265,21.6236848934719,22.0058160990884,22.3985916034105,22.6564981060178,23.0702627465368,23.4832284088038,23.904058481082,24.3138159795906,24.7369674921586,25.1450343696034,25.4563172810405,25.7758617817478,26.1051981160412,26.4412318842778,26.7813644900057,27.1227903414797,27.4653876918628,27.8093251219859,28.2122491929697,28.5082120032167,28.7791303464559,29.0436727538227,29.3072014466491,29.5623170862954,29.8217445557515,30.0863121385309,30.3542734370188,30.6237914421867,30.8998888809336,31.2279917033736,31.604915015984,31.9890497034069,32.3774169318961,32.7748010572084,33.1784575740319,33.5862623867699,33.9945412812436,34.4073937481876,34.8269673602317,35.2559988089918,35.6887662148081,36.1457483404799,36.6142648233343,37.0772324949332,37.5349734658891,37.9970008869979,38.468823695992,38.9483291953,39.4369727928763,39.9377220240325,40.4516375248882,40.977148439103,41.5092867783328
Urban population (% of total population),SP.URB.TOTL.IN.ZS,"Middle East, North Africa, Afghanistan & Pakistan",MEA,29.7173094294904,30.3447686912329,30.9403946255065,31.5390808881518,32.1509098742991,32.7802585613655,33.3776217017058,33.9398827552513,34.5043453441434,35.0783433001272,35.6606356527893,36.2317413370043,36.806766094829,37.4018440039364,37.9829987280592,38.5577972418806,39.1331769792025,39.6799014632572,40.220000735059,40.7718466260668,41.3580544931825,42.0043570373268,42.5928664923968,43.0851529054066,43.5637788640537,44.0339488841392,44.5154867961316,44.947170161302,45.305611551887,45.6139106038604,45.9568684342279,46.2295007831584,46.5754368889077,46.8421574621475,47.1025612281485,47.3566309947749,47.6103394828705,47.8758590889395,48.1457315226913,48.4058148633023,48.6964988287984,48.9997815875061,49.2490750771856,49.4901716936847,49.7768179206833,50.0971512122545,50.4257855692334,50.7549179084717,51.0673958664026,51.3589935583313,51.5706862807146,51.8030588293785,52.0625197732866,52.4065166891321,52.7368859867344,53.1229249093042,53.4653658066936,53.7232256564093,53.9242829286333,54.1425070359765,54.4074384854235,54.5928225800166,54.9664853093317,55.3450146500147,55.7010004133504
Urban population (% of total population),SP.URB.TOTL.IN.ZS,"Middle East, North Africa, Afghanistan & Pakistan (excluding high income)",MNA,28.7524985600796,29.352128549337,29.911621466127,30.4756494297509,31.0447781333267,31.6343693536486,32.1951310386274,32.7057675242253,33.2303734616614,33.7569405807772,34.2856463467762,34.8029468926447,35.3273025070315,35.8628469825224,36.3909714733238,36.9230632888889,37.450890377476,37.943978845142,38.4301145756203,38.9260014437874,39.4613145538138,40.0682312292901,40.6175308119146,41.0665874156081,41.5114445586084,41.9454278575908,42.3910154195133,42.7954514205803,43.1234292750007,43.400003746961,43.8068370432096,44.0795123882118,44.3573809697218,44.599838414081,44.849702761811,45.0932301839739,45.3265995684801,45.5669810574772,45.8141394806376,46.0509723456935,46.3097051686053,46.5710236847772,46.7797138854854,46.9843943102949,47.2402660312111,47.5273733319657,47.8062667483667,48.0610975452996,48.3006884352445,48.5380518857829,48.7848007669426,48.9672920117844,49.1583162832566,49.4230571633408,49.7109583002776,50.0173125127404,50.299656741359,50.5591949528696,50.8132407261623,51.0649270322676,51.3116626769768,51.5827288533319,51.8947837283828,52.2121790296612,52.5173231582966
Urban population (% of total population),SP.URB.TOTL.IN.ZS,"Middle East, North Africa, Afghanistan & Pakistan (IDA & IBRD)",TMN,28.7524985600796,29.352128549337,29.911621466127,30.4756494297509,31.0447781333267,31.6343693536486,32.1951310386274,32.7057675242253,33.2303734616614,33.7569405807772,34.2856463467762,34.8029468926447,35.3273025070315,35.8628469825224,36.3909714733238,36.9230632888889,37.450890377476,37.943978845142,38.4301145756203,38.9260014437874,39.4613145538138,40.0682312292901,40.6175308119146,41.066587415608,41.5114445586084,41.9454278575908,42.3910154195133,42.7954514205803,43.1234292750007,43.400003746961,43.6752516754811,43.94436974157,44.2185730852561,44.4569980419001,44.7025928872495,44.9415847793744,45.1701388537496,45.4055833408666,45.6517895293644,45.8883005442523,46.1467250112561,46.4077039631217,46.6156653261379,46.8196700480261,47.0753059912819,47.3624027353743,47.6412490272859,47.8957197666866,48.1345078305977,48.3712259693821,48.6173822028922,48.7988261588752,48.9887452049584,49.2527804483743,49.5400775372725,49.8457822425934,50.1272231726775,50.3861773229215,50.6387662527733,50.8890037110978,51.1342115026343,51.4038422701024,51.7147486556237,52.0311420435839,52.3351791276277
Urban population (% of total population),SP.URB.TOTL.IN.ZS,Middle income,MIC,22.1304847533858,22.6147130375561,23.0839382130246,23.5279249540324,23.9798290088231,24.1832788826085,24.3932217237644,24.6200548842039,24.84805143786,25.0732468785134,25.2953173917827,25.5430439231594,25.8268601208318,26.1471642762586,26.511732488227,26.8265673369826,27.197264822064,27.5730665359754,28.0587828645655,28.6446440356848,29.241386250761,29.8506348958673,30.4225501914295,30.9485626871994,31.4872955443586,32.0258706515551,32.5615542882025,33.0920661168846,33.6198229604063,34.1433190071981,34.681350012078,35.2017508751709,35.7193527664289,36.2349806909221,36.7502149187685,37.2638166838519,37.7809010956635,38.3013815491138,38.8285853962862,39.3604082466266,39.9021243796828,40.4991547923042,41.1482511141498,41.8051861756847,42.4681610561641,43.1357017151639,43.7908125622922,44.4322338679196,45.0801497548705,45.728963250574,46.3760214227418,46.9959515643164,47.608436404347,48.2325391365215,48.8569398442886,49.4762959793182,50.0884468028492,50.6985080182169,51.3049706292102,51.901711293326,52.4827584151325,53.0542232962802,53.6143634433195,54.1642810434769,54.7141582203946
Urban population (% of total population),SP.URB.TOTL.IN.ZS,North America,NAC,69.9180690805905,70.3191959889057,70.7394470422043,71.1560385445779,71.5690525593508,71.9783721334145,72.3823013618412,72.7618894863364,73.1382348720231,73.5109049798132,73.8013251392747,73.8558994838804,73.853703220044,73.8517330954348,73.8500905142755,73.8483189723758,73.8474390330718,73.8605726534703,73.8724295815047,73.8850973283104,73.9310234782124,74.0733441964862,74.2266553419059,74.3796124856136,74.5306786093548,74.6815627534878,74.8314332274583,74.9683938676998,75.10521347186,75.240746844241,75.4331128828764,75.7976831146595,76.1805582731051,76.5587731673707,76.9331828935238,77.3030092454184,77.6716608468305,78.0451821793857,78.4154717527386,78.7816579730607,79.1024052219814,79.2946000347278,79.4600916763101,79.6247150617387,79.789218173362,79.9509204392547,80.1139950647124,80.2852190690772,80.4554653722823,80.6246349465011,80.7919048503299,80.9625825229991,81.1242319014412,81.2903152718523,81.4598469580181,81.6331150379757,81.8089016137772,81.9899052280505,82.1734280782901,82.3621587015054,82.5536546891323,82.7500386541762,82.9479010196301,83.1481694234629,83.351649228819
Urban population (% of total population),SP.URB.TOTL.IN.ZS,Not classified,INX,..,..,..,..,..,..,..,..,..,..,..,..,..,..,..,..,..,..,..,..,..,..,..,..,..,..,..,..,..,..,..,..,..,..,..,..,..,..,..,..,..,..,..,..,..,..,..,..,..,..,..,..,..,..,..,..,..,..,..,..,..,..,..,..,..
Urban population (% of total population),SP.URB.TOTL.IN.ZS,OECD members,OED,62.1412454784483,62.6385155536096,63.1368659515589,63.651441357557,64.1656716445124,64.6652675752035,65.1617863524074,65.6679764759035,66.1661567000176,66.6437341785755,67.106944114697,67.5107467784089,67.8793889662164,68.239352169034,68.5959228442022,68.9349708279247,69.2053080374189,69.4647347199736,69.7268955140763,69.9849061153479,70.2427449732978,70.5488572386701,70.8352164625961,71.1056434226485,71.3671497694397,71.6299732539314,71.8988110423126,72.1866279421357,72.4718125598049,72.7358701220034,73.0178891903444,73.3017769591263,73.5662353537083,73.8342919187999,74.1071215542011,74.3784408626072,74.628851863791,74.8700738141218,75.1106565735509,75.3519641892462,75.5919773921324,75.94275424967,76.3468613558336,76.7313280457089,77.1007415664554,77.4560044751301,77.7848292767346,78.1013257119815,78.4021401942086,78.6937274093909,78.9786810675555,79.2034329070797,79.4011845423572,79.6009303447065,79.7992968078709,79.9974429739664,80.1981065926716,80.4018750480224,80.6055820250279,80.8158684349034,81.032765332463,81.2513148285264,81.4656772954836,81.6866281137381,81.912482501631
Urban population (% of total population),SP.URB.TOTL.IN.ZS,Other small states,OSS,36.2645861870741,36.7097953645829,37.1742072724358,37.6522859970172,38.154948801346,38.6571431506369,39.1469038474834,39.6008443311518,40.0765405280453,40.5558230913705,41.0253207716414,41.5077009627318,41.9781689152952,42.3599137319066,42.8836886173066,43.4346192976426,43.9848133109653,44.4947905461927,44.9936716666228,45.4447201200545,45.8537772728329,46.2901073188737,46.7645400918397,47.1037699630692,47.4401328551733,47.8050559475934,48.1991694912816,48.5995489172033,48.9851814205933,49.3468017126342,49.7187074016689,49.9599936440207,50.0559835226686,50.1254795901355,50.2893430442929,50.4740098450274,50.6248785866328,50.7885931044786,50.9326398599181,51.4743760807991,51.9720002563281,52.0331152086912,52.0890259940328,52.2142351759672,52.3852551461717,52.5322613641959,52.6416635820601,52.7475516643656,52.884994889456,53.0206349728793,53.1452622797676,53.2575372775719,53.3942915386122,53.554042630812,53.7330540038995,53.9285991640959,54.131232724273,54.3571454093448,54.6048276212629,54.8602862593732,55.0796303402671,55.271772715976,55.5597027670278,55.8999738244511,56.21947458687
Urban population (% of total population),SP.URB.TOTL.IN.ZS,Pacific island small states,PSS,22.0538902808841,22.4937335405289,22.9482217840755,23.413609236415,23.8889265909453,24.3687102878779,24.842637490055,25.2239211421761,25.6076220801856,26.0106953967174,26.39720763971,26.7466713119641,27.0736619226719,27.3817798549118,27.5935091750157,27.7677841490694,27.9572751580913,28.1080572437986,28.2624044510147,28.4211994383484,28.5908516881681,28.7920469177398,29.0090947970138,29.2308308694746,29.456772674959,29.6867010889156,29.9136487164061,30.3033362744159,30.7000234341502,31.0836993201441,31.4476092491187,31.8062525651793,32.1550173011308,32.4906341841019,32.8202351306465,33.1243645775383,33.4569450461029,33.6865625659328,33.905294750408,34.1266239303298,34.3907342310581,34.6580334426081,34.8879793606847,35.1160448506832,35.3598678684039,35.6035670209937,35.868218622181,36.1478256745243,36.4569424667487,36.7627309286899,37.0133602010833,37.2122094632295,37.4001775537815,37.5825207998049,37.7632566682875,37.9418362727715,38.1171567107677,38.279362098949,38.4317318565749,38.6080266824363,38.8185116377361,39.0380810941031,39.2714686784769,39.5195613366532,39.7689648917691
Urban population (% of total population),SP.URB.TOTL.IN.ZS,Post-demographic dividend,PST,63.2577634768363,63.7745321687595,64.3028535824978,64.8495168469605,65.3958922455028,65.9435574779397,66.4748403976796,67.0108333907151,67.5373998835675,68.0384049230608,68.5200354872386,68.934803571327,69.3155704225591,69.687063530312,70.0556803979082,70.3999827743475,70.6742053779908,70.939025945662,71.2051152833537,71.4723305660002,71.7396346109894,72.0215349283672,72.2580923678166,72.4770871121941,72.6828300999232,72.8816935847329,73.1097867864735,73.3735229624133,73.6250351391695,73.8392807256438,74.0592585969535,74.3129529315664,74.5658273746552,74.8215697366302,75.079884944182,75.3331046172161,75.567854515001,75.7895144183213,76.0130119558807,76.2364061727909,76.4517476501278,76.7965719822135,77.2021957272775,77.5903695589908,77.966082654067,78.3284706000985,78.659209202372,78.9718690716478,79.2742259442169,79.562952497419,79.8400812955742,80.0486092771528,80.2228350105744,80.3979335311433,80.5719372728436,80.7467633738853,80.9233728094521,81.1033317671139,81.2842182278933,81.4749496268461,81.6627037423207,81.84936028332,82.0738786885386,82.30884149124,82.5080268954733
Urban population (% of total population),SP.URB.TOTL.IN.ZS,Pre-demographic dividend,PRE,13.4332575172658,13.7897960304089,14.1632626234744,14.5589903320568,14.9720033399217,15.3986449801709,15.8094817072715,16.2277053920132,16.6707461722825,17.1281786125418,17.5818175625464,18.0887601056775,18.620544659097,19.1577506990056,19.6799317736342,20.2100352953548,20.7499065105262,21.2760466268131,21.8020106710341,22.270790460956,22.7313872070305,23.2594777300177,23.7851818870637,24.3216068893857,24.9022561000077,25.5017203621939,26.108238799658,26.7195425935231,27.3014308009875,27.8486462085715,28.3645972885077,28.7673027228608,29.1834080627821,29.6195818445718,29.9863218174737,30.317564488615,30.6700650158109,31.0438526705287,31.417612789487,31.7902057387529,32.1721984970077,32.632873084944,33.0841834674422,33.5519816160276,34.037358363129,34.5437387013634,35.0097786842914,35.40982285152,35.9284763639459,36.4650153550427,37.0095598767732,37.5622562816969,38.1124733284927,38.6701372020105,39.2226003545783,39.7771089025231,40.3354760263504,40.8948351996284,41.4439041161344,41.9842362316093,42.5266498156658,43.0789350226666,43.6418701367517,44.1972682106447,44.7495240987105
Urban population (% of total population),SP.URB.TOTL.IN.ZS,Small states,SST,34.6104630089198,35.0294436593766,35.4704090512449,35.9242504105675,36.3897077690755,36.8461534169564,37.2956818653606,37.7166116946584,38.1528594118966,38.5922075545523,39.0266001399683,39.4768320374955,39.9610491674149,40.4315366758237,40.9712953261287,41.5201070869576,42.0680898453922,42.5835966018464,43.0885832998818,43.5600711213646,43.9936820176316,44.3093819709317,44.6571485778372,44.9260649368735,45.1968602196856,45.4917189689916,45.809792711095,46.1559226253527,46.4998477916299,46.8327835165635,47.1683911011802,47.406453008453,47.5152165357756,47.6004089120001,47.7510953182237,47.9141174431986,48.0681969443604,48.2169809136141,48.3507165354593,48.7138355108454,49.0559834774638,49.1299103590161,49.1865762132941,49.2749280136857,49.38594459278,49.4604298495372,49.5377659620456,49.6191202224966,49.7266374936188,49.8322692769701,49.9238962017502,50.005682863859,50.11169442468,50.2301369809648,50.3646436439391,50.5130046848984,50.6676584147272,50.8398892098627,51.0083743010062,51.2028404507959,51.4005017222283,51.5703651137917,51.8158557665979,52.0999076695216,52.372312805115
Urban population (% of total population),SP.URB.TOTL.IN.ZS,South Asia,SAS,16.2951712355859,16.403864897369,16.5849838382908,16.7674232617615,16.9518786467483,17.1359422454992,17.321200884358,17.508904986761,17.6985800990214,17.8909818412513,18.0906210444058,18.3293328065553,18.654357258869,18.9728501665329,19.3139023618643,19.6958965789761,20.0894749657954,20.494308953154,20.9100383237611,21.3380273562558,21.7799635954026,22.1616384605184,22.4053149378992,22.6527592168766,22.9045771838561,23.1588347487245,23.4163375396048,23.6766952448789,23.9406481431741,24.2072202988908,24.4750047820451,24.7292363353675,24.9518335687112,25.1758921326025,25.4021139739973,25.6288648344869,25.85859824817,26.0898492534948,26.3229002325186,26.5576573063564,26.7945990826071,27.0774220149628,27.4368938387587,27.7999812501733,28.1674356226398,28.536979721248,28.9094695687906,29.2856928427484,29.6655326792886,30.0474789492246,30.4324114810732,30.8209968765955,31.2204231080542,31.6362001183141,32.0556082920779,32.4847420686569,32.9244292106513,33.3760521966301,33.8381523535219,34.3092492591791,34.7891559819959,35.2793706823099,35.7853207636492,36.3076855606528,36.8396884420978
Urban population (% of total population),SP.URB.TOTL.IN.ZS,South Asia (IDA & IBRD),TSA,16.2951712355859,16.403864897369,16.5849838382908,16.7674232617615,16.9518786467483,17.1359422454992,17.321200884358,17.508904986761,17.6985800990214,17.8909818412513,18.0906210444058,18.3293328065553,18.654357258869,18.9728501665329,19.3139023618643,19.6958965789761,20.0894749657954,20.494308953154,20.9100383237611,21.3380273562558,21.7799635954026,22.1616384605184,22.4053149378992,22.6527592168766,22.9045771838561,23.1588347487245,23.4163375396048,23.6766952448789,23.9406481431741,24.2072202988908,24.4750047820451,24.7292363353675,24.9518335687112,25.1758921326025,25.4021139739973,25.6288648344869,25.85859824817,26.0898492534948,26.3229002325186,26.5576573063564,26.7945990826071,27.0774220149628,27.4368938387587,27.7999812501733,28.1674356226398,28.536979721248,28.9094695687906,29.2856928427484,29.6655326792886,30.0474789492246,30.4324114810732,30.8209968765955,31.2204231080542,31.6362001183141,32.0556082920779,32.4847420686569,32.9244292106513,33.3760521966301,33.8381523535219,34.3092492591791,34.7891559819959,35.2793706823099,35.7853207636492,36.3076855606528,36.8396884420978
Urban population (% of total population),SP.URB.TOTL.IN.ZS,Sub-Saharan Africa,SSF,14.6341713244672,14.9402834081092,15.2560110599408,15.5914295026756,15.9415508229106,16.3035209711675,16.664404401787,17.0346784641697,17.4142915770863,17.8050972348922,18.1853325707524,18.5970565582157,19.0278655398875,19.4601523655385,19.8809929218422,20.3092326314871,20.7439255819682,21.1715949793699,21.6096332606369,22.003271072555,22.3976231726978,22.8322150128794,23.2605432935724,23.7256041565937,24.2367826702448,24.7877592279262,25.3573023712471,25.9220497768072,26.4834497025329,27.0356123072857,27.5805436606209,28.0158355468646,28.4427156706574,28.8755666932935,29.2972967250936,29.6828137180357,30.0142792577738,30.3626153188965,30.7252345340474,31.08804970872,31.4488337826416,31.8752213998274,32.3129877784381,32.7526679350894,33.1968345010602,33.6568130866309,34.1142421629526,34.5296416763426,35.0325560912001,35.5398388477217,36.0550891197715,36.5769429316826,37.0916475647346,37.6114270854122,38.1433506383947,38.6894512800178,39.2247236714653,39.7596127978553,40.2998165075392,40.8329525970643,41.3686297861541,41.9076431495083,42.4493969365686,42.9881232794007,43.5287174561879
Urban population (% of total population),SP.URB.TOTL.IN.ZS,Sub-Saharan Africa (excluding high income),SSA,15.4813848425208,15.7969954709489,16.1227457308378,16.4698671412352,16.832571734797,17.2078124677765,17.5801054095966,17.9621103516936,18.3657030424807,18.7812064237812,19.1844959186843,19.6220189704551,20.0796013652469,20.5376129242522,20.9809109728061,21.4300430008252,21.8868266563592,22.3282862144295,22.7761534001152,23.1703412641715,23.5538752579561,24.005116262689,24.4658168765728,24.953770978415,25.4904128846872,26.0723022480159,26.6762115663484,27.2810448050972,27.8908207840065,28.4906708777797,29.0810914755114,29.5629851431548,30.0345045874746,30.4998694384327,30.9539735424693,31.3733302545455,31.7329930114237,32.1106871060958,32.5022486523755,32.8937166332944,33.2818971827896,33.742099368364,34.2145739362338,34.6887253988797,35.1668476536793,35.6615304774956,36.1524951281218,36.5944327576205,37.1125870311585,37.6338517687268,38.1629317509414,38.6992315898273,39.225860977515,39.756941744972,40.3004154379771,40.8593103499367,41.4068912264933,41.9542528601209,42.5054254418557,43.0487084912522,43.5952496876917,44.1445513751237,44.6956889472847,45.2427648866949,45.7910955791928
Urban population (% of total population),SP.URB.TOTL.IN.ZS,Sub-Saharan Africa (IDA & IBRD countries),TSS,14.6341713244672,14.9402834081092,15.2560110599408,15.5914295026756,15.9415508229106,16.3035209711675,16.664404401787,17.0346784641697,17.4142915770863,17.8050972348922,18.1853325707524,18.5970565582157,19.0278655398875,19.4601523655385,19.8809929218422,20.3092326314871,20.7439255819682,21.1715949793699,21.6096332606369,22.0032710725549,22.3976231726978,22.8322150128794,23.2605432935724,23.7256041565937,24.2367826702448,24.7877592279262,25.3573023712471,25.9220497768072,26.4834497025329,27.0356123072857,27.5805436606209,28.0158355468646,28.4427156706574,28.8755666932935,29.2972967250936,29.6828137180357,30.0142792577738,30.3626153188965,30.7252345340474,31.08804970872,31.4488337826416,31.8752213998274,32.3129877784381,32.7526679350895,33.1968345010602,33.656813086631,34.1142421629526,34.5296416763426,35.0325560912001,35.5398388477217,36.0550891197715,36.5769429316825,37.0916475647346,37.6114270854122,38.1433506383947,38.6894512800178,39.2247236714653,39.7596127978553,40.2998165075392,40.8329525970643,41.3686297861541,41.9076431495083,42.4493969365686,42.9881232794007,43.5287174561879
Urban population (% of total population),SP.URB.TOTL.IN.ZS,Upper middle income,UMC,24.8989893360933,25.6361869732645,26.2936386341788,26.8749477859864,27.4683326758016,27.6273226570075,27.787173528484,27.9713606277491,28.1517004093377,28.3206524545151,28.4835818829275,28.6619843200251,28.8696297962134,29.1488295873719,29.5014696879887,29.8721714750147,30.2292485676854,30.5994399220587,31.1554121083901,31.8975193430745,32.6558617899955,33.4492931844058,34.2489848017302,34.9648477011849,35.7007643940879,36.4335464176787,37.1576782772838,37.8704624446427,38.5791121690771,39.2828603454973,39.9776058156998,40.7279894020779,41.4997525661299,42.2814071157937,43.0683414486199,43.8645108681499,44.6679234847697,45.4779634386196,46.3038472700351,47.1431954639712,48.0028485838759,48.9290185291646,49.9147948276724,50.9125967928276,51.9225000959744,52.9341924501054,53.9229782302226,54.894490459213,55.8744061025032,56.8533836982897,57.8288638787138,58.739769479309,59.621376611654,60.4981478897379,61.3711709586363,62.2388361971036,63.1000058814833,63.950715773199,64.787702639662,65.6044451357591,66.395677535933,67.1643769563542,67.9126119225171,68.6394470063492,69.3460465073936
Urban population (% of total population),SP.URB.TOTL.IN.ZS,World,WLD,33.6513215497821,34.1368087915671,34.5665624881,34.9418512614261,35.324654158142,35.5400946352421,35.7366419321331,35.9458745314618,36.1511696364289,36.3478850692389,36.5355531621223,36.7327552799716,36.9422697332405,37.1715253681946,37.4304887811548,37.6565959291493,37.908177647821,38.1671438425655,38.5035933448801,38.9065293840654,39.316794539441,39.7412674893274,40.1191962445924,40.4611417424096,40.816257984505,41.1746251998605,41.5386821435824,41.905895525848,42.2724834691009,42.6293956605706,42.9865121941101,43.3481589451324,43.7088009082786,44.0639006806526,44.4218451583491,44.7775946824693,45.1286132494186,45.4841675554663,45.8474044437261,46.2157291499285,46.5947279272757,47.0391420916467,47.5301749848121,48.0243050585955,48.5246693011157,49.0288904197989,49.5243255576513,50.0095492883941,50.5079440259338,50.9982568321664,51.4781088042592,51.9239897157904,52.3653340141834,52.8176002224882,53.2720421527374,53.7372524306533,54.1987359505442,54.6501253213613,55.0928852332806,55.5315178075519,55.9623738261611,56.3752739801048,56.815715402616,57.2603934495146,57.7006387971638
Population in urban agglomerations of more than 1 million (% of total population),EN.URB.MCTY.TL.ZS,Afghanistan,AFG,3.15828048632419,3.25978179271882,3.36200925396032,3.46534906028818,3.57011052627396,3.67485757285168,3.78158058403169,3.88433840261513,3.98220792155972,4.08067813403315,4.17967803376543,4.28178819462905,4.45859249300809,4.7142708269675,4.98556153931225,5.27834999249254,5.60025531684856,5.94552512616227,6.32033742790348,6.82789663732015,7.42502018518661,8.58916894469658,9.78251316622902,10.3275037456556,10.5672622551422,10.8512913267801,11.3860820866835,11.9296339298714,12.3180360344755,12.4886728142827,12.8620598622242,13.2258599827648,12.7365487725181,11.8241963620575,11.3596357199531,11.3014914710302,11.3446536239451,11.4095036708848,11.4799867390369,11.555127934056,11.9278191556451,12.3665896005222,12.2592836403693,12.0448471298329,12.0287874861199,11.9042390713181,11.7140103399555,11.7832321080028,11.8184823239934,11.6812466392663,11.6284636213668,11.4886416342973,11.3105109765257,11.2047091229137,11.0765158264889,11.0060563203267,11.0005005099046,10.965014786796,10.9184490700402,10.8675423982293,10.8053297220795,10.8393133550724,10.9857299525699,11.0690928841684,11.087132626697
Population in urban agglomerations of more than 1 million (% of total population),EN.URB.MCTY.TL.ZS,Albania,ALB,..,..,..,..,..,..,..,..,..,..,..,..,..,..,..,..,..,..,..,..,..,..,..,..,..,..,..,..,..,..,..,..,..,..,..,..,..,..,..,..,..,..,..,..,..,..,..,..,..,..,..,..,..,..,..,..,..,..,..,..,..,..,..,..,..
Population in urban agglomerations of more than 1 million (% of total population),EN.URB.MCTY.TL.ZS,Algeria,DZA,7.62925121064284,7.8580720091517,8.07654855771712,8.29631288892331,8.51306994614778,8.74491427122291,8.93771114360056,9.02721612212625,9.11529784445213,9.20339627009875,9.29449446843773,9.3862118389643,9.47550549411551,9.55942013169323,9.63808641251708,9.60964872109722,9.48487949116256,9.35373508006644,9.14779447321964,8.93421756972121,8.71406910044481,8.48815943474287,8.26073496700038,8.03470065227284,7.81329645600743,7.59857171832903,7.39797794719738,7.24770624200422,7.18059858140779,7.1252098357126,7.08181531939276,7.0454058515169,7.00574285481668,6.96797542021409,6.9440191708915,6.93010454338013,6.92407933525675,6.92418323205136,6.94272897507973,6.93496570919928,6.92656099993616,6.91974947289798,6.91603228702489,6.91237127211498,6.90421801500698,6.89122244965448,6.87301020898891,6.8460923696386,6.80919279543094,6.76568580641916,6.72047955031574,6.67492047340059,6.62728842028694,6.57824165982913,6.52835856704207,6.47766244325364,6.42739696075376,6.3790302638574,6.33699513481168,6.30408504572377,6.28412715463487,6.27589148336148,6.27555596914326,6.2858422883749,6.30601011981209
Population in urban agglomerations of more than 1 million (% of total population),EN.URB.MCTY.TL.ZS,American Samoa,ASM,..,..,..,..,..,..,..,..,..,..,..,..,..,..,..,..,..,..,..,..,..,..,..,..,..,..,..,..,..,..,..,..,..,..,..,..,..,..,..,..,..,..,..,..,..,..,..,..,..,..,..,..,..,..,..,..,..,..,..,..,..,..,..,..,..
Population in urban agglomerations of more than 1 million (% of total population),EN.URB.MCTY.TL.ZS,Andorra,AND,..,..,..,..,..,..,..,..,..,..,..,..,..,..,..,..,..,..,..,..,..,..,..,..,..,..,..,..,..,..,..,..,..,..,..,..,..,..,..,..,..,..,..,..,..,..,..,..,..,..,..,..,..,..,..,..,..,..,..,..,..,..,..,..,..
Population in urban agglomerations of more than 1 million (% of total population),EN.URB.MCTY.TL.ZS,Angola,AGO,4.19421850145289,4.3974412925347,4.69477859892311,5.01151928879948,5.34890185859305,5.70643035533806,6.08737686302291,6.49332740379102,6.92729881061582,7.38945657162041,7.84626061972516,8.15526091860896,8.32569139437231,8.4645633548135,8.60228987745577,8.74629015831922,8.90066298554956,9.05202895558232,9.1976569323933,9.34275086664593,9.48317111456881,9.61910624807438,9.75420857877282,9.88798503751466,10.227885520316,10.5803078395602,10.9525368733018,11.3542686517573,11.7801741984447,12.2183069328621,12.6767793187206,13.1568443840407,13.6680164511219,14.2074360330658,14.6457551998662,15.0827699543744,15.5276987684614,15.9807708009317,16.4564952237461,16.9551168409742,17.4673842684371,17.9845679351448,18.5087067821296,19.0317755880166,19.5515446073458,20.0716276226195,20.5993681127303,21.1287923162725,21.6659611083267,22.2077778793477,22.7538348109505,23.3047318826648,23.8720695239547,24.4572114094755,24.9969247925197,24.9423126055525,24.8961092852808,24.8565735706415,24.8399574977342,24.8481172506532,24.9013934715274,24.9964345108767,25.1227408850993,25.2853327026197,25.4739757844677
Population in urban agglomerations of more than 1 million (% of total population),EN.URB.MCTY.TL.ZS,Antigua and Barbuda,ATG,..,..,..,..,..,..,..,..,..,..,..,..,..,..,..,..,..,..,..,..,..,..,..,..,..,..,..,..,..,..,..,..,..,..,..,..,..,..,..,..,..,..,..,..,..,..,..,..,..,..,..,..,..,..,..,..,..,..,..,..,..,..,..,..,..
Population in urban agglomerations of more than 1 million (% of total population),EN.URB.MCTY.TL.ZS,Argentina,ARG,41.0420461644228,41.3371654415873,41.5919240482566,41.8544042129233,42.1343292364765,42.4335975609232,42.7508138566439,43.0735321137596,43.3986435676372,43.7218357059219,44.038432843306,44.1593855319211,44.2141493977844,44.25233086075,44.2794178517864,44.3229828183056,44.3869012444619,44.4408795585167,44.4894246893299,44.5391554503726,44.5919218597898,44.5002397593392,44.3470502376171,44.1957206975172,44.0501893089239,43.9125868456356,43.7840378969479,43.6606605917557,43.5366280212049,43.4198152468282,43.3216140200204,43.2370294406664,43.108072360605,42.9915458849145,42.8818896077255,42.785373375892,42.7124075426131,42.6566572616381,42.6183973435138,42.5898585018346,42.5705643340955,42.5650910004233,42.6316869110749,42.7512399581077,42.8802427334189,43.0024854916092,43.1256887725453,43.2654760206366,43.3972090147701,43.5075303579153,43.6205780691441,43.5580098661272,43.4294961536319,43.3160323893961,43.1870591697378,43.0523077344874,42.95257758185,42.8903146689552,42.8536369214905,42.870875081562,42.9952979473232,43.2272919564566,43.4978368523683,43.7489867068455,43.9852833145123
Population in urban agglomerations of more than 1 million (% of total population),EN.URB.MCTY.TL.ZS,Armenia,ARM,28.8542982929165,28.9558823834595,29.0849625619261,29.243203991395,29.4356727283876,29.6618253508485,29.9295374904448,30.2386747169654,30.5935955399336,31.0091459264118,31.432688124613,31.8020706081743,32.1644776896634,32.5159073458869,32.8643244138629,33.2109299257197,33.3712539897416,33.3207224459262,33.2480640147212,33.3288831155163,33.5194043923969,33.7230400826192,33.9328212689653,34.1401436736321,34.3029889159625,34.4383811715748,34.5946564438349,34.7631680146131,35.0104094482322,34.3016467718045,33.0653625094591,32.3201835540182,32.5206104044922,33.4514897496099,34.1441652970181,34.5412553766635,34.6526327989301,34.8061432608126,35.0228665307111,35.2817838363823,34.5006674738443,34.4099570334392,34.3863991499469,34.4350981932443,34.4879775032386,34.5522819730486,34.6265549550702,34.7067966788955,34.7951799423407,34.8947488584475,34.9972740409879,35.0519171703161,35.1271783340498,35.2503309066843,35.4456500099542,35.6541636157891,35.9015473047489,36.1582533395986,36.3867969013136,36.567864978903,36.6798919466487,36.7680856091551,36.7785262023441,36.9332726107344,36.1807153453107
Population in urban agglomerations of more than 1 million (% of total population),EN.URB.MCTY.TL.ZS,Aruba,ABW,..,..,..,..,..,..,..,..,..,..,..,..,..,..,..,..,..,..,..,..,..,..,..,..,..,..,..,..,..,..,..,..,..,..,..,..,..,..,..,..,..,..,..,..,..,..,..,..,..,..,..,..,..,..,..,..,..,..,..,..,..,..,..,..,..
Population in urban agglomerations of more than 1 million (% of total population),EN.URB.MCTY.TL.ZS,Australia,AUS,54.1999461488602,54.6152723457026,54.6622323589648,54.9989315068493,55.3179278230501,55.6393484369512,55.790052356021,57.7117382829053,59.4116829044883,60.960523526054,62.6385224274406,63.4589935842931,63.1031190711088,62.9432137518685,62.1603803832981,62.1923414669258,62.3688234874938,62.3037415445321,62.2185750104471,62.1861650819898,62.070283147291,61.743231706745,61.4874744858932,61.4585585370214,61.53578146925,61.5316317539202,61.4603938607909,61.4301365099115,61.3322793071736,61.1990746511803,61.1992303837393,61.325728550901,61.2923034321616,61.3998746116204,61.4650286080658,61.4393362866805,61.3533824602531,60.823543914068,60.3519941116482,59.8279717954203,59.2808049608168,58.6600850513842,58.7386747821644,58.8117472485942,58.9355081558856,58.9718838089842,58.9343750314777,59.0290480593512,59.021142396944,58.9777643962864,59.2358346477243,59.5951776954224,59.6872496119707,59.792264216444,60.0378919704413,60.3172951623478,60.5264531834214,60.6859961220836,60.939012848403,60.9701799412398,61.1256283225146,61.9236241957108,61.9953972413508,61.3278908985732,60.8705468213359
Population in urban agglomerations of more than 1 million (% of total population),EN.URB.MCTY.TL.ZS,Austria,AUT,23.0821567642265,22.9647944575864,22.8138292679916,22.6571881561541,22.496148495785,22.340060479537,22.1735641279388,21.9981895074392,21.8740370550326,21.7884829503343,21.7024017133323,21.5804530962143,21.3349697337067,21.0983355775651,20.9444011202471,20.882336137565,20.801847855899,20.6774720780928,20.578223174019,20.4977995012865,20.3827227819626,20.234121798827,20.2308116829105,20.2747321774525,20.2872497465428,20.2889364618701,20.2872627709552,20.2856499351912,20.2681707303729,20.1882206692323,20.0460545595447,19.8581772458182,19.6539114001043,19.5054589556586,19.4434482955017,19.4266229741838,19.4133396121657,19.4042299732142,19.3958496332296,19.3710239975256,19.3373804821679,19.3089209756471,19.4811108250143,19.6557795351874,19.8059928296324,19.9444470710317,20.0372225617245,20.1425064013722,20.3163469645362,20.5014956271021,20.693117300085,20.8663547770085,21.0163925441913,21.1385898031126,21.22102098251,21.2315851795834,21.2509162531986,21.3519966772628,21.4981334244893,21.5693159397832,21.6437527812469,21.7167718294642,21.6772317968965,21.6307785541036,21.6864509839427
Population in urban agglomerations of more than 1 million (% of total population),EN.URB.MCTY.TL.ZS,Azerbaijan,AZE,25.8132494543587,25.4446517950936,25.2911003682689,25.1425976173563,24.9027200540632,24.7456963920737,24.6219640410777,24.5675289735099,24.5665757300192,24.5858827247052,24.6381608839822,24.6803774406345,24.7453653469846,24.846338666521,24.9672333351209,25.1199233615454,25.294499221588,25.4612629017299,25.6158396291927,25.6547362179434,25.5545329112897,25.4265670568495,25.2955619696267,25.1618935570761,25.0134518906491,24.893353222941,24.7878675981862,24.6706567665646,24.5805064089697,24.4060170563339,24.1589363362694,23.9272619751626,23.6550280748573,23.3846933874153,23.1562617240721,22.9743326154707,22.8267551204431,22.6905878225369,22.5588525211677,22.4726566659359,22.4383992247099,22.4142543643357,22.3967474103488,22.3766896199949,22.330524288208,22.251362929509,22.2082255393627,22.2107023411371,22.1948330556633,22.3816543263662,22.7718952651615,22.9439898171629,22.9100633147242,22.8835248828132,22.8677287309313,22.8649811422355,22.8793709081503,22.9243295613075,22.9957913517323,23.0753461369756,23.1984041408005,23.3856230425883,23.6754660632735,23.9542452312684,24.1517027105172
Population in urban agglomerations of more than 1 million (% of total population),EN.URB.MCTY.TL.ZS,"Bahamas, The",BHS,..,..,..,..,..,..,..,..,..,..,..,..,..,..,..,..,..,..,..,..,..,..,..,..,..,..,..,..,..,..,..,..,..,..,..,..,..,..,..,..,..,..,..,..,..,..,..,..,..,..,..,..,..,..,..,..,..,..,..,..,..,..,..,..,..
Population in urban agglomerations of more than 1 million (% of total population),EN.URB.MCTY.TL.ZS,Bahrain,BHR,..,..,..,..,..,..,..,..,..,..,..,..,..,..,..,..,..,..,..,..,..,..,..,..,..,..,..,..,..,..,..,..,..,..,..,..,..,..,..,..,..,..,..,..,..,..,..,..,..,..,..,..,..,..,..,..,..,..,..,..,..,..,..,..,..
Population in urban agglomerations of more than 1 million (% of total population),EN.URB.MCTY.TL.ZS,Bangladesh,BGD,1.67439983977977,1.72413618459215,1.83395405044931,1.95097719997107,2.07608758539728,2.20911911901401,2.35177973480247,2.50333135577343,2.66549755874929,2.84092225395043,3.03659945668982,3.27382631964895,3.52457630051088,3.75883854075404,3.98014365840803,4.15884656208874,4.35011980041204,4.55202338263069,4.76653050963197,4.99321278278559,5.23253657907878,5.45718444565112,5.6475880435372,5.84941200336854,6.06682621553025,6.29897562511954,6.5492234992367,6.81802242738092,7.10758882199755,7.41532787324691,7.74275212926933,8.04424866792248,8.24873668623703,8.4593594845646,8.67672441991914,8.89940788922578,9.13121738809316,9.36564925368482,9.6034771230624,9.84631407628293,10.1033061942184,10.3269568741269,10.497212993557,10.680157134602,10.8774418056417,11.0890652938167,11.3170492026306,11.5601009959654,11.8185208123855,12.0902054548747,12.3760524509862,12.6651329664492,12.9550447639162,13.2547781353096,13.5656934331291,13.8868681995608,14.2164108817497,14.5603915234511,14.9177489617476,15.2796787373807,15.6500260039169,16.0288826738611,16.3715652877836,16.6733410319969,16.9675385384818
Population in urban agglomerations of more than 1 million (% of total population),EN.URB.MCTY.TL.ZS,Barbados,BRB,..,..,..,..,..,..,..,..,..,..,..,..,..,..,..,..,..,..,..,..,..,..,..,..,..,..,..,..,..,..,..,..,..,..,..,..,..,..,..,..,..,..,..,..,..,..,..,..,..,..,..,..,..,..,..,..,..,..,..,..,..,..,..,..,..
Population in urban agglomerations of more than 1 million (% of total population),EN.URB.MCTY.TL.ZS,Belarus,BLR,6.71761405220786,7.02234109228921,7.33542003714591,7.65899290193751,7.99665752565864,8.35003484320558,8.71982232844125,9.10412072052056,9.50730808721387,9.93137063206784,10.3049336283186,10.6028955273918,10.9133800444185,11.2386888923648,11.584848604531,11.9560691790328,12.3472425884603,12.7394272429462,13.1313385826772,13.4552378964942,13.6856891009022,13.9082595262616,14.1370090016367,14.3687188865183,14.6053784056509,14.8486315789474,15.092552026287,15.3411828701414,15.6550986193294,15.8347689282203,15.8748528365112,15.9379638122238,15.9736680086175,16.0090926404305,16.0991712586982,16.2231745847072,16.3502408419097,16.4911099485413,16.6390901157997,16.8139129595288,17.0385015045678,17.2729066452711,17.5324067147613,17.8070500734478,18.0830277366856,18.3630029858499,18.6343483821423,18.8733487132507,19.0864700143839,19.2823819835126,19.5067797460859,19.7498151219614,19.9806263176369,20.1896897146532,20.3819542012687,20.5602724256734,20.7497978484122,20.9818935194871,21.2386657816658,21.4090107198083,21.6216884691947,21.9167252973233,22.199384898534,22.4143626628815,22.6056284673745
Population in urban agglomerations of more than 1 million (% of total population),EN.URB.MCTY.TL.ZS,Belgium,BEL,25.1023735321034,25.1583850431209,25.19420149149,25.1380604686661,25.0324025739506,24.9363909359871,24.8988041004609,24.8908176617638,24.9236907558524,24.9837549782128,25.0904220982152,25.1665484357649,25.1802908316913,25.2131451119515,25.2462363719771,25.2858979460651,25.3537731405069,25.4355741672887,25.525558425836,25.6167561331394,25.7032437179248,25.8023495732115,25.8753510317205,25.943562592334,26.0103728200214,26.0690272610675,26.1263662915061,26.1708587658611,26.1545938137267,26.1263147789674,26.1151301661149,26.084818350488,26.045742635407,26.0104764997682,25.9967695450286,26.0170087022437,26.14236385528,26.2556396590004,26.3772115046857,26.4952472610403,26.6105596878429,26.6988315833169,26.7597554773471,26.8288291987005,26.8945797373166,26.9284295818809,26.9331087590603,26.9177183620844,26.8876588204284,26.853266148554,26.7899771522156,26.6235705179728,26.6392375500273,26.6941603617468,26.7568360121641,26.7833821586923,26.8298718377976,26.9085405231294,26.9686220087872,27.0049647575329,27.0679104681988,27.1297091063977,27.0735971356679,26.9711793663467,26.8864944256235
Population in urban agglomerations of more than 1 million (% of total population),EN.URB.MCTY.TL.ZS,Belize,BLZ,..,..,..,..,..,..,..,..,..,..,..,..,..,..,..,..,..,..,..,..,..,..,..,..,..,..,..,..,..,..,..,..,..,..,..,..,..,..,..,..,..,..,..,..,..,..,..,..,..,..,..,..,..,..,..,..,..,..,..,..,..,..,..,..,..
Population in urban agglomerations of more than 1 million (% of total population),EN.URB.MCTY.TL.ZS,Benin,BEN,..,..,..,..,..,..,..,..,..,..,..,..,..,..,..,..,..,..,..,..,..,..,..,..,..,..,..,..,..,..,..,..,..,..,..,..,..,..,..,..,..,..,..,..,..,..,..,..,..,..,..,..,..,..,..,..,..,..,..,..,..,..,..,..,..
Population in urban agglomerations of more than 1 million (% of total population),EN.URB.MCTY.TL.ZS,Bermuda,BMU,..,..,..,..,..,..,..,..,..,..,..,..,..,..,..,..,..,..,..,..,..,..,..,..,..,..,..,..,..,..,..,..,..,..,..,..,..,..,..,..,..,..,..,..,..,..,..,..,..,..,..,..,..,..,..,..,..,..,..,..,..,..,..,..,..
Population in urban agglomerations of more than 1 million (% of total population),EN.URB.MCTY.TL.ZS,Bhutan,BTN,..,..,..,..,..,..,..,..,..,..,..,..,..,..,..,..,..,..,..,..,..,..,..,..,..,..,..,..,..,..,..,..,..,..,..,..,..,..,..,..,..,..,..,..,..,..,..,..,..,..,..,..,..,..,..,..,..,..,..,..,..,..,..,..,..
Population in urban agglomerations of more than 1 million (% of total population),EN.URB.MCTY.TL.ZS,Bolivia,BOL,17.7969345192194,18.103617325499,18.4155616095739,18.7308529028186,19.0509759393248,19.3732730286369,19.7001583502994,20.0297164497183,20.3633949305345,20.7005341969845,21.0469476101359,21.4019344990203,21.7685021676833,22.1423567268136,22.5256671262674,22.9191836791896,23.3200025263978,23.719755069838,24.1338901765095,24.5661355863032,25.0205594818455,25.4944159491613,25.9943523590881,26.5187849850221,27.0665668237537,27.6352692448862,28.2286139337493,28.8399324463454,29.4708454733723,30.1204451710355,30.798517056182,31.5060157639346,32.2340604785571,32.751275036465,33.2979782646562,33.8732031641683,34.4771505818691,35.1078245326216,35.7700477085532,36.4559423703097,37.1716223624343,37.9131736636407,38.1493210102294,38.2705978543096,38.3919688727655,38.5120792619911,38.6279051962315,38.7433873358965,38.8706141130042,39.0066067475184,39.1539571680197,39.3120099674082,39.4825428043706,39.6635166244048,39.8585919589178,40.0673644913777,40.2898384797165,40.5267375533371,40.7780755707499,40.9798459240402,41.251427371633,41.6096021230825,41.9053859874603,42.1097357523698,42.3093267189304
Population in urban agglomerations of more than 1 million (% of total population),EN.URB.MCTY.TL.ZS,Bosnia and Herzegovina,BIH,..,..,..,..,..,..,..,..,..,..,..,..,..,..,..,..,..,..,..,..,..,..,..,..,..,..,..,..,..,..,..,..,..,..,..,..,..,..,..,..,..,..,..,..,..,..,..,..,..,..,..,..,..,..,..,..,..,..,..,..,..,..,..,..,..
Population in urban agglomerations of more than 1 million (% of total population),EN.URB.MCTY.TL.ZS,Botswana,BWA,..,..,..,..,..,..,..,..,..,..,..,..,..,..,..,..,..,..,..,..,..,..,..,..,..,..,..,..,..,..,..,..,..,..,..,..,..,..,..,..,..,..,..,..,..,..,..,..,..,..,..,..,..,..,..,..,..,..,..,..,..,..,..,..,..
Population in urban agglomerations of more than 1 million (% of total population),EN.URB.MCTY.TL.ZS,Brazil,BRA,21.3133490981656,21.7988078001865,22.3135769558921,22.8534590146674,23.4253124624372,24.0311582356175,24.6809382456631,25.3766982485292,26.1211980352043,26.9044601562089,27.7298594795437,28.3137352576789,28.8644478564801,29.4331654310969,30.0296361179155,30.6513188377968,31.2948588469079,31.9545494509108,32.6387478745632,33.3495735766185,34.0926661272114,34.27643506822,34.3642064365639,34.4728333892583,34.6044271870141,34.7584497562808,34.9440989379727,35.1635042638903,35.4160183588603,35.6967277087048,36.0070976875698,36.3511546894651,36.5716649543897,36.7809168553068,37.0167631174421,37.2665556592045,37.5319666931602,37.8108818657565,38.0961352752818,38.3991386048073,38.7409341278292,38.8370730516229,38.9336378442899,39.0553760333807,39.1990567649371,39.3560817434579,39.5304587109309,39.7251961683632,39.9453279009018,40.1911691449776,40.4626290531159,40.7116620800477,40.961515640666,41.2127232106115,41.469023332254,41.7340205652712,42.0150592481141,42.3116254833914,42.6304296965064,42.834001297599,43.05981905316,43.3358385075804,43.6221258395756,43.8732652097644,44.0995746702503
Population in urban agglomerations of more than 1 million (% of total population),EN.URB.MCTY.TL.ZS,British Virgin Islands,VGB,..,..,..,..,..,..,..,..,..,..,..,..,..,..,..,..,..,..,..,..,..,..,..,..,..,..,..,..,..,..,..,..,..,..,..,..,..,..,..,..,..,..,..,..,..,..,..,..,..,..,..,..,..,..,..,..,..,..,..,..,..,..,..,..,..
Population in urban agglomerations of more than 1 million (% of total population),EN.URB.MCTY.TL.ZS,Brunei Darussalam,BRN,..,..,..,..,..,..,..,..,..,..,..,..,..,..,..,..,..,..,..,..,..,..,..,..,..,..,..,..,..,..,..,..,..,..,..,..,..,..,..,..,..,..,..,..,..,..,..,..,..,..,..,..,..,..,..,..,..,..,..,..,..,..,..,..,..
Population in urban agglomerations of more than 1 million (% of total population),EN.URB.MCTY.TL.ZS,Bulgaria,BGR,8.99996618948076,9.14699995644028,9.30446804458685,9.47080053650931,9.63989715557062,9.81958194907759,9.97111063776867,10.0986062232243,10.2195886710517,10.3356440916785,10.4651776402444,10.6074519747505,10.7610480166041,10.9102609950833,11.0455371139491,11.2032210103223,11.3691013825385,11.5269071531112,11.7349244931264,11.9439062581436,12.1244682777871,12.3156291835998,12.5148234524708,12.7231245479454,12.9372450458274,13.1852887998913,13.3125165840214,13.2878864840879,13.2678969511146,13.4189451087601,13.65797807345,13.7886746474055,13.9322265942434,13.9856612946193,13.9353978656711,13.9000200688384,13.874341042131,13.8618813031847,13.857401657255,13.8381565152661,13.8095746331901,13.9891513972408,14.4526825466518,14.7384540868828,14.9979136591826,15.2612387145429,15.4921930235171,15.7114764109971,15.9568670845656,16.1963762769088,16.4419812377605,16.6884630081836,16.9283323259267,17.3846247314073,17.6746345410777,17.9796756261432,18.2950474308685,18.620503543193,18.9607554869033,19.2986229141119,19.5546854868551,19.7364621676483,19.903630216221,19.981304862287,19.9793121619722
Population in urban agglomerations of more than 1 million (% of total population),EN.URB.MCTY.TL.ZS,Burkina Faso,BFA,1.23730256071783,1.30130126000779,1.36848554131251,1.43873496257126,1.51203876763595,1.58778675730419,1.66685980901245,1.74922855209611,1.83503474300951,1.94265484311496,2.05646610237164,2.17736548307034,2.30569320953831,2.43952606316012,2.5786468962825,2.72237692655422,2.90316186181811,3.11436124126461,3.33593587846671,3.56981760383021,3.8169806704184,4.07829058588953,4.35672230595446,4.65082771066419,4.96279329965457,5.29425551582607,5.4957638658247,5.58324363562064,5.67523095136827,5.76989017702264,5.86767235600407,5.9729960683931,6.08477792980261,6.19670567813307,6.30885760462625,6.42032202267472,6.53446687303666,6.76054439350652,7.07559624591572,7.39302222873438,7.72130684834053,8.05716079242287,8.40516250545998,8.76575727084023,9.14028357250784,9.52872006656846,9.93730427369919,10.220131102845,10.3994778377612,10.5826162665389,10.7689624787763,10.9552219349669,11.1386619615663,11.3255703781698,11.5195122883776,11.7181175521517,11.9245418740124,12.1433677314433,12.3854845376482,12.6549283196527,12.9446023011645,13.2511334382621,13.5758267412406,13.9145060735412,14.2637277063301
Population in urban agglomerations of more than 1 million (% of total population),EN.URB.MCTY.TL.ZS,Burundi,BDI,..,..,..,..,..,..,..,..,..,..,..,..,..,..,..,..,..,..,..,..,..,..,..,..,..,..,..,..,..,..,..,..,..,..,..,..,..,..,..,..,..,..,..,..,..,..,..,..,..,..,..,..,..,..,..,..,..,..,..,..,..,..,..,..,..
Population in urban agglomerations of more than 1 million (% of total population),EN.URB.MCTY.TL.ZS,Cabo Verde,CPV,..,..,..,..,..,..,..,..,..,..,..,..,..,..,..,..,..,..,..,..,..,..,..,..,..,..,..,..,..,..,..,..,..,..,..,..,..,..,..,..,..,..,..,..,..,..,..,..,..,..,..,..,..,..,..,..,..,..,..,..,..,..,..,..,..
Population in urban agglomerations of more than 1 million (% of total population),EN.URB.MCTY.TL.ZS,Cambodia,KHM,7.14279685414551,7.03441360949804,6.9602099706576,7.02892490309994,7.10464772497561,7.18017538361563,7.25662255500197,8.45014577738253,9.84252528557406,11.4585694332467,13.555886854736,16.1768979350177,19.1031581899961,22.5064045630342,26.6121352038259,1.51944025036729,1.62999424123035,1.76411926081286,1.91877701757964,1.96509673778221,4.58217048419653,7.072104335419,7.10734540595744,7.08766167577711,7.06618875208144,7.06511137147049,7.3074202001275,7.53420646938001,7.80305207828404,8.0826349376042,8.33926347624978,8.31752928702915,8.19308763388714,8.01960823227292,8.2258326025672,8.34341718123986,8.51261009122075,8.7386532966692,9.01942607723409,9.11239615478278,9.21739712362113,9.32557168773133,9.43718596952014,9.55312280284497,9.67446601973268,9.79818593395649,9.92204869731186,10.0475155995223,10.1831226275003,10.3396487030366,10.5011776651735,10.6692615915793,10.8420326816475,11.0181350183201,11.1985226513713,11.3843847224883,11.5735242530927,11.7748472442497,11.9962294437895,12.2199978836626,12.4227092158943,12.6284463487607,12.8559439739877,13.0923651907612,13.3380948058771
Population in urban agglomerations of more than 1 million (% of total population),EN.URB.MCTY.TL.ZS,Cameroon,CMR,4.42071099427667,4.64806853928016,4.87228909343613,5.04429204656433,5.22181032533998,5.551576370724,5.90038707997454,6.26750994342279,6.65365843147325,7.05539398503564,7.45839440118466,7.8804022940616,8.32408777482521,8.78856482950436,9.27836656642455,9.79481203495414,10.2962347008316,10.6296144898846,10.9592193932017,11.2908924065988,11.581668657726,11.8482229151498,12.2604328119798,12.729891072517,13.1226465892946,13.498816295882,13.8830568583056,14.2464541374977,14.539921879036,14.8457407674176,15.1568843171808,15.4796017546657,15.8186753296359,16.166225388527,16.5294453645179,16.9117685348014,17.3138134369486,17.730417835977,18.1593243057902,18.5980926861979,19.0530430210471,19.5180766962191,19.9853066936767,20.4547119676937,20.9328721066396,21.417903113831,21.91774811832,22.4167939804196,22.9147957775082,23.4237003775353,23.9462792122011,24.488204605862,25.0467802514896,25.6196601723098,26.149451404864,26.6605132253009,27.2229520382332,27.8407935876597,28.4916950609043,28.8501395450774,29.2082221217877,29.5645770035531,29.9040403874081,30.2138708258404,30.5073276293048
Population in urban agglomerations of more than 1 million (% of total population),EN.URB.MCTY.TL.ZS,Canada,CAN,30.0983519452067,30.7780088665098,31.309154399914,31.8537913942206,32.407637774903,32.9985313548125,33.5827813248204,34.1182637664119,34.7304569996143,35.4421485638197,36.158455261677,36.260465333991,36.3068543490159,36.3319225510728,36.2970635395024,36.2416425505898,36.2438916344219,36.3292634112095,36.4838832271295,36.6459842396832,36.7040839639403,36.7966086910451,37.0348906327848,37.3531795993062,37.6953841584192,38.0537878554527,38.4027863611261,38.7952311905791,39.2022849424489,39.4153511002636,39.7454701933882,40.1596865902783,40.2782230640129,40.4317114130693,40.5901168535354,40.7758248146366,40.963031748027,41.1862483008397,41.4809591707532,41.7863935098009,42.0466483932434,42.2473719695992,42.4844939438664,42.8027706188845,43.1106772397604,43.4128565780344,43.6911045904889,44.0012714325441,44.2652001374668,44.5022577860307,44.7572365526431,45.0541758067255,45.1765377601355,45.3129005017874,45.4757633515725,45.7510339453589,45.8599466757912,45.9414408097398,45.9154734680203,45.7520801935325,45.7553278663306,45.9939684931934,45.6499155767009,44.8021259828612,43.9341281596888
Population in urban agglomerations of more than 1 million (% of total population),EN.URB.MCTY.TL.ZS,Cayman Islands,CYM,..,..,..,..,..,..,..,..,..,..,..,..,..,..,..,..,..,..,..,..,..,..,..,..,..,..,..,..,..,..,..,..,..,..,..,..,..,..,..,..,..,..,..,..,..,..,..,..,..,..,..,..,..,..,..,..,..,..,..,..,..,..,..,..,..
Population in urban agglomerations of more than 1 million (% of total population),EN.URB.MCTY.TL.ZS,Central African Republic,CAF,..,..,..,..,..,..,..,..,..,..,..,..,..,..,..,..,..,..,..,..,..,..,..,..,..,..,..,..,..,..,..,..,..,..,..,..,..,..,..,..,..,..,..,..,..,..,..,..,..,..,..,..,..,..,..,..,..,..,..,..,..,..,..,..,..
Population in urban agglomerations of more than 1 million (% of total population),EN.URB.MCTY.TL.ZS,Chad,TCD,2.33717331871398,2.54718348352334,2.77623301186107,2.92304155783647,3.07696587038043,3.23639241069047,3.40576296396614,3.58442553424358,3.77197559352652,3.96665345608312,4.16915694608228,4.38064505284037,4.59769878754317,4.8924097363989,5.20969724075093,5.55517160783388,5.93367153600419,6.34434733787246,6.78760275161934,6.90877847482035,7.16634632228483,7.440279816738,7.37945034307393,7.3005123385009,7.49030999109045,7.70799186620643,7.77660701087721,7.80579036608622,7.84474266042994,7.88272567842455,7.97085594734133,7.98850922929267,7.9598514577454,8.07654560632697,8.1837265698133,8.1195486456322,8.0544575058825,8.06754201820356,8.08199938530062,8.09058576222788,8.10397630758968,8.12354528400554,8.13461366324887,8.10404230344274,8.0370373655902,8.00360802363108,8.00534333405813,8.01933103885158,8.02936766357368,8.03269514402265,8.04504338044641,8.05182470838684,8.06001938687751,8.06363764316896,8.06722092079332,8.10207336740895,8.14070847134784,8.16581757421977,8.18665219656373,8.21999202527889,8.25877219540637,8.27962977681574,8.30431730348047,8.24224196368934,8.15610605443398
Population in urban agglomerations of more than 1 million (% of total population),EN.URB.MCTY.TL.ZS,Channel Islands,CHI,..,..,..,..,..,..,..,..,..,..,..,..,..,..,..,..,..,..,..,..,..,..,..,..,..,..,..,..,..,..,..,..,..,..,..,..,..,..,..,..,..,..,..,..,..,..,..,..,..,..,..,..,..,..,..,..,..,..,..,..,..,..,..,..,..
Population in urban agglomerations of more than 1 million (% of total population),EN.URB.MCTY.TL.ZS,Chile,CHL,24.2836012191308,24.5895818302946,24.7857052657867,24.9912804216401,25.2116109369213,25.4471072584766,25.6995474269424,25.9676311932295,26.2519028418715,26.5458382307458,26.8823618555126,27.3569210508885,27.846964788468,28.3486496894403,28.8687590884174,29.4049163763233,29.9570382712118,30.5222861366193,31.107105313445,31.7104857158151,32.3293551316195,32.9603756988032,33.5091501301158,33.6460798969711,33.7759844518225,33.8958622455623,34.0083584652338,34.1090292138872,34.1981921660529,34.2783373899594,34.3518533953861,34.4270089546628,34.5331010084067,34.7101843702392,34.9065565745681,35.1187870683642,35.3514710080313,35.6104035015323,35.885755753365,36.1783586509395,36.4970086047562,36.8312204485009,37.1018276350784,37.0081858365109,36.9288879284665,36.8551888098303,36.7879415077477,36.7199487559098,36.6450228481664,36.565898661184,36.4889161948016,36.4186319172587,36.3587118735822,36.3002081867332,36.2265861965792,36.1441685540341,35.9942598822229,35.7109711648361,35.3586167630444,35.0224276352471,34.9354930434869,35.0096528976117,35.0684108595719,35.1159771166501,35.168391275568
Population in urban agglomerations of more than 1 million (% of total population),EN.URB.MCTY.TL.ZS,China,CHN,8.12274019218373,8.44078566777217,8.52879733241209,8.47429781558912,8.44938161823142,8.44599411341122,8.36082458525972,8.24952912331853,8.13405275593601,8.00692968185673,7.87981131960187,7.78964885478032,7.75438650627008,7.73455620563757,7.73407919142556,7.75914218213762,7.800977344644,7.87504788251692,7.96958432906454,8.08101083069747,8.20299948534245,8.33698445997273,8.46203791281243,8.6582333799142,8.87601678200275,9.09980124448166,9.32456331611657,9.54976306115577,9.78715521545347,10.0457983283422,10.3288791694746,10.7738245364014,11.2657590324214,11.7997874308408,12.3764950685288,13.0027277971208,13.6846326639563,14.4231628965713,15.2348891045022,16.1326560685221,17.1269473209018,17.7922191296143,18.2966462043112,18.8280167649798,19.3852683679571,19.9622812413708,20.5677715061555,21.2019417475728,21.8633839754502,22.5512588074456,23.2701013302634,23.8570343522659,24.356355016652,24.870916419706,25.4053428921318,25.9626321510878,26.5254622817573,27.0795983426621,27.68816041233,28.3415047469535,29.0349980865991,29.7699843524314,30.5230098252695,31.2803562036138,32.0103496513423
Population in urban agglomerations of more than 1 million (% of total population),EN.URB.MCTY.TL.ZS,Colombia,COL,21.0946745619003,21.8002842213298,22.5342337795783,23.301573237026,24.1091620533195,24.6412608254146,25.1943463955555,25.7829771832649,26.4110885750022,27.0795372862785,27.7938621498149,28.5629324995769,29.3825866265058,30.231542817603,30.627965465957,30.8139331659973,31.0135375569863,31.2005570009774,31.3774559437814,31.5609618984069,31.733998485625,31.8982998223317,32.0625754366644,32.2163436677342,32.3846258853481,32.6005766615064,32.7936753943691,32.968405644597,33.1485393564207,33.3265295159323,33.5028479748301,33.700772352187,33.9115621000605,34.1168044700063,34.330954089698,34.5671465911339,34.8374210444112,35.1188994715654,35.4037007406165,35.7102559434421,36.0573901199219,36.4298082396998,36.8203963428848,37.2267467016554,37.6541959206725,38.0990832034682,38.4869964885408,38.902582408562,39.3498767151061,39.8160434487699,40.3016893441075,40.8206375776868,41.3769328378957,41.9618598572911,42.5813214348353,43.2229868720292,43.8217480714419,44.2226953653521,44.4557304194957,44.310228112796,44.2970439046244,44.4037004407249,44.4897675098956,44.5183145050017,44.5340266639247
Population in urban agglomerations of more than 1 million (% of total population),EN.URB.MCTY.TL.ZS,Comoros,COM,..,..,..,..,..,..,..,..,..,..,..,..,..,..,..,..,..,..,..,..,..,..,..,..,..,..,..,..,..,..,..,..,..,..,..,..,..,..,..,..,..,..,..,..,..,..,..,..,..,..,..,..,..,..,..,..,..,..,..,..,..,..,..,..,..
Population in urban agglomerations of more than 1 million (% of total population),EN.URB.MCTY.TL.ZS,"Congo, Dem. Rep.",COD,6.4211129283584,6.75004951356672,7.09689964819003,7.46100023389228,7.84566997734694,8.24562959804111,8.66125445845787,9.09533568668037,9.45689631004615,9.77560295639675,10.1101252413664,10.3670404036729,10.6428354969799,10.9239765224544,11.2164578441437,11.5219641319501,11.8471271901057,12.1893126605278,12.473267682401,12.7141913583542,13.0129314409714,13.3491572794182,13.6859411275032,14.0103455739218,14.3218264153434,14.557501313937,14.8232231411209,15.0937190004812,15.3631186939312,15.6423280658258,15.9032247872871,16.167235105311,16.4292252830884,16.6610611443195,16.7031757147768,16.8436509366854,17.3699277227341,17.9673400130202,18.3152992963702,18.4777060465209,18.6707653893856,18.8713766801708,19.0964631340152,19.3503880023418,19.604310283104,19.8363800673897,20.069015546216,20.3161214891342,20.5682783454446,20.8079742282891,21.0302043500464,21.2351832186484,21.4296865216061,21.6123878545277,21.7991074909887,22.0069539619602,22.1638572823768,22.296095979167,22.4987274514367,22.7458900913056,22.9874720905818,23.2316914921484,23.4847617753682,23.7329991887398,23.98633225614
Population in urban agglomerations of more than 1 million (% of total population),EN.URB.MCTY.TL.ZS,"Congo, Rep.",COG,17.7971330479251,18.6128778510295,19.4714218339434,20.1587036403697,20.8612242257511,21.5739146272809,22.3019249372653,23.0461464106653,23.8069484754872,24.5766423680597,25.3635776932224,26.1642467691714,26.9811391836218,27.8135595430598,28.6918228579771,29.7209274310524,30.8972694147461,32.1307262726872,33.4320506564597,34.8068015861123,36.2596740815261,37.7792004210168,39.387206021681,41.0991318864946,42.7078290476553,43.518681733842,43.7576216564919,44.0030172115707,44.2631046696265,44.5238027315503,44.8041217192593,45.0915369693891,45.3906285659852,45.6275692413927,45.8666648710283,46.1751594221558,46.5324741711874,47.5336079078571,48.5295527429819,49.2982563733277,49.518824501919,49.7635320853515,50.723161923032,51.4781239398181,51.9232074454629,52.2686305271112,52.5458193275723,52.8692628685846,53.3921216321702,53.540311766345,53.6103211579705,54.1613771236629,54.9672077545381,55.9893261389154,57.0389559233744,58.1081497282731,59.1942688379745,60.2955964770022,61.4121746057626,62.0224186576331,62.6195354567896,63.1950670914328,63.7507655211907,64.2761429332747,64.8027676153382
Population in urban agglomerations of more than 1 million (% of total population),EN.URB.MCTY.TL.ZS,Costa Rica,CRI,17.3101839854885,17.4288057361821,17.5593324681957,17.7081055396719,17.8849513677019,18.0836308983437,18.3093260794718,18.561925466537,18.8496382486718,19.1624992455049,19.4953204248731,19.8492591362953,20.2236246342057,20.5881983138724,20.8021697914782,21.0138102631075,21.2227636613536,21.424382943504,21.6222494049485,21.8135904302189,22.0033773481751,22.1918419367615,22.3799373100349,22.5671858268087,22.7525167800959,22.8820297210614,23.0218769167859,23.1778349562122,23.352457781957,23.5389856256614,23.7263534746706,23.9107719250909,24.1011211664857,24.2980263310283,24.5089857733224,24.7337897745402,24.9773902442462,25.2423811583346,25.5346911498721,25.8547614368449,26.208745678675,26.1380357485395,26.1047352543916,26.1016762411375,26.1163245063544,26.136265500183,26.1685727112423,26.2131276585253,26.2577318844627,26.3065106801627,26.3812121347808,26.4733451298561,26.5686649939729,26.6774763382057,26.797547952967,26.9215601869475,27.0606028603258,27.2173585441762,27.3859387335316,27.5733850606244,27.8017487962625,28.073841281837,28.3626653337964,28.6354292653547,28.8983627393073
Population in urban agglomerations of more than 1 million (% of total population),EN.URB.MCTY.TL.ZS,Cote d'Ivoire,CIV,5.22227660326225,5.47503235436076,5.7331184534308,5.9994246194305,6.47070907675145,6.97655782028405,7.52302264484456,8.11197430529628,8.74689705714665,9.4206121041458,10.1310027206537,10.8743824842484,11.65641462297,12.481632816724,13.3651742639893,14.25594244172,14.9920982811176,15.825565593865,16.6913757886555,16.7675554369398,16.8296330464726,16.8808367252585,16.9299150779709,16.980895838384,17.0365190835392,17.0957413104529,17.1648812072733,17.2435820936785,17.2991157842232,17.2768648807216,17.244358346805,17.2048120959928,17.1632181365438,17.1222363853802,17.0895544900642,17.0626899751036,17.0414119336535,17.0237742854348,17.0190461468075,16.997229601529,16.9924703107587,17.0020506726667,17.0278423680462,17.069314950656,17.1230517989283,17.1821023817575,17.2475064489355,17.3180901809643,17.3987246425528,17.4875647446988,17.5808367683035,17.6800757114263,17.7954707441634,17.9271943867476,17.9829615008035,17.9553734952969,17.9257278110061,17.9101686087337,17.9170732721499,17.9425686701267,17.9930181959132,18.0663754899841,18.1470295675585,18.2455660965754,18.3712085746235
Population in urban agglomerations of more than 1 million (% of total population),EN.URB.MCTY.TL.ZS,Croatia,HRV,..,..,..,..,..,..,..,..,..,..,..,..,..,..,..,..,..,..,..,..,..,..,..,..,..,..,..,..,..,..,..,..,..,..,..,..,..,..,..,..,..,..,..,..,..,..,..,..,..,..,..,..,..,..,..,..,..,..,..,..,..,..,..,..,..
Population in urban agglomerations of more than 1 million (% of total population),EN.URB.MCTY.TL.ZS,Cuba,CUB,19.8327567762781,19.8540377795559,19.8709922613391,19.8792468117263,19.8871347898937,19.9015116432404,19.9300294747634,19.9747863695545,20.0328643606539,20.0962310653264,20.1656161303987,20.0103128548176,19.8309909664638,19.6862499092415,19.5729377162788,19.490732116097,19.4399117690264,19.4193983690628,19.4276244390948,19.46089228549,19.5147048444455,19.5625180215487,19.6223504014706,19.6656379434905,19.702810370267,19.7376095131467,19.7681293705628,19.7923203702403,19.8066730345355,19.8157775340415,19.830895975366,19.8039680377397,19.7433737188365,19.707046313215,19.6898940393372,19.6832654149126,19.6818101789727,19.6816965804668,19.6803686403415,19.6779329909151,19.676942588285,19.6792715664172,19.6849487064007,19.5857345582714,19.4671901409729,19.3592590099901,19.265242429213,19.1840774280978,19.110330168135,19.0396325928958,18.9695531072656,18.8972754318846,18.8294527864958,18.7730275185346,18.7798799816583,18.8353415257473,18.8889249869426,18.9566004248464,19.0295318887715,19.0881763437612,19.1513529367448,19.2666213997127,19.4007768661696,19.5003943309627,19.6043765163665
Population in urban agglomerations of more than 1 million (% of total population),EN.URB.MCTY.TL.ZS,Curacao,CUW,..,..,..,..,..,..,..,..,..,..,..,..,..,..,..,..,..,..,..,..,..,..,..,..,..,..,..,..,..,..,..,..,..,..,..,..,..,..,..,..,..,..,..,..,..,..,..,..,..,..,..,..,..,..,..,..,..,..,..,..,..,..,..,..,..
Population in urban agglomerations of more than 1 million (% of total population),EN.URB.MCTY.TL.ZS,Cyprus,CYP,..,..,..,..,..,..,..,..,..,..,..,..,..,..,..,..,..,..,..,..,..,..,..,..,..,..,..,..,..,..,..,..,..,..,..,..,..,..,..,..,..,..,..,..,..,..,..,..,..,..,..,..,..,..,..,..,..,..,..,..,..,..,..,..,..
Population in urban agglomerations of more than 1 million (% of total population),EN.URB.MCTY.TL.ZS,Czechia,CZE,10.4231344991869,10.512889224819,10.5480401385607,10.5747110985416,10.5897076051286,10.6109010427883,10.6432312667498,10.686499475941,10.7393058120888,10.7957092248029,10.9172474006324,11.0441073735488,11.0997653743066,11.1400762688684,11.1680790800663,11.1922211993295,11.2202532525626,11.2557433647908,11.2979391527009,11.3462330873025,11.4376060308653,11.4965345192329,11.5103735147835,11.5300523370338,11.5528111569432,11.5749186572118,11.5991265710954,11.623417778404,11.6445761561546,11.6681311231622,11.7296850829184,11.7636399511164,11.7071673629629,11.6508895817027,11.6026893662385,11.5659507905926,11.5356199627328,11.50449271268,11.4718982885116,11.4402471445547,11.4289790321132,11.465198077052,11.5535422670933,11.6234474442706,11.686968678647,11.7379849765199,11.773710177016,11.7726599570359,11.74280807846,11.7432929500908,11.7766060331799,11.820013323059,11.8716061645253,11.9359666556087,11.9921271954264,12.0375582954732,12.0837959662823,12.1210959939546,12.1501481477579,12.1703506508231,12.2055929327161,12.4902672549909,12.3507348775566,12.1809083580494,12.202968086127
Population in urban agglomerations of more than 1 million (% of total population),EN.URB.MCTY.TL.ZS,Denmark,DNK,28.0462520441182,28.1878193381294,28.3545913948904,28.5196893659343,28.6830230458155,28.8519549856147,28.7237974219684,28.5087296607446,28.3461287763755,28.2001733491964,27.9993921388293,27.1869986778494,26.0932174799403,25.0377698626067,24.0572160568545,23.1560860750748,22.5684048167841,22.2555178730368,21.9468372226428,21.6564998326103,21.3961979899774,21.2121786045378,21.0801299774708,20.9479034948498,20.8128970488606,20.6599694819261,20.5105951840179,20.3857052356299,20.2772737232909,20.1944669693336,20.1381498593934,20.0822692052342,20.0335307665087,20.0057895844528,20.0170182360195,20.0320328782221,20.0571947116837,20.1009046183806,20.1221141133124,20.1475290592523,20.172443112014,20.1922526066086,20.2845051396679,20.4529053863281,20.625798058404,20.795980095331,20.9567408067869,21.0987472530128,21.2158064780952,21.344029027203,21.492882704365,21.6666977825616,21.8674104527314,22.0590561025494,22.2315151568847,22.3607073338655,22.474419562815,22.618881591957,22.7978768427979,22.9410249204478,23.0902369309346,23.1973695915453,23.2106117579815,23.2220640085879,23.2760057232802
Population in urban agglomerations of more than 1 million (% of total population),EN.URB.MCTY.TL.ZS,Djibouti,DJI,..,..,..,..,..,..,..,..,..,..,..,..,..,..,..,..,..,..,..,..,..,..,..,..,..,..,..,..,..,..,..,..,..,..,..,..,..,..,..,..,..,..,..,..,..,..,..,..,..,..,..,..,..,..,..,..,..,..,..,..,..,..,..,..,..
Population in urban agglomerations of more than 1 million (% of total population),EN.URB.MCTY.TL.ZS,Dominica,DMA,..,..,..,..,..,..,..,..,..,..,..,..,..,..,..,..,..,..,..,..,..,..,..,..,..,..,..,..,..,..,..,..,..,..,..,..,..,..,..,..,..,..,..,..,..,..,..,..,..,..,..,..,..,..,..,..,..,..,..,..,..,..,..,..,..
Population in urban agglomerations of more than 1 million (% of total population),EN.URB.MCTY.TL.ZS,Dominican Republic,DOM,11.2389913399357,11.6038530395025,11.9768294589326,12.3677398156836,12.7775439029092,13.2098946616179,13.6609357784738,14.1243666636296,14.6129271486093,15.1224154116111,15.6091551136661,16.0623433712757,16.5329609536611,17.0179500053009,17.5257524271005,18.059549304348,18.6201500886803,19.2028397256823,19.8129930178239,20.4503469780972,21.1170219357983,21.8146588206466,22.069449655858,21.9425180178187,21.8224403088548,21.7144677068501,21.6198300221207,21.5338811160943,21.452305471595,21.3691511140276,21.2892694701815,21.2194272953168,21.1621148324922,21.1137112137458,21.3097159355562,21.5900757024967,21.8870932443525,22.2032380899717,22.5449264424342,22.89922294123,23.2603425599853,23.6363085922785,24.0364947383344,24.3396447015908,24.611824061175,24.9011223156468,25.2097405649798,25.5306399618091,25.8522029889911,26.1673713921177,26.4840086861996,26.8073758290206,27.141702558118,27.4862262310948,27.8448180257957,28.2184882953041,28.6092122110463,29.0101298012917,29.4206678449828,29.7871139300625,30.1389315334793,30.4653779088479,30.7871774008716,31.0988225939469,31.3925539815728
Population in urban agglomerations of more than 1 million (% of total population),EN.URB.MCTY.TL.ZS,Ecuador,ECU,16.8940190477186,17.2901899506833,17.691344109577,18.0086394349459,18.2669122110294,18.521660124703,18.7772569305905,19.0340406927839,19.2944955583756,19.5570518051505,19.826714388551,20.103084328015,20.3884219319428,20.6803507212773,20.9862062595856,21.3325155294468,21.6941413856634,22.0665994492494,22.4536905679518,22.8547105254848,23.2687315765349,23.6927545424954,24.1333652603824,24.3727643164344,24.4688853131679,24.5744405043671,24.7013355753898,24.8478775043996,25.014983805503,25.1957751391057,25.3899467741641,25.5337784679669,25.6448597857225,25.7743444351466,25.9302665966831,26.096038536341,26.2686405411927,26.4505311929631,26.6440370171569,26.8488095586528,27.0672806478199,27.2873437153873,27.3533406320004,27.3129107275888,27.2763506230315,27.2447753215096,27.2170122512704,27.1920980254206,27.1685634271141,27.1436900451735,27.1272317971545,27.1502634014229,27.2084974024855,27.2913776620269,27.3931277363368,27.495617452728,27.5917094669727,27.6670529744917,27.6910172452089,27.6464832424367,27.7440041399596,27.9571602448393,28.1680880449433,28.3617211333229,28.562434362083
Population in urban agglomerations of more than 1 million (% of total population),EN.URB.MCTY.TL.ZS,"Egypt, Arab Rep.",EGY,19.2738573699554,19.6177312781635,19.990748495616,20.3732699332587,20.7717177465416,21.1889128972267,21.5923778425647,21.6510562063538,21.7158971037282,21.7849339642605,21.8683490839733,21.9661337302172,22.0673192652458,22.1676552959631,22.2668795067389,22.3564370275265,22.4512701254565,22.4978508606496,22.4991547823158,22.4902395284594,22.4576342433915,22.4061306626516,22.3405897795515,22.2364596522668,22.1150712442627,22.0006524888318,21.91325586311,21.9375276144034,22.0205012781747,22.1174889891037,22.1725991049687,22.2689794400529,22.4518263141612,22.6554887008217,22.8997652957648,23.1608876184717,23.4359368484071,23.5437064730489,23.5290619855565,23.5036783765496,23.4953768634699,23.4944304059036,23.4988979479135,23.5053179593048,23.5197438347381,23.5427356731613,23.5827847175062,23.6383594542826,23.6988435387642,23.7545101442446,23.8032735342875,23.8077008699422,23.7787526563825,23.7354827213877,23.6991294886526,23.7048836102474,23.725883726088,23.7555821433017,23.809371150424,23.864864107477,23.9502705956771,24.0668448810372,24.1822484366433,24.2471653310199,24.3010368320419
Population in urban agglomerations of more than 1 million (% of total population),EN.URB.MCTY.TL.ZS,El Salvador,SLV,11.1480770450148,11.3665219984836,11.5975361487371,11.8406737722948,12.0835198495573,12.321681180547,12.5598267496941,12.8021401495458,13.0550024376769,13.3206765860894,13.6150115732791,13.93625534694,14.0619679060421,14.1882263079256,14.3226581028575,14.468762991606,14.6272602254941,14.7891918081602,14.9537540446151,15.1491567248194,15.4423350281981,15.8451003905615,16.1836175712719,16.4155036138036,16.6369216526126,16.8449545284232,17.0583497854597,17.2756444306375,17.4906891734203,17.7146389898884,17.9570407831805,18.2269875381182,18.5233517061434,18.4554228945556,18.3227575016245,18.2121510253759,18.1186594424461,18.0384280952363,17.9688718216169,17.9095858908673,17.8620835398661,17.8292778557856,17.8150950008444,17.820694465491,17.8439251709211,17.8824586076478,17.9335686757068,17.9526222398526,17.9361043252638,17.9211144194902,17.903484184647,17.880431721703,17.8519702812,17.8207475387447,17.7920818827981,17.7734894260307,17.7654818733067,17.7700351796635,17.7931244490384,17.7692943369336,17.7357497337872,17.7005049088987,17.6851048489734,17.6880904472279,17.7239159489148
Population in urban agglomerations of more than 1 million (% of total population),EN.URB.MCTY.TL.ZS,Equatorial Guinea,GNQ,..,..,..,..,..,..,..,..,..,..,..,..,..,..,..,..,..,..,..,..,..,..,..,..,..,..,..,..,..,..,..,..,..,..,..,..,..,..,..,..,..,..,..,..,..,..,..,..,..,..,..,..,..,..,..,..,..,..,..,..,..,..,..,..,..
Population in urban agglomerations of more than 1 million (% of total population),EN.URB.MCTY.TL.ZS,Eritrea,ERI,..,..,..,..,..,..,..,..,..,..,..,..,..,..,..,..,..,..,..,..,..,..,..,..,..,..,..,..,..,..,..,..,..,..,..,..,..,..,..,..,..,..,..,..,..,..,..,..,..,..,..,..,..,..,..,..,..,..,..,..,..,..,..,..,..
Population in urban agglomerations of more than 1 million (% of total population),EN.URB.MCTY.TL.ZS,Estonia,EST,..,..,..,..,..,..,..,..,..,..,..,..,..,..,..,..,..,..,..,..,..,..,..,..,..,..,..,..,..,..,..,..,..,..,..,..,..,..,..,..,..,..,..,..,..,..,..,..,..,..,..,..,..,..,..,..,..,..,..,..,..,..,..,..,..
Population in urban agglomerations of more than 1 million (% of total population),EN.URB.MCTY.TL.ZS,Eswatini,SWZ,..,..,..,..,..,..,..,..,..,..,..,..,..,..,..,..,..,..,..,..,..,..,..,..,..,..,..,..,..,..,..,..,..,..,..,..,..,..,..,..,..,..,..,..,..,..,..,..,..,..,..,..,..,..,..,..,..,..,..,..,..,..,..,..,..
Population in urban agglomerations of more than 1 million (% of total population),EN.URB.MCTY.TL.ZS,Ethiopia,ETH,2.42870588074591,2.43744414227597,2.44451333146318,2.45019475189549,2.45462920912674,2.457589302976,2.46257227026714,2.46674157608607,2.51695938139406,2.56816022386644,2.62044143100711,2.6744131647624,2.73133176789968,2.78940231781411,2.8510166253985,2.91814344884944,2.98464229481529,3.07056908388486,3.1664707846474,3.27232509036863,3.41354262341965,3.49134823543568,3.52255738149803,3.59294288727242,3.66715250589624,3.70551669217735,3.73923647101092,3.75628953143449,3.75489699229856,3.75549398873445,3.76154004573222,3.74394188505957,3.73123662596649,3.7440151203271,3.75831563495815,3.7267836614261,3.68087616062081,3.63877172011665,3.59957883655587,3.5613761138679,3.52566136570123,3.49131980966663,3.45704631405117,3.4238965483339,3.3920528048835,3.36127987799019,3.33183732202907,3.30970580838044,3.35578315393256,3.40396258342856,3.45319230664643,3.50284063430187,3.55482132666697,3.61023069055397,3.66802118881546,3.7266696534953,3.78560399119318,3.84435149332456,3.90512325517703,3.9675884152314,4.03110737007286,4.09823306619526,4.16941717744904,4.24315735937328,4.31897475633135
Population in urban agglomerations of more than 1 million (% of total population),EN.URB.MCTY.TL.ZS,Faroe Islands,FRO,..,..,..,..,..,..,..,..,..,..,..,..,..,..,..,..,..,..,..,..,..,..,..,..,..,..,..,..,..,..,..,..,..,..,..,..,..,..,..,..,..,..,..,..,..,..,..,..,..,..,..,..,..,..,..,..,..,..,..,..,..,..,..,..,..
Population in urban agglomerations of more than 1 million (% of total population),EN.URB.MCTY.TL.ZS,Fiji,FJI,..,..,..,..,..,..,..,..,..,..,..,..,..,..,..,..,..,..,..,..,..,..,..,..,..,..,..,..,..,..,..,..,..,..,..,..,..,..,..,..,..,..,..,..,..,..,..,..,..,..,..,..,..,..,..,..,..,..,..,..,..,..,..,..,..
Population in urban agglomerations of more than 1 million (% of total population),EN.URB.MCTY.TL.ZS,Finland,FIN,10.118036840064,10.2104346442113,10.2633607951832,10.3137769274662,10.380225052286,10.4700933358926,10.556534142321,10.6259488152186,10.7059184877279,10.8409452429125,11.0131174496185,11.2280372340379,11.4931987429243,11.7668767430313,12.0529171909451,12.3557553529282,12.6847571050333,13.0243039421368,13.3724830237718,13.734303805704,14.0986518562998,14.3010239243461,14.4087974703606,14.51220986423,14.6256413870039,14.7567238096481,15.1032684214443,15.6732709220755,16.2645323008418,16.8643721430167,17.472897950458,17.8450617702553,17.9797191268848,18.1288978252412,18.2892904218336,18.4602342696156,18.6683651496427,18.909498067545,19.1602674532909,19.4208314667734,19.6902018446319,19.8850695681271,20.005103259279,20.1266676053431,20.2386991093637,20.3403254534419,20.4431107569915,20.5468809088021,20.6666768296527,20.7958948624157,20.9943520395454,21.2704369786826,21.5480467110001,21.8034400618352,22.0442800455259,22.3065441184656,22.5818667323713,22.8726589054093,23.1908295221216,23.4031910281175,23.5978090775314,23.7638144766565,23.8973482507353,23.9578675233183,23.8914116086421
Population in urban agglomerations of more than 1 million (% of total population),EN.URB.MCTY.TL.ZS,France,FRA,21.2140481240532,21.4077315020909,21.5592009641097,21.6010813304189,21.6306705878438,21.6835731782073,21.7580934605646,21.8451543804047,21.9219755921099,21.9414019873559,21.9423133760655,21.9361810566273,21.9445373615932,21.9676236741944,22.023315682781,22.0922235349306,22.1232874830523,22.1451979993491,22.171164812823,22.1990688916199,22.2088742187492,22.2058011501573,22.2607718928247,22.2899540941604,22.3308249273696,22.3690153283246,22.4051452909212,22.4343563975567,22.4561481849446,22.4734999334347,22.4808625020108,22.4533553008849,22.4269075669711,22.414391706803,22.4155494467809,22.4190340908614,22.4241506548193,22.4291908963681,22.4312652768658,22.4230027754791,22.4234672525058,22.4140025083282,22.4052517060483,22.401354991108,22.3916872707654,22.3773455167288,22.3757072633384,22.3916125884903,22.4212908602759,22.4541064199549,22.4917887342383,22.4995550255483,22.5073026133935,22.5073052288972,22.5169892532531,22.553611910464,22.611070206353,22.6627551143922,22.6991036170217,22.7431704708468,22.7922574052408,22.8380498561594,22.8950217670561,22.956324340944,23.0192087917137
Population in urban agglomerations of more than 1 million (% of total population),EN.URB.MCTY.TL.ZS,French Polynesia,PYF,..,..,..,..,..,..,..,..,..,..,..,..,..,..,..,..,..,..,..,..,..,..,..,..,..,..,..,..,..,..,..,..,..,..,..,..,..,..,..,..,..,..,..,..,..,..,..,..,..,..,..,..,..,..,..,..,..,..,..,..,..,..,..,..,..
Population in urban agglomerations of more than 1 million (% of total population),EN.URB.MCTY.TL.ZS,Gabon,GAB,..,..,..,..,..,..,..,..,..,..,..,..,..,..,..,..,..,..,..,..,..,..,..,..,..,..,..,..,..,..,..,..,..,..,..,..,..,..,..,..,..,..,..,..,..,..,..,..,..,..,..,..,..,..,..,..,..,..,..,..,..,..,..,..,..
Population in urban agglomerations of more than 1 million (% of total population),EN.URB.MCTY.TL.ZS,"Gambia, The",GMB,..,..,..,..,..,..,..,..,..,..,..,..,..,..,..,..,..,..,..,..,..,..,..,..,..,..,..,..,..,..,..,..,..,..,..,..,..,..,..,..,..,..,..,..,..,..,..,..,..,..,..,..,..,..,..,..,..,..,..,..,..,..,..,..,..
Population in urban agglomerations of more than 1 million (% of total population),EN.URB.MCTY.TL.ZS,Georgia,GEO,19.6885560675883,19.8191219354142,19.962955083371,20.1171352951967,20.2858693124564,20.4738882088943,20.7001285703481,20.9629287533077,21.2454048437771,21.5241771438375,21.7782955896988,21.9920490031227,22.215133284189,22.4684973482616,22.7281691786424,23.0208294674337,23.3218496683861,23.6348207954987,23.9761011437797,24.2321114170918,24.4017951071021,24.5771783771784,24.7478427401603,24.9116498287111,25.0833585738393,25.2494155997341,25.4141779147625,25.5960366817751,25.7373452731334,25.7526908583682,25.4859017076218,25.0382762257284,24.5806914948189,24.1336156869133,24.2475511137542,24.9084853067658,25.5542724479089,26.1071658214774,26.4767449012126,26.7399003943046,26.9748016436067,27.1057522557072,27.1850426603896,27.3625819133667,27.5258062709111,27.6944416470701,27.8455251553534,27.9842949433676,28.0625779372417,28.306014625032,28.5062567753674,28.7288153866918,28.9341232768927,29.0142368818302,28.9935188715212,28.9408086810212,28.9164199645607,28.9054679125881,28.909669509243,28.9596606168389,28.9528666704632,29.090306071547,29.1002940873837,29.1279760935523,29.5186520952135
Population in urban agglomerations of more than 1 million (% of total population),EN.URB.MCTY.TL.ZS,Germany,DEU,9.50296161911916,9.51314972933441,9.45199445641805,9.38744125911122,9.33520080242876,9.27931165012444,9.2260865624945,9.2084379145802,9.19260115304212,9.14541661202006,9.13632718342878,9.09652467982199,9.0305639765286,8.98020065858875,8.9551486370337,8.96740599770032,8.98506898724038,8.98502010252993,8.97282839611114,8.94930839595092,8.91167186384895,8.87934044713118,8.85322992503603,8.82456624350194,8.79872039965741,8.79563515537961,8.82251355357811,9.09141479076546,8.98199145356381,9.07517151180889,9.10016663219528,9.10405862501683,9.09901467043594,9.09855706569798,9.07606573748279,9.03983250041067,8.99349593970352,8.93378613807552,8.86753776286928,8.82996290278946,8.83031241806196,8.85699774468526,8.87187237444446,8.88169889767846,8.89395859676626,8.92645155194613,8.9984952131526,9.07525252237937,9.14612486695759,9.21843996409039,9.27779631737215,9.49781328511773,9.52908992923827,9.55469427007213,9.56681258296546,9.5404949533284,9.52448909647829,9.55008627097315,9.58303125347759,9.60016324848307,9.63083106717341,9.66128595629231,9.62080412792742,9.6321856651605,9.6965415912524
Population in urban agglomerations of more than 1 million (% of total population),EN.URB.MCTY.TL.ZS,Ghana,GHA,8.81492670460545,8.98247817467991,9.19447350040035,9.41351859831259,9.63916525755356,9.8670794912241,10.1004133867507,10.338261536358,10.5804232296715,10.8195921859831,10.9793135930587,10.9977655394396,11.0115957651613,11.0166463587808,11.0207036172008,11.0254229813213,11.0325492998385,11.0312154533352,11.0204517066796,11.0080445760656,11.010381655558,11.0245786580894,11.0287247863956,11.0217350394894,11.0989716983319,11.3092753221544,11.5194199989875,11.7237409081099,11.9203490872997,12.1084270191146,12.2947208666285,12.4889912877888,12.6925449749164,12.9012601269512,13.123957302896,13.3576339398944,13.6008612152791,13.8422545849385,14.0825499265947,14.3271304694383,14.5386380373016,14.6506019293136,14.7548784363533,14.8709812151692,15.000120265418,15.1365526388678,15.2822730835198,15.4366505868576,15.6034285602121,15.7810683521283,15.9754457262896,16.1807885070171,16.3912511088764,16.6103663988638,16.8440793233137,17.0952271231027,17.3598044360645,17.6471191988738,17.9652116836232,18.1733388634837,18.3834110396233,18.5954804725225,18.8111237355333,19.0254746120166,19.2423572679609
Population in urban agglomerations of more than 1 million (% of total population),EN.URB.MCTY.TL.ZS,Gibraltar,GIB,..,..,..,..,..,..,..,..,..,..,..,..,..,..,..,..,..,..,..,..,..,..,..,..,..,..,..,..,..,..,..,..,..,..,..,..,..,..,..,..,..,..,..,..,..,..,..,..,..,..,..,..,..,..,..,..,..,..,..,..,..,..,..,..,..
Population in urban agglomerations of more than 1 million (% of total population),EN.URB.MCTY.TL.ZS,Greece,GRC,21.7684333076284,22.2588696185424,22.8373081092816,23.4835384819494,24.1511091861527,24.8093729214991,25.4179789731439,26.021558049619,26.684334837969,27.4397327911705,28.2564860409749,28.9151012406698,29.233780511458,29.6125045721365,30.022644443408,30.265324614126,30.3237539657058,30.4575430636949,30.5940248520699,30.7464565787812,30.9822292028887,31.1265911905729,30.9818169708749,30.8484316507572,30.7413619170394,30.6682101406239,30.6129005169248,30.556591882783,30.4916626838961,30.3784985139994,30.1040464491185,29.8083116285609,29.6903056920235,29.6244556262825,29.5847909838958,29.5550727204955,29.5333779503808,29.4958691088923,29.4406170453287,29.4356894237322,29.4233804635433,29.3422782930644,29.2177909749219,29.1310725498647,29.0420451913855,28.94006669874,28.8363757923742,28.746153427718,28.6531283487459,28.5611519276508,28.5076592831746,28.5331365913368,28.6710352755647,28.8627642459411,29.0386436871242,29.213466220825,29.3180261899369,29.3588585954076,29.4012363128561,29.4187182451246,29.4744667035375,29.8343574877472,30.2176550429525,30.3150864708462,30.365292254499
Population in urban agglomerations of more than 1 million (% of total population),EN.URB.MCTY.TL.ZS,Greenland,GRL,..,..,..,..,..,..,..,..,..,..,..,..,..,..,..,..,..,..,..,..,..,..,..,..,..,..,..,..,..,..,..,..,..,..,..,..,..,..,..,..,..,..,..,..,..,..,..,..,..,..,..,..,..,..,..,..,..,..,..,..,..,..,..,..,..
Population in urban agglomerations of more than 1 million (% of total population),EN.URB.MCTY.TL.ZS,Grenada,GRD,..,..,..,..,..,..,..,..,..,..,..,..,..,..,..,..,..,..,..,..,..,..,..,..,..,..,..,..,..,..,..,..,..,..,..,..,..,..,..,..,..,..,..,..,..,..,..,..,..,..,..,..,..,..,..,..,..,..,..,..,..,..,..,..,..
Population in urban agglomerations of more than 1 million (% of total population),EN.URB.MCTY.TL.ZS,Guam,GUM,..,..,..,..,..,..,..,..,..,..,..,..,..,..,..,..,..,..,..,..,..,..,..,..,..,..,..,..,..,..,..,..,..,..,..,..,..,..,..,..,..,..,..,..,..,..,..,..,..,..,..,..,..,..,..,..,..,..,..,..,..,..,..,..,..
Population in urban agglomerations of more than 1 million (% of total population),EN.URB.MCTY.TL.ZS,Guatemala,GTM,14.8833993043209,15.2105453130416,15.547406288062,15.8967574900952,16.2070298476803,16.315573017015,16.4317062862351,16.5553694800137,16.689204278688,16.8358258128418,16.9935663852616,17.159643973707,17.3300711106591,17.4174086117589,17.2909201954057,17.1817787401666,17.1214760338043,17.0538224154751,16.9407184356585,16.8227430167706,16.7013274374758,16.6067899364129,16.6105244286758,16.589681820228,16.5103328902974,16.4261965404252,16.3514528514954,16.280364515816,16.203199236202,16.1232588832649,16.0463094196386,15.984357758312,15.931397001512,15.8758276403687,15.8621339229158,16.008248233588,16.1656049222159,16.32801774658,16.4927918614939,16.6663208720328,16.8661464684356,17.0800979362245,17.298527833336,17.4303970942632,17.5045493223372,17.5880367635727,17.6811913169137,17.7764422020445,17.8824893036858,17.7670660796782,17.6546360469492,17.5407578329173,17.4283732416007,17.3226075441124,17.2278751221565,17.1443968263201,17.0599172893324,16.9792683286779,16.924832679704,16.9040183636353,16.9083715376649,16.951152503175,17.0126956836379,17.0765609049857,17.1659750850236
Population in urban agglomerations of more than 1 million (% of total population),EN.URB.MCTY.TL.ZS,Guinea,GIN,3.15338529651657,3.50720296522967,3.90055242920381,4.33708331267192,4.82215721458263,5.35834535340025,5.95347558306877,6.61279411943063,7.34469655582669,8.15513422099421,9.0609194314015,10.0743938280676,11.2106807675955,11.82056594244,11.9151142558361,12.0156832713205,12.1210986536555,12.2271057968044,12.3307503668621,12.4265544031264,12.5102750534481,12.5786073033437,12.6315821568116,12.727699132843,12.8933142777061,13.0428226429865,13.1788341806552,13.3033501587574,13.4231167653528,13.5454569001535,13.5524294981921,13.4854056178389,13.5286879520118,13.5906698164201,13.660073297775,13.7578014441203,13.8520096756321,13.9687216710354,14.0446969125178,14.0704379112083,14.1361223002191,14.2939779577422,14.4182439930708,14.4443989768206,14.485818064013,14.5467844795997,14.5953187374744,14.6112082643839,14.6123648456844,14.6092673421315,14.6040731098223,14.5963003938327,14.5923470237505,14.5887913488654,14.5805637690967,14.5648661901391,14.5440291293901,14.5247418809124,14.507310401586,14.4942676832424,14.495890154222,14.5226805153097,14.5749201875442,14.6537203789561,14.7653523924612
Population in urban agglomerations of more than 1 million (% of total population),EN.URB.MCTY.TL.ZS,Guinea-Bissau,GNB,..,..,..,..,..,..,..,..,..,..,..,..,..,..,..,..,..,..,..,..,..,..,..,..,..,..,..,..,..,..,..,..,..,..,..,..,..,..,..,..,..,..,..,..,..,..,..,..,..,..,..,..,..,..,..,..,..,..,..,..,..,..,..,..,..
Population in urban agglomerations of more than 1 million (% of total population),EN.URB.MCTY.TL.ZS,Guyana,GUY,..,..,..,..,..,..,..,..,..,..,..,..,..,..,..,..,..,..,..,..,..,..,..,..,..,..,..,..,..,..,..,..,..,..,..,..,..,..,..,..,..,..,..,..,..,..,..,..,..,..,..,..,..,..,..,..,..,..,..,..,..,..,..,..,..
Population in urban agglomerations of more than 1 million (% of total population),EN.URB.MCTY.TL.ZS,Haiti,HTI,6.41437491755094,6.70071238957198,6.99924404765623,7.31539468528392,7.64573913160923,7.98376824769995,8.33788286677084,8.70755389175311,9.09344173597102,9.49453260631116,9.91373693562459,10.3498781769479,10.604923109649,10.8235136831091,11.046332157489,11.2728634112074,11.5044811274024,11.7397644597315,11.9804796967375,12.2263458245803,12.4782772015211,12.7334209802183,12.9926008454169,13.3778551043371,13.7988179719668,14.2283901660221,14.6696026454207,15.1216664135037,15.5854576024092,16.0592905448171,16.5479723291805,17.0554431809247,17.5865692361219,17.9987691979631,18.4287493508897,18.8729298307739,19.3302235714896,19.4687036320751,19.6130336586087,19.761998582802,20.395486002844,21.0511620382317,21.7391268989959,22.4551570837698,23.1929293220638,23.9549785112975,24.7391272363816,25.5522603788465,26.3992305346869,27.274275327282,21.8359053599739,22.1605473941049,22.3970435871878,22.6448349217138,22.9042627492773,23.1734763868397,23.4545479591025,23.7478223298478,24.0528729118779,24.3507186702257,24.6672936169183,25.0024484407608,25.3422796295353,25.6711594808393,25.9940894743597
Population in urban agglomerations of more than 1 million (% of total population),EN.URB.MCTY.TL.ZS,Honduras,HND,6.21499859363937,6.39299995002928,6.56910154789227,6.74927546174002,6.93385515541019,7.12111147896416,7.31292232025245,7.50914776499138,7.71005033826869,7.91326332093642,8.11981612053593,8.32864133977936,8.54060691346938,8.75884413501894,8.97247467285366,9.13741366902645,9.29188027040571,9.4483258818562,9.60994310879904,9.7760403166711,9.94770030798141,10.1238280816851,10.3068207767748,10.495873888657,10.6925961641487,10.8961308173168,11.1081640648619,11.3272928678956,11.5140652173036,11.503771914715,11.4923678161658,11.4794277363328,11.4664879422684,11.4528763108609,11.4401024368543,11.4274996833423,11.416687867148,11.4078769270096,11.4164548456788,11.4274076734761,11.4268765431705,11.4288665288644,11.504023932465,11.5938798291328,11.6934059680005,11.8005229759753,11.9173961241412,12.0427610258746,12.1765542140135,12.3174779078472,12.4684342755178,12.628716330021,12.7973066442565,12.9725833751628,13.1564377043584,13.3473237053448,13.5445020281799,13.7483746842583,13.9581330048202,14.111160377701,14.2701222573135,14.4345748739271,14.5898191415186,14.7303611858917,14.8651870460514
Population in urban agglomerations of more than 1 million (% of total population),EN.URB.MCTY.TL.ZS,"Hong Kong SAR, China",HKG,84.383651497331,85.1295413654872,84.1609282342975,83.6393054459353,83.845089311191,83.8109730676228,85.2227885065704,85.2116686365102,85.4768191022169,86.0772276715236,85.8256883051276,85.6996761674041,85.785599961199,85.130752546209,84.4318607519759,85.1597409001255,86.858388667552,88.7314832995179,90.3862238885913,88.549810333286,88.8109656139519,88.9093838021376,89.351049482382,89.5905595779312,90.2545990107264,90.9006451376416,92.5403830141549,95.7470477555775,97.996268391499,99.3209700678836,100,100,100,100,100,99.7401114341872,96.9902882448916,97.953092013006,98.9323471430536,99.5922803299781,99.9798049512378,100,100,100,100,100,100,99.7411477234938,99.748814280376,100,100,99.91819390237,99.3888057509685,99.577525804789,99.516743896535,99.3746108375736,99.5398822342775,99.6169858789158,99.6818157421571,99.7719202440096,100,100,100,100,100
Population in urban agglomerations of more than 1 million (% of total population),EN.URB.MCTY.TL.ZS,Hungary,HUN,18.1411110639222,18.1918592000485,18.2642775319121,18.3476380278366,18.42300788501,18.5054003597776,18.5837163326031,18.6493183057697,18.7132958229063,18.7706572941131,18.8234759250177,18.881871364433,18.9383380604624,18.9900839288136,19.0185060770781,19.0200013756431,19.0288561487438,19.0537104935175,19.101591023229,19.181061703907,19.2062418857707,19.1648350499372,19.1360263639323,19.1247212324885,19.1228893256012,19.1176905603522,19.1102748640618,19.1023318104154,19.0915725183261,19.2603045359258,19.3291914353477,19.1091541828137,18.897642579215,18.7030721534483,18.5144471982253,18.3281480767918,18.1493434638983,17.9781887852527,17.8139242220138,17.6600898849625,17.5032031723526,17.4074873159228,17.4140492476922,17.4208987722261,17.4163705560402,17.4080270128129,17.392132351408,17.3761060802842,17.3635321434506,17.3475976912294,17.3439401089378,17.3502242891327,17.4630421752755,17.5926951946644,17.7094912070918,17.8193269784762,17.9351325929801,18.0425519052807,18.1261308891225,18.1943787736631,18.2833132669846,18.3976483272855,18.4819710915293,18.5364629084549,18.618830128356
Population in urban agglomerations of more than 1 million (% of total population),EN.URB.MCTY.TL.ZS,Iceland,ISL,..,..,..,..,..,..,..,..,..,..,..,..,..,..,..,..,..,..,..,..,..,..,..,..,..,..,..,..,..,..,..,..,..,..,..,..,..,..,..,..,..,..,..,..,..,..,..,..,..,..,..,..,..,..,..,..,..,..,..,..,..,..,..,..,..
Population in urban agglomerations of more than 1 million (% of total population),EN.URB.MCTY.TL.ZS,India,IND,7.80380504670725,7.87593974982292,7.95676240728692,8.04152894257859,8.12903213044032,8.22523503308378,8.33337628640823,8.44347575874211,8.55646984844218,8.67439570901464,8.78622375773459,8.90194313334625,9.02562187476852,9.14663061248728,9.26673457385135,9.38430839296495,9.50644169521984,9.63037418492084,9.76374344865973,9.89861403958149,10.0318818966689,10.1543758404283,10.2479021657839,10.3433722139755,10.4414658212046,10.543366296783,10.6506215258998,10.7638379463313,10.8840041057216,11.0082271345031,11.1388118208712,11.2621514476978,11.3613628386563,11.4656971914388,11.5796760161508,11.700278334801,11.8262922955891,11.9582948293964,12.0979058200366,12.2452825949408,12.3998234377671,12.5276019592103,12.6050064778585,12.6947078614865,12.79151677958,12.8996195870725,13.0200054159045,13.1513673945064,13.295706525162,13.4420184167427,13.591595556619,13.7504275862908,13.9195166339526,14.0990186169637,14.2936016328276,14.5034177675237,14.7191857273227,14.9452932040086,15.1875894516344,15.4193492503136,15.6628700595425,15.930276789451,16.2025869268642,16.4585228460668,16.7111340490738
Population in urban agglomerations of more than 1 million (% of total population),EN.URB.MCTY.TL.ZS,Indonesia,IDN,7.9772270725073,8.16052657233518,8.25123198343041,8.29408213666879,8.33656527589579,8.40750068588675,8.49486853388629,8.56488400954306,8.62834032188175,8.68833374649818,8.75207352536902,8.82201835300898,8.95115391046765,9.10274577043235,9.26493005389248,9.43713733233878,9.61894608827438,9.80974925054431,10.0096050695256,10.2182115462104,10.4386603767935,10.5639258304922,10.6429669742715,10.7278339170771,10.8211677611482,10.9265294682211,11.0485510906078,11.182581956662,11.3246748121124,11.4738767901267,11.6350464562343,11.6685826107857,11.6435040345238,11.6281019450034,11.6216702557952,11.6253213667488,11.6392155152113,11.6633293565466,11.702342314843,11.7605798197812,11.8385369454214,11.8839376198134,11.9360865586486,11.9948055705519,12.0622986037934,12.1306505151239,12.1973812777351,12.2678491944505,12.3448862725954,12.4285591316518,12.5136240458499,12.5823160995947,12.6524897602786,12.7301735183191,12.8190163097243,12.9173980174405,13.0248854258934,13.1422907108119,13.2699548200163,13.4070413554941,13.5611262747336,13.7403232129256,13.9179644851587,14.0840565324806,14.2535993886809
Population in urban agglomerations of more than 1 million (% of total population),EN.URB.MCTY.TL.ZS,"Iran, Islamic Rep.",IRN,15.2756250758601,15.6337016918676,15.9981448538877,16.3672697888367,16.7405704331876,17.1170178765185,17.5094650371458,17.8848195042051,18.2574429179509,18.6347263488806,19.0158448589986,19.4154690965964,19.8382894779012,20.2689630518849,20.7053364260652,21.139602129079,21.5882782552055,21.9097134762436,22.1427100589915,22.3536284443504,22.5406931583609,22.3749819954183,22.2175430820027,22.3893202484014,22.6114124204466,22.8720098017258,23.1537409727026,23.018657086099,22.8373102648656,22.7292858604812,22.62841072604,22.5760507734593,22.5213203050167,22.7754154186184,23.0723033609004,23.1609302749383,23.2578000136766,23.3947685246104,23.515787596498,23.6265056465168,23.7271080706402,23.8118555556651,24.0708410337062,24.2650911001909,24.2118203294349,24.1406960514465,24.0856742969438,24.1289960645901,24.2630618207933,24.3920004263789,24.5218270811366,24.658273533195,24.7143261394839,24.7201910357519,24.7184239364791,24.7129540893816,24.6910367303444,24.667787506036,24.6857155225555,24.7560092142081,24.9080237308971,25.0489059536928,25.0869635919637,25.1069922010917,25.1541530926537
Population in urban agglomerations of more than 1 million (% of total population),EN.URB.MCTY.TL.ZS,Iraq,IRQ,20.3344122202456,21.5850658129838,22.7888654718349,23.9771030713903,25.2392501682942,26.5606780669435,27.1044409119794,27.3164572794058,27.5288342915411,27.7388838623147,27.9479120519503,28.1671244215881,28.3983645894734,28.6288857339784,28.8835515015051,29.1661234381983,29.4676629958405,29.7561050376424,29.714777013578,29.5822856845653,29.4724349455179,29.4056044884114,29.3970748329022,29.3436667294451,29.2496120205349,29.3638891492486,29.4647335830304,29.484181058963,29.6310049803005,29.678104956641,30.1545184101705,30.6992926818794,30.6682614928436,30.0785758386392,29.5135499560646,29.3774854915955,29.292842053751,29.2386932474253,29.1044086410135,28.9162828363067,28.7180925232074,28.5647420572557,28.4021004085931,28.2815372907591,27.0949998400892,25.9457554934185,25.421296059286,25.3063590236368,25.7524100967601,25.7828394681971,25.5737812851039,25.2906991929213,24.7613196341852,24.1975360289353,23.930951794086,23.8586937060401,23.8677801580972,23.9140925420173,23.9364799114997,23.9782967496421,24.0437281210107,24.1178243165719,24.194539795974,24.2965725133768,24.4428507310117
Population in urban agglomerations of more than 1 million (% of total population),EN.URB.MCTY.TL.ZS,Ireland,IRL,23.3755921657357,23.597011754709,23.9844854639375,24.3364240267821,24.7183199316251,25.1329023737532,25.5016615895874,25.6728970352633,25.8511430090377,25.9948169744088,26.0743258094513,26.0922110258853,26.1284884008101,26.1328602213257,26.1240478087649,26.1181984919503,26.1485153101404,26.2182987020901,26.2718452434592,26.3483364208966,26.4735993905298,26.5091514624964,26.2931895117333,26.1407166866063,26.0123999872042,26.0038348461115,26.0113456263119,25.9779715411362,26.0585330454426,26.1311776757052,26.0783375175798,25.9442000885623,25.9731679420419,26.0490495520321,26.1530932885768,26.226425603123,26.2313230754005,26.2000326059947,26.1585920312355,26.0952022299007,25.9788120070199,25.7953522321282,25.5952076668378,25.436548438004,25.2288918993421,24.934698169241,24.5266334565006,24.1182993547085,23.9201575928424,23.9667723176143,24.1272062024208,24.3083532965771,24.4705060274597,24.6076833507216,24.6954746293267,24.7306174854428,24.6823350176643,24.6179500750397,24.528799584812,24.4082535844786,24.3698542803835,24.3015819128339,24.0936603415108,23.9311930062552,23.8752721291938
Population in urban agglomerations of more than 1 million (% of total population),EN.URB.MCTY.TL.ZS,Isle of Man,IMN,..,..,..,..,..,..,..,..,..,..,..,..,..,..,..,..,..,..,..,..,..,..,..,..,..,..,..,..,..,..,..,..,..,..,..,..,..,..,..,..,..,..,..,..,..,..,..,..,..,..,..,..,..,..,..,..,..,..,..,..,..,..,..,..,..
Population in urban agglomerations of more than 1 million (% of total population),EN.URB.MCTY.TL.ZS,Israel,ISR,46.9609086006755,47.569885583524,46.6651112080244,46.3040773434216,45.8223434343434,45.552633632462,45.71962723469,45.0803278688525,45.4531573314306,45.590545707334,45.407061197041,45.3024437927664,45.4760165184244,44.9836790726052,44.9788569736453,45.2875542691751,45.6247381828474,45.9588707445336,46.3589701897019,46.5494453248811,46.8222279525529,47.2873356926188,47.8144877201687,48.3774421437272,49.1733589805242,49.7226317032837,50.3896022330775,51.0313801785306,51.6623367852319,52.2769809650288,52.1671459227468,50.558819963629,51.1636345891079,53.1197871127162,55.2110205593628,57.357042380523,58.3961876317639,58.2799520219328,58.2894322559035,58.148293877551,57.9542375576403,57.9225966765026,58.0922678843227,58.1817121844029,58.0917021589073,58.0027128035671,57.9129960162751,57.8193339925628,57.7275339316988,57.2814203270279,57.1618789023558,57.0311107677252,56.9036849756653,56.9483838947826,57.1529023698528,57.3255927733559,57.5154458226071,57.7175582156014,57.930157157653,57.85075104926,57.8280322514134,57.8222143969951,57.6252576510594,56.8106812874403,56.9678577157523
Population in urban agglomerations of more than 1 million (% of total population),EN.URB.MCTY.TL.ZS,Italy,ITA,15.8505050826997,16.1504204399408,16.4074454421186,16.6401525794115,16.8613507213788,17.0815612805794,17.3167748814715,17.5650343569531,17.8341978839408,18.1187232607898,18.4155988692325,18.7294513448272,18.8084774291625,18.7655911521249,18.727478580087,18.7002305387668,18.6916282023164,18.6967566014304,18.7149038156665,18.745763435964,18.7925133558504,18.8554498605572,18.8791195062609,18.88808256633,18.9004795223364,18.9123717990141,18.9295085505367,18.9465444208962,18.9571745984163,18.9634802548379,18.9689512764981,18.9779645597178,18.9499630500416,18.9063957672586,18.8706340577798,18.8385404250625,18.8015338861938,18.7600900201531,18.7232729393198,18.6888216958943,18.6491374713419,18.6067211950033,18.6105723499866,18.5828181808299,18.5175535269751,18.4822300849136,18.4811655630482,18.4418330871269,18.3729235192928,18.3393564592758,18.3313335085385,18.3411134362376,18.3645273207249,18.4017263806226,18.4732814885608,18.5761570244401,18.6870769821481,18.7984794304054,18.8292613278255,19.0043389416958,19.1394227994078,19.2801137189104,19.3614794349248,19.4115857728334,19.4594556747791
Population in urban agglomerations of more than 1 million (% of total population),EN.URB.MCTY.TL.ZS,Jamaica,JAM,..,..,..,..,..,..,..,..,..,..,..,..,..,..,..,..,..,..,..,..,..,..,..,..,..,..,..,..,..,..,..,..,..,..,..,..,..,..,..,..,..,..,..,..,..,..,..,..,..,..,..,..,..,..,..,..,..,..,..,..,..,..,..,..,..
Population in urban agglomerations of more than 1 million (% of total population),EN.URB.MCTY.TL.ZS,Japan,JPN,40.2494603930656,41.7156536069321,43.2279565588362,44.7619228362878,46.345503235194,47.9667867935315,49.0636462959404,49.8986123209083,50.7049212462009,51.4907032939082,52.3122646344884,52.4177318183108,52.8859349927231,53.3554131748645,53.8764900782484,54.4376193165013,54.6402154732875,54.7384431642546,54.8705620773977,55.0389274311847,55.2420205980806,55.3968196768683,55.5451941255908,55.6933457383054,55.8694827744144,56.0576901114725,56.40396519649,56.8165291761217,57.2712134314477,57.7374513484306,58.2484466868592,58.4823618147204,58.6475451074945,58.8399418404377,59.0601974787902,59.307866296863,59.354265766518,59.3253480568314,59.2783931962025,59.2859592043023,59.3044495951688,59.5007904112498,59.7904115500804,60.1082212374137,60.5549659129155,61.0381676880092,61.3907104979117,61.6772978336107,62.0102996181567,62.3855428085,62.748012805497,63.0554715918425,63.2852799912246,63.5060841931814,63.7207847512492,63.9195507350107,64.0841960716422,64.2693444223923,64.4843743839257,64.5301888133425,64.6611962522077,64.8823817820323,65.0747709556242,65.2768139843146,65.4309314387936
Population in urban agglomerations of more than 1 million (% of total population),EN.URB.MCTY.TL.ZS,Jordan,JOR,25.5559942868592,26.5437153447394,27.0869083540126,27.2987892931349,27.3898265806651,27.2210398020811,26.7984317186598,26.1988242448176,25.5314544686184,25.024641911615,24.7797194285835,24.8031632470086,25.0406665286328,25.4020316136267,25.8376821869722,26.3266730031516,26.8638126175519,27.4099282714926,27.9439142443709,28.440323100337,28.4534054013408,28.145612352006,27.769479675326,27.3493116914902,26.9164210634169,26.4757935951001,26.0331071275276,25.5937556806362,25.1538424679435,24.6881816990369,23.5094596549664,22.3937071105084,21.8715151538644,21.3782135316765,20.9825654633681,20.5017322882366,20.0043521486749,19.6426083742793,19.3601281416746,19.1127964212261,18.8832074580305,18.6588612182741,18.4278995296708,18.1804818953128,17.901055429381,18.1491700841202,17.8776672452858,17.6725777537498,18.1261128611049,18.6268553392983,19.1424389303996,19.6073110294283,20.3000028864681,20.2348179242021,19.3139446137327,18.6801636798698,18.7110067020328,19.2109105270882,19.7335271975413,19.7575949754359,19.7721851764178,19.7187854791586,19.6298185285827,19.513929848146,19.4989368880961
Population in urban agglomerations of more than 1 million (% of total population),EN.URB.MCTY.TL.ZS,Kazakhstan,KAZ,6.7751143931255,6.80407736126302,6.83759740600589,6.87730511475537,6.92811592256126,6.99123265754786,7.06539797319317,7.14580814866302,7.23298119348622,7.33599414027988,7.42648173689838,7.48739457176073,7.55173142755932,7.62540712641866,7.70868188281008,7.79560060647363,7.85729399321567,7.89118016005418,7.92839097204044,7.95936441997354,7.96982158390423,7.98328952360889,7.99830499667745,8.0126131535367,8.02505153010602,8.03461274311354,8.02316859769059,7.99723978783516,7.9791525834197,7.96061049079624,7.94830772947316,7.95179586309076,7.98833990812124,8.0772586763358,8.25023405911755,8.47022474354677,8.70011970618713,8.97201570928486,9.27115882535452,9.55518917920785,9.87605849725661,10.1973670271676,10.5358372022365,10.8903703346207,11.1694273855549,11.353511500448,11.5296680592231,11.6971702531565,11.8578275076439,12.0708880214654,12.403293735571,12.7400254611478,13.083012435033,13.4307904843459,13.7865722287222,14.1509737052336,14.5225010346555,14.9011327567103,15.3021696240589,15.5153516049695,15.7155662292758,15.9009072457545,16.0318277237155,16.1267300944452,16.216139305772
Population in urban agglomerations of more than 1 million (% of total population),EN.URB.MCTY.TL.ZS,Kenya,KEN,5.88571710004552,6.06743809598924,6.25002711069405,6.34756421874853,6.4320917007623,6.51336388494506,6.59604997666142,6.68124015125224,6.76908433576646,6.859341142509,6.90205317346409,6.95088364448468,7.01147626670686,7.07391904999155,7.14244398541462,7.21666476337383,7.29801915412101,7.37442891202669,7.44342856086791,7.51176566391124,7.56462903204359,7.61314620413677,7.66267924160948,7.70712863016319,7.75084680419118,7.79705806257007,7.84935075219406,7.90662305802224,7.96520208001238,8.02534211960937,8.10889922709257,8.21293997077117,8.3336299946765,8.46337575687215,8.6015230615308,8.74777378376333,8.90497078156689,9.06590289977485,9.22806611742701,9.38166253932277,9.45489149358954,9.50364921027339,9.55224744197085,9.60701466883778,9.66075834283853,9.71705489287719,9.77669688343878,9.83921196011741,9.9019544052952,9.96500497873104,10.0410237689197,10.1330213919533,10.2404665771652,10.3631952765869,10.5014305741579,10.6535018743207,10.8099248754983,10.9724026899921,11.1533632081211,11.3474047048223,11.5495287446119,11.7685139973821,11.9954429348376,12.2256557459122,12.4685945854606
Population in urban agglomerations of more than 1 million (% of total population),EN.URB.MCTY.TL.ZS,Kiribati,KIR,..,..,..,..,..,..,..,..,..,..,..,..,..,..,..,..,..,..,..,..,..,..,..,..,..,..,..,..,..,..,..,..,..,..,..,..,..,..,..,..,..,..,..,..,..,..,..,..,..,..,..,..,..,..,..,..,..,..,..,..,..,..,..,..,..
Population in urban agglomerations of more than 1 million (% of total population),EN.URB.MCTY.TL.ZS,"Korea, Dem. People's Rep.",PRK,5.50897030807852,5.54641746491639,5.62425700581641,5.69145982229571,5.75484279393659,5.81896912023562,5.87902921153026,5.92682516199981,6.06366070715061,6.27788576557555,6.50370812194869,6.74484443912737,6.99884300969216,7.27791003101031,7.59661013675844,7.94383731594765,8.32252246505195,8.73142764239317,9.16624638200451,9.62224198110821,10.100463974299,10.3112782105253,10.5232394122033,10.7403818005153,10.9629805322905,11.1889989127636,11.4197054822608,11.6552521907049,11.7578943071266,11.861163572052,11.9645159559167,12.0664131803431,12.1689937492733,12.2742617433002,12.2532868773855,12.1287181997295,12.0328597286151,11.9447289430972,11.8656002660311,11.7952476761562,11.7348582834972,11.6845566629735,11.6450807892241,11.5975007451107,11.5419277629306,11.4979513603485,11.4608216181471,11.4270033051097,11.3952656164533,11.4127587010255,11.4486751607559,11.4841440354669,11.5185876985505,11.5513676155081,11.5827498062768,11.6134481053045,11.6450075386233,11.6785420425956,11.7151084755333,11.7555390597732,11.8006090530294,11.8482949455055,11.8977000320371,11.9521296754314,12.0123637189471
Population in urban agglomerations of more than 1 million (% of total population),EN.URB.MCTY.TL.ZS,"Korea, Rep.",KOR,21.8102008230006,22.424281329659,23.0689438362948,23.7590606354024,24.5228737476618,25.3357240705817,26.1952587908011,27.4126934391752,28.80222458422,30.2866105681457,31.8894611481275,33.0864791411315,34.1756969009717,35.3463077559201,36.5941705854556,37.9139572670346,38.9435793491408,39.8803986455488,40.8602299455614,41.8671609567329,42.8855510767231,43.7135877651585,44.4601574028529,45.2565587974644,46.1850797441843,47.2512840349143,48.2396643405293,49.2073892242242,50.2088981561741,51.2311869117034,52.2886375309799,52.4876140136213,52.2257791117218,51.994681344529,51.7890175831748,51.6041683728631,51.4187875363696,51.2425103767759,51.2074070490916,51.2097848587535,51.1824629583605,51.0521728402714,50.9484489535213,50.8907271790702,50.9123825230538,51.045993757212,50.9362014663936,50.790748218118,50.52141988084,50.3804476509666,50.2525542179022,50.0691496291761,50.0492640884825,50.0663201153355,49.9995280477479,49.9855855970996,50.0396180601499,50.1542339419575,50.1949556788324,50.1573713515329,50.2267168727268,50.4320581259184,50.6693328911129,50.7752430794503,50.8861585747076
Population in urban agglomerations of more than 1 million (% of total population),EN.URB.MCTY.TL.ZS,Kosovo,XKX,..,..,..,..,..,..,..,..,..,..,..,..,..,..,..,..,..,..,..,..,..,..,..,..,..,..,..,..,..,..,..,..,..,..,..,..,..,..,..,..,..,..,..,..,..,..,..,..,..,..,..,..,..,..,..,..,..,..,..,..,..,..,..,..,..
Population in urban agglomerations of more than 1 million (% of total population),EN.URB.MCTY.TL.ZS,Kuwait,KWT,57.4480807561242,57.3562271459336,57.235029026351,57.2154390756008,57.4475550341883,58.1040113282704,59.8360083131036,61.7165720144757,63.7828696729464,66.2082428227558,68.2845680583947,66.7103237172225,65.4989612669935,64.4009025688025,63.3359207817047,62.2741462063622,61.4889485208843,60.6794152412158,59.990047145493,59.4953052797514,59.2240603622319,58.9366348664226,58.7848274866464,58.6733322058482,58.869669048184,59.2171433217086,59.3750633707136,59.5635447546364,59.8134076479817,60.1168539974421,82.6119600977909,100,79.3996309392089,72.825540277164,68.6288010834188,65.1387173337346,65.5143835038486,65.6172263203264,65.8204025154232,66.1175349862897,66.5119462794718,66.9971082419834,67.5878433417121,68.2899177726137,69.1202046984221,69.205351602387,68.8599939189752,68.3008046215798,67.9626132553072,67.8025701452772,67.7396197286649,66.9480537306077,66.1130038005951,66.1609239179393,66.5960878109352,66.9721330192089,67.4669888034653,68.3957541279846,69.1398086973215,68.7139996344249,70.7810003347524,72.8597422759017,70.5615447650286,67.9471177025685,67.4245219156707
Population in urban agglomerations of more than 1 million (% of total population),EN.URB.MCTY.TL.ZS,Kyrgyz Republic,KGZ,..,..,..,..,..,..,..,..,..,..,..,..,..,..,..,..,..,..,..,..,..,..,..,..,..,..,..,..,..,..,..,..,..,..,..,..,..,..,..,..,..,..,..,..,..,..,..,..,..,..,..,..,..,..,..,..,..,..,..,..,..,..,..,..,..
Population in urban agglomerations of more than 1 million (% of total population),EN.URB.MCTY.TL.ZS,Lao PDR,LAO,..,..,..,..,..,..,..,..,..,..,..,..,..,..,..,..,..,..,..,..,..,..,..,..,..,..,..,..,..,..,..,..,..,..,..,..,..,..,..,..,..,..,..,..,..,..,..,..,..,..,..,..,..,..,..,..,..,..,..,..,..,..,..,..,..
Population in urban agglomerations of more than 1 million (% of total population),EN.URB.MCTY.TL.ZS,Latvia,LVA,..,..,..,..,..,..,..,..,..,..,..,..,..,..,..,..,..,..,..,..,..,..,..,..,..,..,..,..,..,..,..,..,..,..,..,..,..,..,..,..,..,..,..,..,..,..,..,..,..,..,..,..,..,..,..,..,..,..,..,..,..,..,..,..,..
Population in urban agglomerations of more than 1 million (% of total population),EN.URB.MCTY.TL.ZS,Lebanon,LBN,31.2587006508003,32.0418964760519,32.8113331846094,33.6107000095416,34.4735373739931,35.0894351912625,35.7275190153892,36.4207961912893,37.1369080396476,37.8534283955692,38.6755201134564,40.8889864506355,44.11085818429,47.6075765613978,51.4383240645344,55.6960126481932,55.8915579087824,56.0448273178008,55.7144588019479,55.4225560988471,55.1164898499472,54.7960256312685,54.8293889452822,53.1336066347097,51.2087565625373,49.2670735406741,47.1532088117526,45.1292328731921,43.4197511816685,39.4997000242534,35.9517686899803,32.7084705220512,32.4669481617913,32.2838514000377,32.1482421071114,32.0089074376347,31.8564254168938,31.7174183168407,32.5259172966371,33.4147224728261,34.3397838931569,35.3083587654291,37.5890331900677,37.7933040887343,37.909594090726,38.0498648926956,38.2648065641564,38.3893414652575,38.6203509433028,38.9746823449854,39.479256094871,39.949176023642,39.7730636841922,37.0871896195936,34.3286187625946,34.4336141277772,36.0540149864148,37.8546841883805,39.8600194949332,41.5365597658783,42.5158854222382,42.5770733817851,42.3563349150812,41.9391519137548,41.3796197770499
Population in urban agglomerations of more than 1 million (% of total population),EN.URB.MCTY.TL.ZS,Lesotho,LSO,..,..,..,..,..,..,..,..,..,..,..,..,..,..,..,..,..,..,..,..,..,..,..,..,..,..,..,..,..,..,..,..,..,..,..,..,..,..,..,..,..,..,..,..,..,..,..,..,..,..,..,..,..,..,..,..,..,..,..,..,..,..,..,..,..
Population in urban agglomerations of more than 1 million (% of total population),EN.URB.MCTY.TL.ZS,Liberia,LBR,6.5867091640179,7.54078256974935,8.42361861225908,8.73087646059113,9.04885421590552,9.3747773313217,9.7134288193068,10.0644491639276,10.4278343487402,10.8020047495637,11.1899969727465,11.5968131950691,12.0176058392268,12.4410515866501,12.9352505776697,13.5352349284493,14.1612989645091,14.8005202662033,15.4541709679708,16.1307685694498,16.8347541768757,17.5715334745607,18.3525478063619,19.1489492969765,20.5369040432299,22.9399711408728,25.6440190235178,28.6826805494969,32.1014278644234,35.9256558550959,46.8531484255511,61.3334505483722,45.6443812452924,34.6240544636369,27.3691491063887,21.3908412557476,37.4611441439706,33.3924025347816,29.075091643684,26.5089925023497,28.5347887396576,30.9425344687727,33.6710630991133,37.3071986438991,41.1797426076027,36.4139817601556,31.8359155113159,28.003488641474,25.670249408336,25.8098091111704,26.0157826400814,25.9561193581507,25.9980521572735,26.3876718895791,26.8142514076112,27.2529413999263,27.7043229803634,28.1913207566626,28.6830857766436,29.086184584754,29.463946046413,29.832984207283,30.197156530054,30.548161843616,30.9178973766649
Population in urban agglomerations of more than 1 million (% of total population),EN.URB.MCTY.TL.ZS,Libya,LBY,11.6705852407076,11.7704645950148,11.8661372660238,11.9667048614665,12.125055098076,13.0361443779569,14.1329960093301,15.2982379613518,16.5268404393529,17.8013824205317,19.1323876194487,20.5597868433932,22.1048016455751,23.624563724806,23.2304680802776,22.5599209194744,21.8905960781806,21.2255768023479,20.5730270602118,19.9394467145312,19.3348689893464,18.7713275710578,18.7394909477511,19.2712426938599,19.5012339567732,19.3800825650305,19.3112316588602,19.2888945282014,19.301210192661,19.3373813010601,19.398079608318,19.4828360179562,19.5915309873044,19.7213844364463,19.8756873910341,20.0551148671355,19.9231141399926,19.7558601906276,19.5992416602862,19.4433999905712,19.258133002678,19.0383184368904,18.8064250845525,18.5635187256713,18.3109327969965,18.0541469427688,17.8109267382037,17.5702855982098,17.3209546093854,17.0821366092187,16.8540494770646,17.3853020311663,17.9707728736846,17.7364310788836,17.5193535277596,17.3590695026914,17.2157314260917,17.0614221883222,16.9037334347585,16.7013737382631,16.5368206967412,16.3946924917749,16.2771558756085,16.196923508201,16.1554299451445
Population in urban agglomerations of more than 1 million (% of total population),EN.URB.MCTY.TL.ZS,Liechtenstein,LIE,..,..,..,..,..,..,..,..,..,..,..,..,..,..,..,..,..,..,..,..,..,..,..,..,..,..,..,..,..,..,..,..,..,..,..,..,..,..,..,..,..,..,..,..,..,..,..,..,..,..,..,..,..,..,..,..,..,..,..,..,..,..,..,..,..
Population in urban agglomerations of more than 1 million (% of total population),EN.URB.MCTY.TL.ZS,Lithuania,LTU,..,..,..,..,..,..,..,..,..,..,..,..,..,..,..,..,..,..,..,..,..,..,..,..,..,..,..,..,..,..,..,..,..,..,..,..,..,..,..,..,..,..,..,..,..,..,..,..,..,..,..,..,..,..,..,..,..,..,..,..,..,..,..,..,..
Population in urban agglomerations of more than 1 million (% of total population),EN.URB.MCTY.TL.ZS,Luxembourg,LUX,..,..,..,..,..,..,..,..,..,..,..,..,..,..,..,..,..,..,..,..,..,..,..,..,..,..,..,..,..,..,..,..,..,..,..,..,..,..,..,..,..,..,..,..,..,..,..,..,..,..,..,..,..,..,..,..,..,..,..,..,..,..,..,..,..
Population in urban agglomerations of more than 1 million (% of total population),EN.URB.MCTY.TL.ZS,"Macao SAR, China",MAC,..,..,..,..,..,..,..,..,..,..,..,..,..,..,..,..,..,..,..,..,..,..,..,..,..,..,..,..,..,..,..,..,..,..,..,..,..,..,..,..,..,..,..,..,..,..,..,..,..,..,..,..,..,..,..,..,..,..,..,..,..,..,..,..,..
Population in urban agglomerations of more than 1 million (% of total population),EN.URB.MCTY.TL.ZS,Madagascar,MDG,4.93241184896427,4.96853125658815,5.00582264610013,5.04390350730338,5.08257430558728,5.12036536133667,5.16226309484375,5.23343490069072,5.30302657911457,5.37004241974514,5.43493460659415,5.49726679854672,5.58803731427042,5.67804987014356,5.76866586077841,5.8614459948502,5.97378833774967,6.08701521726439,6.2023057472371,6.31958662243017,6.44049454854258,6.56545185688432,6.6951038595072,6.82845672537886,6.96659447138748,7.10759999240881,7.25444140682883,7.40574318174474,7.5588712992752,7.71150067689033,7.8643529389027,8.01725278897439,8.17202268283328,8.32522753629613,8.33288893296165,8.32268957799203,8.30829722954306,8.29010352606603,8.27093352574063,8.2538639715519,8.24324375052145,8.23961736726704,8.21208629353319,8.18950285897617,8.16846896543422,8.1458239418797,8.32892189609713,8.51754278337225,8.71102531848838,8.90756977214757,9.11164414375833,9.32687765913164,9.55488513171564,9.79163633603478,10.0388671650067,10.2965929281745,10.5644485476448,10.8403439924967,11.1234596521555,11.3764590326268,11.6344431060558,11.8954468585737,12.1558244022023,12.412720991955,12.6659520507396
Population in urban agglomerations of more than 1 million (% of total population),EN.URB.MCTY.TL.ZS,Malawi,MWI,0.291554832318762,0.314463546827993,0.339095086129416,0.365542316817356,0.394065501631724,0.424739579073751,0.457821314620601,0.514430357154477,0.580972257424189,0.65597861091254,0.74081603057784,0.836273849115867,0.943752916980803,1.06392205498949,1.19855982986527,1.34902684076971,1.51703425663154,1.70196419116496,1.81109482538435,1.89468826783135,1.97921037473452,2.06552520742109,2.15537111666988,2.24917108746263,2.3481993942295,2.45250054195862,2.56595855551396,2.6555212756901,2.68567306679498,2.72483658848633,2.78616303709716,2.87380614039071,2.96937991307221,3.11250732203659,3.34956763936741,3.56810665335188,3.72160466326669,3.87968795786039,4.03854357263069,4.1311105808901,4.20978651180785,4.28854060766366,4.36774227217174,4.44598538743844,4.52213337501621,4.59483314331562,4.66537578205613,4.73387421045564,4.7996707596804,4.86384628614981,4.92930107470676,4.99727416049581,5.06843691590168,5.14228104069493,5.2189454429548,5.29946088477967,5.38270901509585,5.46824049049555,5.55718101620993,5.64863349422404,5.7424307951392,5.84054936590331,5.94263777517015,6.04760638048354,6.1559842709997
Population in urban agglomerations of more than 1 million (% of total population),EN.URB.MCTY.TL.ZS,Malaysia,MYS,4.31772868369147,4.32374872358102,4.32888489639592,4.33374873287639,4.33958293263812,4.34710980335692,4.35745390690565,4.37315315639397,4.39338462302529,4.41376947618606,4.43275151633758,4.66051892784474,4.91457440336954,5.1817267624765,5.46387943975246,5.76175867427179,6.0761966475681,6.40606834011413,6.75463493853947,7.12206864471595,7.48222937308308,7.82942089913855,8.19096035379104,8.56591044586809,8.95584520613816,9.35879133437161,9.78188460598668,10.2296117458923,10.7074792792948,11.2169987670226,11.7626921202068,12.3513394928838,12.8882408371159,13.443094596066,14.0252393916867,14.6329235060905,15.2711401156264,15.9399029287093,16.6447198171629,17.3930137869257,18.1840058279812,18.3534908536054,18.5155575503713,18.6888305573161,18.874866511049,19.0694126827566,19.2746784009287,19.4925852798106,19.7292758785899,19.9876493247342,20.2749805135272,20.5909538767162,20.9220151643651,21.2569585373496,21.5961246198504,21.9366545386039,22.2749517650143,22.6190676346915,22.9829527646514,23.2660356890768,23.5967373785164,23.9503250633073,24.2670308791981,24.54492642521,24.7924829051665
Population in urban agglomerations of more than 1 million (% of total population),EN.URB.MCTY.TL.ZS,Maldives,MDV,..,..,..,..,..,..,..,..,..,..,..,..,..,..,..,..,..,..,..,..,..,..,..,..,..,..,..,..,..,..,..,..,..,..,..,..,..,..,..,..,..,..,..,..,..,..,..,..,..,..,..,..,..,..,..,..,..,..,..,..,..,..,..,..,..
Population in urban agglomerations of more than 1 million (% of total population),EN.URB.MCTY.TL.ZS,Mali,MLI,2.40658577893772,2.45853780259064,2.52101172609153,2.58514629587159,2.65125106345848,2.71846536670102,2.79925939530386,2.89440361774997,2.99195509305556,3.25106220692995,3.53164962737028,3.83578156220876,4.16495083228378,4.51713220918385,4.89759711804267,5.3090265239253,5.75607252945311,6.05273263395647,6.20064509338003,6.34851678569966,6.49452261897095,6.63986139705796,6.78741517066882,6.93553967937867,7.09064969552051,7.25868014032326,7.4422973254766,7.63401083080564,7.80561820494372,7.97097713339803,8.13155925101565,8.2939580180816,8.45748277601811,8.6173597247546,8.77477957076686,8.93378882347368,9.09722984242373,9.25179601361763,9.41125628264036,9.64823158313824,9.8787468780522,10.1038115847691,10.3244534323998,10.542299913559,10.7591665013663,10.9748189756332,11.1950138594048,11.4187764023164,11.6480516213944,11.8241740699823,11.8251588973683,11.8280296573287,11.8684677915057,11.9078799847534,11.9193350464785,11.9345849211602,11.9453049766485,11.9534935906511,11.9692075591318,12.0053131691744,12.0553825680548,12.1187852941426,12.2090189939253,12.3242767813896,12.4621940107265
Population in urban agglomerations of more than 1 million (% of total population),EN.URB.MCTY.TL.ZS,Malta,MLT,..,..,..,..,..,..,..,..,..,..,..,..,..,..,..,..,..,..,..,..,..,..,..,..,..,..,..,..,..,..,..,..,..,..,..,..,..,..,..,..,..,..,..,..,..,..,..,..,..,..,..,..,..,..,..,..,..,..,..,..,..,..,..,..,..
Population in urban agglomerations of more than 1 million (% of total population),EN.URB.MCTY.TL.ZS,Marshall Islands,MHL,..,..,..,..,..,..,..,..,..,..,..,..,..,..,..,..,..,..,..,..,..,..,..,..,..,..,..,..,..,..,..,..,..,..,..,..,..,..,..,..,..,..,..,..,..,..,..,..,..,..,..,..,..,..,..,..,..,..,..,..,..,..,..,..,..
Population in urban agglomerations of more than 1 million (% of total population),EN.URB.MCTY.TL.ZS,Mauritania,MRT,0.637390846514246,0.663698773409977,0.759678042853987,0.956321921419081,1.20343215935492,1.46737601999497,1.74017124549739,2.06247391275329,2.44457781140945,2.89541918755402,3.43015040834474,4.0642955556222,4.81822733672557,5.70990448880996,6.76961879973036,8.02791760938833,9.52448651903392,10.7141696361563,11.4259721852241,12.185239935844,12.9957538552132,13.8533974738888,14.7674573526624,15.7420650183663,16.7826797355978,17.8864783471309,19.0664075098397,20.3242459570475,21.3344332732174,21.3919459729865,21.4456538779575,21.4162741611096,21.1949897875377,20.9286271436508,20.8008254447524,20.8093193086383,20.978692114454,21.0949999709701,21.1353439333466,21.1587686656715,21.159727730605,21.4486180172916,21.9145529466107,22.3734014359507,22.8291985398081,23.2741159670493,23.7096089140779,24.130577528589,24.4932175069088,24.7952167304826,25.0867231009462,25.3681114967379,25.6492754696419,25.9637770538021,26.3146502780034,26.6718844042513,27.0361814069544,27.4082078563625,27.7893392443204,28.1793931026826,28.5782296199826,28.981637103754,29.3610660514718,29.7058342746087,30.0256799876968
Population in urban agglomerations of more than 1 million (% of total population),EN.URB.MCTY.TL.ZS,Mauritius,MUS,..,..,..,..,..,..,..,..,..,..,..,..,..,..,..,..,..,..,..,..,..,..,..,..,..,..,..,..,..,..,..,..,..,..,..,..,..,..,..,..,..,..,..,..,..,..,..,..,..,..,..,..,..,..,..,..,..,..,..,..,..,..,..,..,..
Population in urban agglomerations of more than 1 million (% of total population),EN.URB.MCTY.TL.ZS,Mexico,MEX,26.1324482230787,26.5764677745263,27.0072963413512,27.4375597802942,27.8725805382446,28.3074581308767,28.7508201486268,29.2062616270227,29.6818181255582,30.1798335488857,30.609372009062,30.9260120446707,31.2686238547324,31.6324360283142,32.0252674151283,32.449213663737,32.9111674413764,33.4063014491459,33.9367704857619,34.5058867354371,35.0891646392126,35.2743118268351,35.516231962002,35.788901233326,36.0936503791769,36.4247873904031,36.7850527899899,37.1722048850033,37.5891679547251,38.0391445453456,38.405028630103,38.5193102801672,38.6498585870532,38.7968807789489,38.9628531869626,39.1456746353596,39.3509667245853,39.5783900115215,39.8282065612283,40.0985918786546,40.2671885679281,40.2448297761401,40.2429382007185,40.258356803844,40.289294615614,40.3268429111451,40.3645894957101,40.3819521438692,40.3804833604,40.3781407634042,40.389050208145,40.4329835371892,40.5025790157644,40.5960989533416,40.7274675259715,40.917967648192,41.0143925526025,41.1266122834935,41.237481477934,41.3556200504215,41.5396174801115,41.8011595436543,42.0395642848777,42.2368627954674,42.4429685154417
Population in urban agglomerations of more than 1 million (% of total population),EN.URB.MCTY.TL.ZS,"Micronesia, Fed. Sts.",FSM,..,..,..,..,..,..,..,..,..,..,..,..,..,..,..,..,..,..,..,..,..,..,..,..,..,..,..,..,..,..,..,..,..,..,..,..,..,..,..,..,..,..,..,..,..,..,..,..,..,..,..,..,..,..,..,..,..,..,..,..,..,..,..,..,..
Population in urban agglomerations of more than 1 million (% of total population),EN.URB.MCTY.TL.ZS,Moldova,MDA,..,..,..,..,..,..,..,..,..,..,..,..,..,..,..,..,..,..,..,..,..,..,..,..,..,..,..,..,..,..,..,..,..,..,..,..,..,..,..,..,..,..,..,..,..,..,..,..,..,..,..,..,..,..,..,..,..,..,..,..,..,..,..,..,..
Population in urban agglomerations of more than 1 million (% of total population),EN.URB.MCTY.TL.ZS,Monaco,MCO,..,..,..,..,..,..,..,..,..,..,..,..,..,..,..,..,..,..,..,..,..,..,..,..,..,..,..,..,..,..,..,..,..,..,..,..,..,..,..,..,..,..,..,..,..,..,..,..,..,..,..,..,..,..,..,..,..,..,..,..,..,..,..,..,..
Population in urban agglomerations of more than 1 million (% of total population),EN.URB.MCTY.TL.ZS,Mongolia,MNG,18.3166853349291,19.4872800916293,20.7464827681565,21.5445386340005,21.7584622907491,21.9472284178338,22.1241774464363,22.3076768844675,22.5168098997504,22.7465451514873,22.9770272189934,23.1932731410579,23.3953824238873,23.5814676891246,23.7575464195567,23.9264904293232,24.0951209083877,24.2721785001697,24.4874242652525,24.6870670017144,24.8423150055692,24.9986659834972,25.1574468847809,25.3146369892821,25.4676690413578,25.6089729244752,25.7377984895724,25.8530749456199,25.9658665659758,26.1452274637096,27.2401618136855,27.1777391285072,27.9458342367111,28.8011805295756,29.3189214372007,29.698217259303,30.1044431373747,30.5518053888949,31.0156729748443,31.479926493956,32.0362735151671,32.9255163166099,33.8211052797703,34.7457681785086,35.7504269633537,36.785342415472,37.816146041085,38.8227607279436,39.7648911301108,40.6360560585482,41.5479025582939,42.3920537397575,43.1250077032649,43.7921760214087,44.4184545105097,45.080056454469,45.8001279438083,46.5743936724912,47.3906306642159,47.5155867799501,47.6183005310164,47.7310172380215,47.8935553803016,48.0481852953554,48.211778977913
Population in urban agglomerations of more than 1 million (% of total population),EN.URB.MCTY.TL.ZS,Montenegro,MNE,..,..,..,..,..,..,..,..,..,..,..,..,..,..,..,..,..,..,..,..,..,..,..,..,..,..,..,..,..,..,..,..,..,..,..,..,..,..,..,..,..,..,..,..,..,..,..,..,..,..,..,..,..,..,..,..,..,..,..,..,..,..,..,..,..
Population in urban agglomerations of more than 1 million (% of total population),EN.URB.MCTY.TL.ZS,Morocco,MAR,13.9504718005687,14.2067548760234,14.4626025822707,14.7336967229264,15.0277163469776,15.3167974037045,15.6061179379521,15.9005883016214,16.2071952137383,16.5257150768736,16.8574017467523,17.2088509054258,17.4090148807902,17.6073112601538,17.8137931504313,18.0241943430464,18.2427551962305,18.4559035936984,18.662040110113,18.8675012947369,19.063396023308,19.2527135182326,19.4500981904861,19.5014875101943,19.5406797272807,19.6026825235633,19.7063396375784,19.8491636647802,20.0087070398941,20.1822442270308,20.3680565005484,20.5735478031506,20.7970913438542,21.0373495788689,21.3003458121439,21.3541436824259,21.3628399797121,21.3789767862721,21.3986507973746,21.425852384216,21.465762319016,21.5134679961157,21.5721500361222,21.6429345704289,21.7125967072834,21.7085767825596,21.6921887098375,21.6798228000683,21.6699702313748,21.6624085746528,21.6526397128704,21.6424518181311,21.6403563086233,21.6497658266112,21.6745992811531,21.7136715797703,21.7496291128543,21.7863978934725,21.8464018732268,21.9307955301191,22.0290733094454,22.1469478554161,22.279918403526,22.4234428341475,22.5879701762338
Population in urban agglomerations of more than 1 million (% of total population),EN.URB.MCTY.TL.ZS,Mozambique,MOZ,2.98084735752816,3.15754236762422,3.34285883188193,3.53806027375065,3.74486169034278,3.96203510440468,4.19204573852405,4.4354557870685,4.69281846202265,4.96365975199304,5.24861141849966,5.45307135482267,5.57864518715486,5.6997901106537,5.82134675343784,5.94256236127367,6.06581861192968,6.18512025701774,6.30091587596826,6.42516340613025,6.62929912887196,6.75592513809712,6.8612704101783,6.97562876113297,7.09968549736382,7.23344241816586,7.37939191162687,7.63037904869958,7.93625559135781,8.17172783241632,8.36309829053139,8.51613492719117,8.67353699862693,8.72533091854413,8.46824829270314,8.28317104757799,8.32476983449427,8.4114307614014,8.40126308038816,8.38282724086028,8.37015468525514,8.3570538764484,8.34462915472865,8.33243822668329,8.32086167188995,8.30827780683254,8.29496215607314,8.28109839350402,8.3554103856834,8.44258453282672,8.53957099007858,8.64444005525975,8.76024114870314,8.89169163611873,9.04206627185206,9.21223229001884,9.40115641359976,9.60495722686252,9.43242902735221,9.27927566173365,9.14888105674668,9.05122398905001,8.99010866098939,8.96442294313451,8.97525121877989
Population in urban agglomerations of more than 1 million (% of total population),EN.URB.MCTY.TL.ZS,Myanmar,MMR,8.47843444046893,8.48636962716104,8.4937981394969,8.50034169907323,8.50621479303788,8.50975049621221,8.5131050692497,8.5168718516089,8.52129204296693,8.52600131983646,8.53182302397057,8.5404441199244,8.55192870321866,8.5684136793045,8.57935560671713,8.59165713526374,8.60632746824967,8.61953989872294,8.63081059454709,8.64359878576107,8.65799902995148,8.67483925810328,8.69687104922677,8.70963746684521,8.71686597456614,8.73042651786548,8.75511103104772,8.79111369409459,8.83648726881611,8.88752760513949,8.94385451170398,9.00839265008496,9.08016348190694,9.15461598645226,9.23150350481509,9.31125578677489,9.39375078496373,9.47705082166753,9.56403994207303,9.65748337647164,9.75933522629884,9.86787110541426,9.98312815836028,10.1066440852066,10.2401120641091,10.3825437491364,10.5330098994175,10.6878117490721,10.8624485653707,11.0387943525153,11.1971916341546,11.3513181553474,11.5036051406005,11.656375196075,11.8139048160918,11.9771717841097,12.1437352744975,12.3152223440367,12.4952003689453,12.6324466767766,12.7683856741866,12.9076101564756,13.0496619896572,13.1934230810851,13.3443795534213
Population in urban agglomerations of more than 1 million (% of total population),EN.URB.MCTY.TL.ZS,Namibia,NAM,..,..,..,..,..,..,..,..,..,..,..,..,..,..,..,..,..,..,..,..,..,..,..,..,..,..,..,..,..,..,..,..,..,..,..,..,..,..,..,..,..,..,..,..,..,..,..,..,..,..,..,..,..,..,..,..,..,..,..,..,..,..,..,..,..
Population in urban agglomerations of more than 1 million (% of total population),EN.URB.MCTY.TL.ZS,Nauru,NRU,..,..,..,..,..,..,..,..,..,..,..,..,..,..,..,..,..,..,..,..,..,..,..,..,..,..,..,..,..,..,..,..,..,..,..,..,..,..,..,..,..,..,..,..,..,..,..,..,..,..,..,..,..,..,..,..,..,..,..,..,..,..,..,..,..
Population in urban agglomerations of more than 1 million (% of total population),EN.URB.MCTY.TL.ZS,Nepal,NPL,1.17721282168955,1.17347696289229,1.17615849877522,1.17862204186502,1.18072694637649,1.18211887130976,1.18317496018393,1.18385276016338,1.18414119086538,1.18419144974996,1.18402018624675,1.18463632865334,1.21224728520431,1.24025639011094,1.26892305560663,1.29800994110245,1.3280340062023,1.35785656770127,1.38734657282377,1.41724580809567,1.44757590204657,1.47903368727235,1.53169222677623,1.58558998830316,1.64193752713599,1.70128870562543,1.76401283089372,1.83072742370691,1.90036719912444,1.96998531887746,2.03831858448326,2.10487360566965,2.14425658744202,2.18606479771941,2.23385504367243,2.28504818448402,2.34213012109563,2.40341475597433,2.4692490911349,2.53953552880538,2.61538616346626,2.69578624035486,2.76373929136747,2.83652872591193,2.91553226517659,3.00088280039824,3.09356993159342,3.19333018073582,3.29934708870536,3.41102493703777,3.52865077080086,3.65664118916591,3.79652161628245,3.94397302558507,4.09312249005055,4.23743789855737,4.39001508900121,4.56053419664336,4.73556526925921,4.84305237012206,4.91433678004171,4.99360984101447,5.11874367248052,5.29055538489236,5.46908720344309
Population in urban agglomerations of more than 1 million (% of total population),EN.URB.MCTY.TL.ZS,Netherlands,NLD,15.9549566796391,15.8930988239936,15.8145026520688,15.748364987833,15.6844741373055,15.5287484102948,15.2987764938263,15.0983064963005,14.9146552387126,14.7158514873135,14.5330384738275,14.3860959610662,14.2677250329423,14.177954810518,14.096612077499,13.9452311098769,13.7533244610857,13.5901620828533,13.4260958132796,13.2541117958267,13.0928705706088,12.9696077996475,12.8772089663089,12.7961024760094,12.7137005968645,12.6706226048246,12.6643342928264,12.6479735441513,12.6302786418569,12.6182620714104,12.6208724068673,12.6371766894288,12.6577910173005,12.6856855243772,12.7258442167824,12.7386456800651,12.7135588311463,12.6816628391515,12.6370254575463,12.5864022512397,12.530390700758,12.4700894543125,12.4246072293711,12.3999294435321,12.3907467359679,12.4044324378114,12.4363907943552,12.4614936084762,12.4654489503662,12.4538335095341,12.442617972225,12.4373557560459,12.4443075430431,12.4606294339493,12.4691017045471,12.4673293969518,12.4546264971979,12.4347451588018,12.4159510444285,12.3898622728536,12.3785110225611,12.373926626774,12.3189380114617,12.2616918600466,12.2468988265521
Population in urban agglomerations of more than 1 million (% of total population),EN.URB.MCTY.TL.ZS,New Caledonia,NCL,..,..,..,..,..,..,..,..,..,..,..,..,..,..,..,..,..,..,..,..,..,..,..,..,..,..,..,..,..,..,..,..,..,..,..,..,..,..,..,..,..,..,..,..,..,..,..,..,..,..,..,..,..,..,..,..,..,..,..,..,..,..,..,..,..
Population in urban agglomerations of more than 1 million (% of total population),EN.URB.MCTY.TL.ZS,New Zealand,NZL,18.5582258200523,18.6833078480803,18.9710717163578,19.3705663954499,19.7581418735979,20.2411733373916,20.6720355768153,21.0179141734885,21.5655543830283,22.1214296018465,22.5879674102537,22.9821240799159,23.1837184476049,23.3412352682943,23.4706485431756,23.6338101261717,23.9424529818357,24.0971091596693,24.3209342560554,24.6510775168865,24.8571749815285,24.9993919805434,24.9901777510218,24.8896946206983,24.9128009668123,24.9970127190416,25.2838616270831,25.4321096994869,25.7324419808735,25.9818137730359,26.1181152021142,25.3804755228749,25.9086275731234,26.4194613963384,26.8906629834254,27.333287962106,27.7505091103966,27.8687488429905,28.1073918741809,28.4508096268676,28.7812427093864,29.1141347764463,29.3034570089908,29.4243643226063,29.6911070336391,30.0655555286775,30.4172919753381,30.4974193853876,30.603854641063,30.6633198531121,30.6890155607144,30.822878649635,31.2814137610308,31.675176155422,31.7897708402524,31.7853299778713,31.7151312021383,31.6949060993851,31.7690690935804,31.7727345758355,31.5619032650976,31.8919257331794,32.2905747395986,31.9012392755005,31.7087196778121
Population in urban agglomerations of more than 1 million (% of total population),EN.URB.MCTY.TL.ZS,Nicaragua,NIC,11.1421309829048,11.4721274893803,11.8119028494124,12.1664438643208,12.559298290299,12.9586270149627,13.3674958602689,13.7857068046448,14.215874957598,14.6566723357795,15.1137092896806,15.4998849919494,15.5721334266923,15.6446397848772,15.6901988415399,15.7387636171552,15.7914438447427,15.8476394921495,15.9234091069936,16.0306207092692,16.1325026449674,16.2192132287844,16.3207798193818,16.4421709087263,16.5888297213896,16.7518283524607,16.9252880152297,17.1082416920048,17.2934959922665,17.470925686024,17.6523143575863,17.8409099179108,18.0404477733206,18.2524229118411,18.4810200038863,18.630322096107,18.3790228022395,18.1651053014478,17.9789931925986,17.8122485626818,17.6568743923755,17.5176622623616,17.3930257796788,17.2751754330246,17.157691992584,17.0386392629872,17.1327891224253,17.2257620774632,17.3202527062671,17.4158120751313,17.2886038222555,17.163537490907,17.0410285078492,16.9214610338336,16.8058574873255,16.6933710951786,16.5839465808051,16.4773580953578,16.3735922050974,16.2789610863129,16.2019000902781,16.1458813819831,16.0919577800315,16.0400362681764,16.007744204137
Population in urban agglomerations of more than 1 million (% of total population),EN.URB.MCTY.TL.ZS,Niger,NER,1.64185960257343,1.73783771349513,1.83951089238986,1.92378251055932,2.01244266116234,2.10544250863337,2.20367375785732,2.33416363377447,2.47341004719508,2.62110490584381,2.77852385074001,2.94661578966653,3.12574607352526,3.31436034907644,3.51444737758971,3.72575309586067,3.94879232463099,4.18218643077337,4.32361992152078,4.39979071643353,4.47565674609609,4.55213107991356,4.63089836953217,4.71141410991551,4.79397091536274,4.87659053078497,4.95920628271366,5.04231499176713,5.12657068203899,5.20784638782891,5.28895582326894,5.37026290233886,5.45213210846947,5.53220165855949,5.61068870422583,5.68496938966367,5.75864134185352,5.83389646097749,5.9067275413393,5.97711103781267,6.04710142723962,6.10324255050921,6.07155443324655,6.03817274445291,6.00306682518915,5.96578617105664,5.92736586770612,5.88777332015637,5.84746758460778,5.80607670439845,5.76474416477051,5.72393340282062,5.68070371937877,5.63816820157433,5.60005253979918,5.56179498601219,5.52525209017047,5.4947678718698,5.47042196416461,5.4537399886185,5.44678758355658,5.45136057503549,5.46740864491282,5.4940378710641,5.53505177414431
Population in urban agglomerations of more than 1 million (% of total population),EN.URB.MCTY.TL.ZS,Nigeria,NGA,4.76211297866181,5.0167245388113,5.28781552130028,5.57711823644579,5.79218981728889,5.96380512823707,6.142571748031,6.33135770488878,6.52731675982514,6.72648408400994,6.93027914812363,7.14469383419124,7.41215603329785,7.68320681791971,7.95721484072477,8.23170621604532,8.51046650840972,8.79017184458178,9.07557729845768,9.37143181786204,9.67749575301261,9.99971170570666,10.3455503810914,10.7496818056482,10.9803387503324,11.188634621465,11.419430472663,11.6656767685977,11.9216086400263,12.1842319389486,12.4571074667998,12.6985503693827,12.8593697327912,12.9569805175733,13.0600729615779,13.1676866262114,13.2829760057817,13.4027835020253,13.526340172468,13.6514887118224,13.7768376370227,13.8998639292554,14.0250970561321,14.1533744787017,14.2858103967795,14.4226425251622,14.5456089253649,14.6151512422474,14.6859779459774,14.7576045052516,14.8313147913197,14.9065193862807,14.9893758889902,15.0826257996276,15.1905393373526,15.3178865737086,15.4587188023968,15.6096315780125,15.7834480842825,15.9852622070646,16.2104411573588,16.4564052984642,16.7180731373805,16.9922966372056,17.2796210244206
Population in urban agglomerations of more than 1 million (% of total population),EN.URB.MCTY.TL.ZS,North Macedonia,MKD,..,..,..,..,..,..,..,..,..,..,..,..,..,..,..,..,..,..,..,..,..,..,..,..,..,..,..,..,..,..,..,..,..,..,..,..,..,..,..,..,..,..,..,..,..,..,..,..,..,..,..,..,..,..,..,..,..,..,..,..,..,..,..,..,..
Population in urban agglomerations of more than 1 million (% of total population),EN.URB.MCTY.TL.ZS,Northern Mariana Islands,MNP,..,..,..,..,..,..,..,..,..,..,..,..,..,..,..,..,..,..,..,..,..,..,..,..,..,..,..,..,..,..,..,..,..,..,..,..,..,..,..,..,..,..,..,..,..,..,..,..,..,..,..,..,..,..,..,..,..,..,..,..,..,..,..,..,..
Population in urban agglomerations of more than 1 million (% of total population),EN.URB.MCTY.TL.ZS,Norway,NOR,16.1408942547537,16.212255526622,16.2520287623959,16.2995764122931,16.347633500878,16.3917663667071,16.432801174097,16.4676331780436,16.5021435949195,16.5405006150416,16.5938164949714,16.5319895599301,16.3997544879181,16.2792265437766,16.1723783002255,16.0772318009599,15.9958938460346,15.9223685170552,15.8556335312717,15.7956860585235,15.7390065644872,15.7496813183007,15.7928223259187,15.8418256616556,15.8988951713474,15.9531233594284,15.998520883995,16.0262055145746,16.0428536677145,16.0793214697955,16.1271096149852,16.2267125196986,16.3491469883476,16.468958307195,16.5942407127406,16.7288648517704,16.8669556500574,16.9995757245428,17.1244311135101,17.194575510549,17.2303871304332,17.2905860336558,17.3719563373606,17.4726031823574,17.5733191634853,17.7033632535785,17.8588647099981,17.9964847181648,18.1198738646688,18.2404220077925,18.3650996103289,18.4391232297912,18.4680585497112,18.5155866882247,18.5787404578964,18.6668406375738,18.7771598498353,18.9019717383164,19.0557418453153,19.1992888418174,19.3583574605329,19.5288000710017,19.6268476068085,19.6752152422805,19.7561784492932
Population in urban agglomerations of more than 1 million (% of total population),EN.URB.MCTY.TL.ZS,Oman,OMN,2.59988501088626,2.84595464699715,3.11269754391835,3.40069219206636,3.71181517944311,4.0453765660349,4.40511419429396,4.79196762527759,5.20834989933174,5.65404375014529,6.13388060602402,6.64905838774135,7.20318358875981,7.79529076692472,8.38514139450701,8.95997247272951,9.54521965727304,10.1283271406758,10.7207121150189,11.3302272851791,11.9682636070184,12.6255059962925,13.3071421285916,14.0258781726662,14.7994415395811,15.5192081359206,16.2150784728378,17.0121039629686,17.9119811049952,18.9103153031688,20.02127039594,21.252429822093,22.6219896627762,24.1607083235436,24.7636939352513,24.6770615620261,24.6256014346343,24.609489117733,24.6221241140001,24.6545688263485,24.7050673252324,24.7708332161005,24.8533250040648,24.9422539000827,25.0949654880758,25.2731317398717,25.4662109635179,25.6691959377069,25.8772699635146,26.0796250101037,26.1571758794189,25.1762972968669,24.2668812265548,24.9414892826207,26.5447893147153,28.2071354239473,29.8740775476061,30.3588225493212,31.4615419246752,32.7065166041164,34.2671095193651,35.3270047444419,34.3032235669078,32.6843152939564,31.7363427092639
Population in urban agglomerations of more than 1 million (% of total population),EN.URB.MCTY.TL.ZS,Pakistan,PAK,11.3198580332978,11.5844950255723,11.818171926115,12.0516259416804,12.2851892182124,12.5179389534488,12.7517864778572,12.9851238349856,13.2209487234465,13.4583828699707,13.7003099670434,13.964393519657,14.2339373514328,14.439718778761,14.6351075087539,14.8289558879475,15.018669160263,15.2008988898204,15.3793553831799,15.5229552338031,15.5755495041317,15.556601684419,15.487761564398,15.4653876208638,15.4945914112736,15.5173642972154,15.508325803979,15.4950641114718,15.4901986014425,15.498637581514,15.4964243817275,15.5001366562095,15.5738040358585,15.6607437229805,15.7302436319468,15.8007021921382,15.8692504891774,15.9500528036536,16.0207954887103,16.0538714023211,16.0719746309004,16.0942437528782,16.1738088038314,16.2703869603497,16.3504057541188,16.4409324122262,16.537128868674,16.5915897478103,16.6419760497771,16.7147588916263,16.8013075268323,16.9287917290574,17.115407650585,17.3519570470217,17.6158337497459,17.902235686529,18.213348774859,18.5086504061622,18.7704256714918,18.9624482355244,19.1322999787414,19.2835731776241,19.457740753742,19.6667418100831,19.8796665714222
Population in urban agglomerations of more than 1 million (% of total population),EN.URB.MCTY.TL.ZS,Palau,PLW,..,..,..,..,..,..,..,..,..,..,..,..,..,..,..,..,..,..,..,..,..,..,..,..,..,..,..,..,..,..,..,..,..,..,..,..,..,..,..,..,..,..,..,..,..,..,..,..,..,..,..,..,..,..,..,..,..,..,..,..,..,..,..,..,..
Population in urban agglomerations of more than 1 million (% of total population),EN.URB.MCTY.TL.ZS,Panama,PAN,25.1237783135954,25.6124393250968,26.0684965544244,26.525982774461,26.9935790687878,27.472905293639,27.9709549476857,28.4884072624202,29.0299675328991,29.5895807016995,30.0938489296596,30.1450888482026,30.208854908006,30.2867937384787,30.3830855144124,30.4966725140832,30.6306645994367,30.7810466181693,30.949289802182,31.1286849638409,31.3279360665,31.6025399891639,31.8833623824534,32.1691528176113,32.4637736414011,32.7688711285988,33.0914017300923,33.4304530467382,33.7875204858112,34.1599620603872,34.5595730219667,35.0782313671004,35.6168031058791,36.1660113058817,36.7316015532229,37.3138458839364,37.9136667617428,38.5239160360913,39.1512671074538,39.7951163721932,40.3832221232679,40.4560036253025,40.5368665125982,40.6244014136279,40.7168529338035,40.8152245107645,40.9277682173519,41.0488757785477,41.1770049430848,41.3098936393163,41.4529004129766,41.6002144304665,41.7523041793376,41.9142510356626,42.0817959246176,42.2500811230204,42.4197448255014,42.5966774399829,42.7915045131074,43.0182303350887,43.3304893413189,43.7031991264336,44.0368771577175,44.3366865085106,44.6395886948667
Population in urban agglomerations of more than 1 million (% of total population),EN.URB.MCTY.TL.ZS,Papua New Guinea,PNG,..,..,..,..,..,..,..,..,..,..,..,..,..,..,..,..,..,..,..,..,..,..,..,..,..,..,..,..,..,..,..,..,..,..,..,..,..,..,..,..,..,..,..,..,..,..,..,..,..,..,..,..,..,..,..,..,..,..,..,..,..,..,..,..,..
Population in urban agglomerations of more than 1 million (% of total population),EN.URB.MCTY.TL.ZS,Paraguay,PRY,20.4384464357578,20.7755134653319,21.1103677912758,21.366886442466,21.5887751740252,21.8154534892858,22.0552685912461,22.3106429882771,22.5826337380405,22.86577427246,23.1611605894068,23.4577818063759,23.7442102244067,23.9578119106541,24.1567613909243,24.3583856432936,24.5673175208675,24.7742296863297,24.9786066763726,25.1719588105857,25.3460018635971,25.4945812154752,25.6302715061021,25.8303928671745,26.0327178710647,26.2328483643155,26.4338882129568,26.638480988261,26.8510574143068,27.0723422412841,27.3124901040625,27.5700203939615,27.8464359601279,28.3657628218881,28.9593656775917,29.585030457622,30.247231865393,30.9423553920689,31.6792669425156,32.4650444171504,33.3216229081011,34.2810257129909,35.3685419346598,36.569255689921,37.8451330923736,39.1787811413784,40.5880459526247,42.073800955717,43.6212295411087,44.377856960987,45.082591041328,45.7265695162509,46.3445021610959,46.9524249700582,47.5646935299962,48.179856709654,48.8075292448896,49.4574563078001,50.1323711582725,50.3320154632545,50.5253463227423,50.7812175072432,51.0662433821111,51.2921699800092,51.5045634004618
Population in urban agglomerations of more than 1 million (% of total population),EN.URB.MCTY.TL.ZS,Peru,PER,17.2586797864819,17.6194398862906,18.0495969627836,18.4923319455177,18.9488989215765,19.4177492977901,19.903949138675,20.4064740625091,20.927010816079,21.4618136707363,22.0747995165184,22.7153619071219,23.3034253621725,23.5530228726628,23.8205169212797,24.1002501833023,24.3908162273907,24.6815076481989,24.9717320578717,25.2645005748786,25.561701724946,25.86089908845,25.9078794440776,25.9462480321108,25.988682179178,26.0385987441906,26.110643460829,26.201856739182,26.2988048940327,26.4007361121322,26.5119132967588,26.6519523523074,26.812886063747,26.9781777681975,27.0024114488989,27.0330317333595,27.0800761479577,27.1343123864873,27.1975218057125,27.2859256050369,27.4210776608502,27.6085153271877,27.8466123308826,28.1226330641696,28.4263643182098,28.7577069717357,29.1223979982553,29.5112292902463,29.8964613755731,30.2841791088989,30.6668265602109,31.0250386243065,31.3600312090889,31.6765599906553,31.9674479458076,32.2176960758563,32.4042277039951,32.5445974042732,32.5749028515765,32.5267756906828,32.6420579891718,32.8230055831421,32.9931665121155,33.1043809897157,33.2047123477783
Population in urban agglomerations of more than 1 million (% of total population),EN.URB.MCTY.TL.ZS,Philippines,PHL,8.97775436357018,9.09361811833664,9.21128630187203,9.33355210189129,9.4620926338538,9.59618904534135,9.73893697774084,9.88899903296582,10.0469152016107,10.2129961761063,10.4442020462172,10.9160679763021,11.4192018180822,11.9514951681548,12.5182889994524,13.028543172444,13.1708542076143,13.2960964039773,13.4205733147317,13.5487684422597,13.6718581858948,13.7185319021579,13.7435305912589,13.7485223572851,13.757082417602,13.7869037595961,13.8407614840033,13.8845283160059,13.9223133303153,13.9814962019259,14.0439327129668,14.1684969718905,14.2993327758912,14.42503097965,14.5851498242716,14.7459029924852,14.6392887836558,14.4754975759994,14.2909851699589,14.1033886207494,13.9522795723078,13.86993810236,13.8130907228096,13.7628295197431,13.7184687118523,13.6851961011345,13.6766257188971,13.6609660870957,13.737994961008,13.8188723224479,13.8492808457799,13.8057245265567,13.7657774087543,13.7339755220054,13.7351220950218,13.7588921602379,13.8019588362917,13.8526521713302,13.9107551054062,13.9739860994864,14.0513244033365,14.1687350990421,14.3148113579179,14.4628040656099,14.6174667981427
Population in urban agglomerations of more than 1 million (% of total population),EN.URB.MCTY.TL.ZS,Poland,POL,3.77623918387041,3.82164263783207,3.83185245063266,3.83520448033342,3.83634585710409,3.85294300038639,3.87853918752565,3.89596386424488,3.91373742806666,3.93830092508672,3.98003937019927,4.03897082373755,4.09351502693186,4.14517405537635,4.19543999938953,4.24487888487732,4.29485130820257,4.34662523188153,4.4066310888416,4.42272364368512,4.39949232799659,4.37700793070212,4.3541238108321,4.33060350748861,4.30866092129408,4.29111320568837,4.27890033134506,4.27171359702899,4.27095019160471,4.27239640426496,4.27255205626586,4.27432084547605,4.27816767359596,4.27947671598502,4.27791528201017,4.27957529625989,4.28380320507493,4.28846722066895,4.29442191198459,4.30228230940233,4.35505151007894,4.36385349161092,4.37376426758584,4.38664536729506,4.39918085437773,4.41108442466739,4.42389079523761,4.43633566768169,4.44580526252605,4.45285614866563,4.47572015872441,4.48346049227792,4.50037206575891,4.52676952558289,4.55401470098642,4.58104598033634,4.60718459770714,4.63083359486624,4.65519325341181,4.67775788397221,4.75333985077413,4.83922270556523,4.87356534856614,4.89955216992624,4.92262460207929
Population in urban agglomerations of more than 1 million (% of total population),EN.URB.MCTY.TL.ZS,Portugal,PRT,26.5770205321552,26.7598324440528,26.9736273742952,27.2762477222656,27.6795569409758,28.2185941249717,28.8690727455747,29.4997363237674,30.0831310507941,30.8217849310978,31.5763122821897,32.3923188021504,33.3087343272583,34.1863525269023,34.6141953185639,34.215508491258,34.1487802766409,34.6936945273605,35.2436795438496,35.8060461026584,36.3764745586666,36.7714332292327,36.6343411283412,36.5516403365581,36.4982825528659,36.4853172204474,36.5391826395477,36.6363673252854,36.7622791705466,36.9039380309845,37.0730159353427,37.2775642341772,37.5391032639658,37.7263282545592,37.8592256937755,37.9633571164121,38.0568057555958,38.1229871232272,38.1671574052312,38.1884095132547,38.1576377141931,38.1008291064838,38.0483435545846,38.0615080801172,38.1268885575648,38.2124907053287,38.3005768327193,38.3828020279686,38.4855548453109,38.607065107392,38.7484086975438,38.965461716533,39.2851667604389,39.6643969592519,40.0435167101206,40.3757995210694,40.6707716039937,40.9386716891741,41.1738942972759,41.3357309646856,41.4663728487714,41.3829563520192,41.2724935338458,40.887850776514,40.5910647680411
Population in urban agglomerations of more than 1 million (% of total population),EN.URB.MCTY.TL.ZS,Puerto Rico (US),PRI,25.2871501272265,25.9420049489066,26.5270033897586,27.0976590418162,27.7458765748418,28.5221279876638,29.4286274831,30.4865981220664,31.6372934685267,32.7590857440903,33.675570272259,34.1790028926323,34.5663652859378,34.8899848755691,35.2464312068966,35.6907481629927,36.2118551021173,36.80696346995,37.4704458109024,38.1772223498842,39.2242981908921,41.2969784293359,43.5104332541153,45.8645335833179,48.3643273857048,51.0002072845721,53.7934873593438,56.7492191699232,59.8820690762941,63.1876256899576,65.7831495617755,65.8264904789577,65.9113806407273,65.8652738475513,65.7628704301749,65.6639795303037,65.4361544894762,65.3334415057602,65.46323412149,65.6418902649707,65.8229861137536,65.6030443278392,65.4394525094928,65.3196013167472,65.2273472005118,65.2427851640331,65.4406033405743,65.7455534569831,66.052499610462,66.3337174266992,66.5373147552736,67.014840269189,67.526676126625,67.9952811938668,68.7923934530854,69.6782641385824,70.688667383819,72.0439587116007,74.584266521611,74.2235649656598,74.6106917683196,74.9518421950335,75.851182729182,76.146141821941,76.0660507383803
Population in urban agglomerations of more than 1 million (% of total population),EN.URB.MCTY.TL.ZS,Qatar,QAT,..,..,..,..,..,..,..,..,..,..,..,..,..,..,..,..,..,..,..,..,..,..,..,..,..,..,..,..,..,..,..,..,..,..,..,..,..,..,..,..,..,..,..,..,..,..,..,..,..,..,..,..,..,..,..,..,..,..,..,..,..,..,..,..,..
Population in urban agglomerations of more than 1 million (% of total population),EN.URB.MCTY.TL.ZS,Romania,ROU,5.44523916432447,5.55638970102801,5.67860766576268,5.80375415273555,5.93214506843498,6.0659663708355,6.20096328735471,6.34618942470355,6.51435863265702,6.70626989934251,6.89407190910519,7.09856679109669,7.31552979803376,7.54573848582151,7.77825208663535,7.9920932047932,8.21585500199196,8.34282032952971,8.34306541012481,8.3652520487551,8.39633143758881,8.4166201778995,8.44609750575076,8.49018358564921,8.53648544798851,8.57826105565746,8.61618732643451,8.65116475659744,8.68823994384166,8.72712330976746,8.79042541247276,8.94700722637624,9.04022692706645,8.99000934838916,8.94081449573873,8.89694929570138,8.86081898212671,8.82497978848787,8.7820979676678,8.7350503114092,8.68578407021067,8.74699360246738,8.85867032211322,8.90186326098901,8.9317010436632,8.96597674871838,8.99809189119816,9.11057625773944,9.24190550385568,9.29738656516634,9.33083437929742,9.35484988530603,9.35718279482512,9.34518960034064,9.33345200675534,9.3306309528808,9.33747877845732,9.34474262349521,9.35289517237625,9.35537337866143,9.36010173758451,9.38313180604662,9.3723590442965,9.32021803953823,9.26891019825542
Population in urban agglomerations of more than 1 million (% of total population),EN.URB.MCTY.TL.ZS,Russian Federation,RUS,15.4033795674621,15.549237025306,15.6975732313139,15.8482615359793,16.0015732578084,16.1563256933212,16.40252141714,16.653211488658,16.9091167163068,17.1688826505429,17.3992538572436,17.5904395562502,17.7845075013835,17.9798566356873,18.1781559146232,18.3787578241431,18.5582010699461,18.7388339456282,18.9218291259303,19.0416686590305,19.0838328177829,19.1337477937131,19.1916498015239,19.2555926532456,19.2893677536866,19.3190542062311,19.3605615139343,19.4061600460564,19.4617505464499,19.4516365310281,19.4347837011659,19.3952647049262,19.3573791662491,19.3131848310996,19.3027343447835,19.3282957953241,19.4114187090104,19.533614226855,19.6475952887201,19.7810245623714,19.9444136832145,20.1113717756262,20.2888938957767,20.5040680029173,20.7254058928952,20.9448790456142,21.1560271208518,21.3365026969552,21.4919731679381,21.6327336331456,21.7720005789591,21.9350020464179,22.0859729356672,22.2275485471578,22.3701908071261,22.5186744789068,22.6734673668587,22.8444684908302,23.044579411509,23.1510959762334,23.291918157569,23.4690755983889,23.6359795587168,23.7737704546455,23.8792136915493
Population in urban agglomerations of more than 1 million (% of total population),EN.URB.MCTY.TL.ZS,Rwanda,RWA,1.13552817826459,1.16683549103428,1.20196796949176,1.24131222594196,1.28153305381917,1.31873300206531,1.35414720359289,1.38795788049131,1.42147056231153,1.45591956638112,1.49185978537778,1.56956852170367,1.65650357139895,1.74748397428152,1.84333476076767,1.94425539007511,2.050609845776,2.16233245503494,2.28022047314778,2.34253857903811,2.39603576064599,2.44815214854457,2.49951458002024,2.55053459504504,2.60194343891662,2.65385387388266,2.70787235713572,2.76478544388445,2.82563136914076,2.89102991827362,2.97129326277537,3.07163603502394,3.25551659932117,3.40177308181346,4.3391302453112,5.63869133493523,5.17770486486035,4.88769010054882,5.13519402708422,5.57664343944804,6.05734331101637,6.5726055478555,7.09922882604897,7.24437004148774,7.31009871559483,7.37443188645504,7.43919453254597,7.50502647505485,7.57422098475674,7.64705730330467,7.72527168021332,7.8098245908044,7.90033999387437,7.99035277022069,8.08027835526972,8.17317183764773,8.26905669625175,8.36810341860309,8.4708227004557,8.56909184279432,8.66458842246386,8.75976207127379,8.85131744637584,8.94015258622129,9.03409635713843
Population in urban agglomerations of more than 1 million (% of total population),EN.URB.MCTY.TL.ZS,Samoa,WSM,..,..,..,..,..,..,..,..,..,..,..,..,..,..,..,..,..,..,..,..,..,..,..,..,..,..,..,..,..,..,..,..,..,..,..,..,..,..,..,..,..,..,..,..,..,..,..,..,..,..,..,..,..,..,..,..,..,..,..,..,..,..,..,..,..
Population in urban agglomerations of more than 1 million (% of total population),EN.URB.MCTY.TL.ZS,San Marino,SMR,..,..,..,..,..,..,..,..,..,..,..,..,..,..,..,..,..,..,..,..,..,..,..,..,..,..,..,..,..,..,..,..,..,..,..,..,..,..,..,..,..,..,..,..,..,..,..,..,..,..,..,..,..,..,..,..,..,..,..,..,..,..,..,..,..
Population in urban agglomerations of more than 1 million (% of total population),EN.URB.MCTY.TL.ZS,Sao Tome and Principe,STP,..,..,..,..,..,..,..,..,..,..,..,..,..,..,..,..,..,..,..,..,..,..,..,..,..,..,..,..,..,..,..,..,..,..,..,..,..,..,..,..,..,..,..,..,..,..,..,..,..,..,..,..,..,..,..,..,..,..,..,..,..,..,..,..,..
Population in urban agglomerations of more than 1 million (% of total population),EN.URB.MCTY.TL.ZS,Saudi Arabia,SAU,22.4443757357612,22.0897604327513,21.7438218023511,22.2744775296662,23.7567541517126,25.3369075287894,27.0328798405993,28.8338366206962,30.7358460735654,32.7270029621488,34.8100615584131,36.9378504099456,39.085039846666,41.2564802169521,43.5037949575727,44.5842415106862,45.3215966195868,45.9795185880598,46.5861325605706,47.1603510564549,47.7245276411347,48.233944407575,48.6973670984159,49.175348317324,49.7378238908751,50.4066535660498,51.1198927200454,51.8655463399792,52.8049005287582,53.8982981902165,55.0902756221377,56.4045819884409,57.8569132916836,57.5996438073711,56.8612647489733,56.2106425158088,55.6519412285828,55.1714048535706,54.7644061509759,54.4251110468376,53.6379411143299,52.4682395463236,51.4423499420186,50.5393663529228,49.74583974767,49.5078718806375,49.4714421041212,49.5029553636879,49.1489584902909,48.8488108716063,50.9949898006492,50.3710624641841,49.9224135127624,48.883423996029,49.3047772720974,48.3875642591378,48.1772165442632,49.7612239650545,52.7664118637656,54.1597287821143,52.6900522335624,55.0919308663747,53.7174908246171,52.2128636993839,50.7084051457949
Population in urban agglomerations of more than 1 million (% of total population),EN.URB.MCTY.TL.ZS,Senegal,SEN,10.7484883595982,11.1867011021789,11.4517951523841,11.7229520478696,11.9995401727293,12.2758707752219,12.5529128857334,12.8310156787557,13.1145238351578,13.4026178703725,13.6687229419783,13.939525374935,14.2162897112829,14.497947977772,14.7968848203089,15.1228530926489,15.4446663918905,15.6677143638195,15.9109864485095,16.148955925017,16.3782122669929,16.5945547559178,16.8027538261165,17.004195111585,17.201667732412,17.38856942699,17.5636708018619,17.7336536031055,17.8937634317738,17.9096897752888,17.9274512879503,17.95000305297,17.9813782266896,18.0195105265565,18.0719840428159,18.1449895293917,18.2409997381718,18.3515152429123,18.4677140324396,18.5783680357197,18.6829998414969,18.7838920459942,18.8814407960701,18.9196222503949,18.9609431887012,19.0023703499061,19.0466964878722,19.0921097973007,19.1351136641763,19.1718523262904,19.2052448147124,19.2115964807807,19.189985045635,19.1122227368998,18.9966338569352,18.9001469232761,18.8214110712273,18.760010499514,18.7151300656797,18.6943042961986,18.7051107022906,18.7551532684156,18.8430207449359,18.971219200719,19.1355802707429
Population in urban agglomerations of more than 1 million (% of total population),EN.URB.MCTY.TL.ZS,Serbia,SRB,9.61141390138744,9.90526794653433,10.1427481178779,10.3918708888545,10.6524432320019,10.9208821072666,11.1847642505329,11.4766880805085,11.7728986843686,11.9496454497098,12.2579324222648,12.527171064418,12.697662386659,12.8850443072957,13.0574854665745,13.2317064151059,13.3953580906683,13.5726578141157,13.7578579579444,13.9520341893533,13.9118733870641,14.0760369905492,14.0851579894465,14.0976746574903,14.1091967299367,14.1262996908333,14.1515903590404,14.1836956075519,14.2124304528363,14.2530574995246,14.3037226050296,14.9605641976524,15.1125391780684,15.2619246242085,15.4168510389545,15.5791540513018,15.76743414126,15.9944057659513,16.2403727926879,16.4828501826362,16.7221147083969,16.9393129784727,17.1119292706923,17.2433969455087,17.3714287398751,17.5119130831773,17.6700507004657,17.8317945252635,17.9988033014513,18.1626151324574,18.3282415151144,18.5609683329789,18.7425892144369,18.9248722502994,19.1090255499779,19.2998883922122,19.4949876188703,19.6937325893787,19.8973191090315,20.0672403453591,20.2625520971787,20.5109618710023,21.0848938899525,21.2608348584057,21.4157240054275
Population in urban agglomerations of more than 1 million (% of total population),EN.URB.MCTY.TL.ZS,Seychelles,SYC,..,..,..,..,..,..,..,..,..,..,..,..,..,..,..,..,..,..,..,..,..,..,..,..,..,..,..,..,..,..,..,..,..,..,..,..,..,..,..,..,..,..,..,..,..,..,..,..,..,..,..,..,..,..,..,..,..,..,..,..,..,..,..,..,..
Population in urban agglomerations of more than 1 million (% of total population),EN.URB.MCTY.TL.ZS,Sierra Leone,SLE,5.2468395613387,5.30225537674891,5.35482670022995,5.45847678966762,5.7293587252876,6.00919686988843,6.30102623121101,6.604669713829,6.92225865890213,7.25451037343619,7.60303301348014,7.97102078660347,8.35979260855291,8.76449054833438,9.18978831752132,9.54863031267134,9.85469588816767,10.1646358894312,10.4764653950368,10.7956697726172,11.1206632826919,11.4505501746063,11.7875125836846,12.124667470501,12.46507910906,12.8102773772701,12.9656311856624,12.9481074063417,12.9287279734717,12.9345615818596,12.7534890636452,12.9301101414489,13.518447491171,13.897424425024,14.2012961571779,14.5463977494144,14.8509124335292,15.0382159974949,15.2749963045171,15.5882190149565,15.6091934846893,15.0930505915977,14.61433167687,14.3940914157229,14.2750261076155,14.2778102525178,14.3680306717118,14.4603426612251,14.5100990343565,14.5303242626798,14.5470449067722,14.5800752154565,14.6250389248796,14.680049347257,14.7458875557433,14.8225225590058,14.894727901353,14.9626136574761,15.0365944396784,15.1115540615606,15.189778071769,15.2746855249955,15.3699971498671,15.4738625747472,15.5930984670023
Population in urban agglomerations of more than 1 million (% of total population),EN.URB.MCTY.TL.ZS,Singapore,SGP,99.1913265306122,99.2449483082707,99.4981716375272,99.6845682451253,99.6140855777585,99.5181514653665,99.2177419354839,99.045610841424,99.2478131212724,99.609694002448,99.8931312355176,99.9088929906763,99.912841479279,99.8465572275422,99.8476993452328,99.8739503226377,99.8076134827541,99.5576914806692,99.4828772943576,99.5433186490455,99.9069987095812,97.1396478649419,95.1298448572549,96.2402944207536,96.7692950167647,98.8880673197715,100,100,100,100,98.8783223043833,98.7715476751333,98.7227218390577,99.218855393634,99.0144040095372,98.7025983215804,97.1512004236789,96.1300966955547,95.0149635377557,96.4569129994698,97.1715442861232,97.118592212879,98.9285791257079,100,100,100,100,100,100,99.5578009585023,99.951149676603,99.852016556552,99.2192095642734,99.2901676223088,99.6090844803138,100,100,100,100,100,100,100,100,100,100
Population in urban agglomerations of more than 1 million (% of total population),EN.URB.MCTY.TL.ZS,Sint Maarten (Dutch part),SXM,..,..,..,..,..,..,..,..,..,..,..,..,..,..,..,..,..,..,..,..,..,..,..,..,..,..,..,..,..,..,..,..,..,..,..,..,..,..,..,..,..,..,..,..,..,..,..,..,..,..,..,..,..,..,..,..,..,..,..,..,..,..,..,..,..
Population in urban agglomerations of more than 1 million (% of total population),EN.URB.MCTY.TL.ZS,Slovak Republic,SVK,..,..,..,..,..,..,..,..,..,..,..,..,..,..,..,..,..,..,..,..,..,..,..,..,..,..,..,..,..,..,..,..,..,..,..,..,..,..,..,..,..,..,..,..,..,..,..,..,..,..,..,..,..,..,..,..,..,..,..,..,..,..,..,..,..
Population in urban agglomerations of more than 1 million (% of total population),EN.URB.MCTY.TL.ZS,Slovenia,SVN,..,..,..,..,..,..,..,..,..,..,..,..,..,..,..,..,..,..,..,..,..,..,..,..,..,..,..,..,..,..,..,..,..,..,..,..,..,..,..,..,..,..,..,..,..,..,..,..,..,..,..,..,..,..,..,..,..,..,..,..,..,..,..,..,..
Population in urban agglomerations of more than 1 million (% of total population),EN.URB.MCTY.TL.ZS,Solomon Islands,SLB,..,..,..,..,..,..,..,..,..,..,..,..,..,..,..,..,..,..,..,..,..,..,..,..,..,..,..,..,..,..,..,..,..,..,..,..,..,..,..,..,..,..,..,..,..,..,..,..,..,..,..,..,..,..,..,..,..,..,..,..,..,..,..,..,..
Population in urban agglomerations of more than 1 million (% of total population),EN.URB.MCTY.TL.ZS,"Somalia, Fed. Rep.",SOM,3.26537522976319,3.41724778747272,3.57616322414079,3.74226657291549,4.00448384425438,4.37966804093141,4.7909634941663,5.24104966888472,5.73393033871973,6.27132818733238,6.85926352325885,7.5038610456131,8.21064233560337,8.97730171505184,9.82366380994267,10.4516110848179,10.6378378180279,10.8087108752133,10.5053238992692,9.68771637680013,9.28153144274896,9.610421389542,9.99571940624667,10.4570996203877,10.8911423997521,11.1638687646686,11.435143261702,11.7775239606757,12.5599279095995,13.6321004461534,14.6163437087337,16.2171840510966,17.1710027255902,16.8470106335514,16.1676507802915,15.7394083492301,15.3191208282668,14.9275515127116,14.4548709158587,14.0107599346637,13.5864237248115,13.1760713412512,13.1922271088683,13.216280658385,13.2420607415739,13.2946043621012,13.4025304719547,9.71693558942651,10.1082526714204,10.5595834398235,11.0367715684442,11.7420030885517,12.2538832660844,12.4930903026156,12.6919685316329,12.9122964985131,13.0834275344037,13.2525116767334,13.4711260394524,13.5977727113348,13.7047794358974,13.8258375927276,14.0291958772708,14.2193896434998,14.3447490106213
Population in urban agglomerations of more than 1 million (% of total population),EN.URB.MCTY.TL.ZS,South Africa,ZAF,24.4421530383015,24.4531667931844,24.4249425984593,24.3843069650703,24.3404631350445,24.2911294133178,24.2385216479744,24.1822390455953,24.1290917092465,24.082479885426,24.0283386199918,23.8727524277048,23.7366036726979,23.6046592563849,23.486460581146,23.3835974861177,23.2999892026846,23.2184341046807,23.1349087014708,23.0600113249342,22.9119203362109,22.6840641073043,22.4502100072373,22.2135357550668,21.9896457027967,21.829937498311,21.768725514272,21.7261793930749,21.7012945909514,21.6990012888427,21.7331339400212,21.9443470140903,22.419960611645,22.8676705694018,23.4215104174632,24.0955917254257,24.7794019451447,25.3838945450964,25.95322590834,26.5705242643777,27.2541042918428,27.9707148683536,28.4652197449719,28.8722299477109,29.2861989040898,29.7059672601148,30.1334463985629,30.5603636151767,30.9675323873714,31.3687328668002,31.7833042765452,32.189793397346,32.5286221462802,32.8163034914214,33.107338130925,33.2885094947447,33.8343047782544,34.4916268301632,34.8058052854178,34.9673461308452,35.1245833614104,35.2906429017321,35.4780043287413,35.6712602391329,35.8673378350466
Population in urban agglomerations of more than 1 million (% of total population),EN.URB.MCTY.TL.ZS,South Sudan,SSD,..,..,..,..,..,..,..,..,..,..,..,..,..,..,..,..,..,..,..,..,..,..,..,..,..,..,..,..,..,..,..,..,..,..,..,..,..,..,..,..,..,..,..,..,..,..,..,..,..,..,..,..,..,..,..,..,..,..,..,..,..,..,..,..,..
Population in urban agglomerations of more than 1 million (% of total population),EN.URB.MCTY.TL.ZS,Spain,ESP,15.9562272204892,16.3684897972462,16.825095639203,17.3019598806275,17.7725816807419,18.2374311407056,18.7270503655865,19.1902094997737,19.6507766374515,20.1853954722839,20.7097593635115,20.9793571796103,21.0243538197335,21.068979297948,21.1171635357537,21.1683208465822,21.225651403577,21.288732650121,21.3670223636588,21.4635185135891,21.5782865109686,21.6491323533419,21.6169599483094,21.6093619523978,21.6175275559606,21.6369446017407,21.6703653766329,21.7124858940129,21.7651875996709,21.8298895604702,21.9070354268298,21.990007487481,22.1000015705729,22.2038637887169,22.318293499818,22.4414227653021,22.5714650432897,22.7013647844097,22.8338457492607,22.9693780467045,23.0966954533273,23.1671274208936,23.1331681999504,23.0390224436562,22.9647549345154,22.8981204222238,22.8318989261491,22.7293094318429,22.6855680752445,22.8022740401354,23.017720566486,23.2596356175169,23.5729117971875,23.9916203255256,24.4047462617518,24.7690619743704,25.0986527893423,25.3904599302849,25.632179428969,25.6802906357314,25.7669286687271,25.9114100443133,25.8904335825508,25.7275443757548,25.6010878081212
Population in urban agglomerations of more than 1 million (% of total population),EN.URB.MCTY.TL.ZS,Sri Lanka,LKA,..,..,..,..,..,..,..,..,..,..,..,..,..,..,..,..,..,..,..,..,..,..,..,..,..,..,..,..,..,..,..,..,..,..,..,..,..,..,..,..,..,..,..,..,..,..,..,..,..,..,..,..,..,..,..,..,..,..,..,..,..,..,..,..,..
Population in urban agglomerations of more than 1 million (% of total population),EN.URB.MCTY.TL.ZS,St. Kitts and Nevis,KNA,..,..,..,..,..,..,..,..,..,..,..,..,..,..,..,..,..,..,..,..,..,..,..,..,..,..,..,..,..,..,..,..,..,..,..,..,..,..,..,..,..,..,..,..,..,..,..,..,..,..,..,..,..,..,..,..,..,..,..,..,..,..,..,..,..
Population in urban agglomerations of more than 1 million (% of total population),EN.URB.MCTY.TL.ZS,St. Lucia,LCA,..,..,..,..,..,..,..,..,..,..,..,..,..,..,..,..,..,..,..,..,..,..,..,..,..,..,..,..,..,..,..,..,..,..,..,..,..,..,..,..,..,..,..,..,..,..,..,..,..,..,..,..,..,..,..,..,..,..,..,..,..,..,..,..,..
Population in urban agglomerations of more than 1 million (% of total population),EN.URB.MCTY.TL.ZS,St. Martin (French part),MAF,..,..,..,..,..,..,..,..,..,..,..,..,..,..,..,..,..,..,..,..,..,..,..,..,..,..,..,..,..,..,..,..,..,..,..,..,..,..,..,..,..,..,..,..,..,..,..,..,..,..,..,..,..,..,..,..,..,..,..,..,..,..,..,..,..
Population in urban agglomerations of more than 1 million (% of total population),EN.URB.MCTY.TL.ZS,St. Vincent and the Grenadines,VCT,..,..,..,..,..,..,..,..,..,..,..,..,..,..,..,..,..,..,..,..,..,..,..,..,..,..,..,..,..,..,..,..,..,..,..,..,..,..,..,..,..,..,..,..,..,..,..,..,..,..,..,..,..,..,..,..,..,..,..,..,..,..,..,..,..
Population in urban agglomerations of more than 1 million (% of total population),EN.URB.MCTY.TL.ZS,Sudan,SDN,4.14354062752668,4.27877851163083,4.41640053153774,4.55566817243987,4.69779539820602,4.84190046084258,4.99017511805254,5.14211660250126,5.29811369281129,5.4575138756428,5.62095478784597,5.78977937289699,5.96505100314052,6.09067219237178,6.18029688110125,6.30198883766407,6.42498453641787,6.55205999172512,6.65100860445837,6.74013008096677,6.8247874057567,6.91418701265628,7.02276156652546,7.23899345727343,7.63924416653433,8.09531478952542,8.57257293610219,9.06615167112101,9.58539448836103,10.1336535851154,10.7169676735184,11.3355601762938,11.9919938431625,12.5201701027639,12.5220034580012,12.516448206384,12.5535877177157,12.5918005400115,12.593295763003,12.596832957663,12.6019633138241,12.6077392355446,12.6164132977806,12.6514569574193,12.6961484668617,12.7276357536218,12.7565032170887,12.7758111117538,12.7691367886847,12.739308642371,12.754919263207,12.8198579743905,12.8707989328546,12.9002712099972,12.8783093706725,12.8129691587621,12.7488288141908,12.6313137336236,12.5118797856579,12.4657486276893,12.4576913862936,12.4597613111253,12.4745030440019,12.6778460457971,12.9676996532119
Population in urban agglomerations of more than 1 million (% of total population),EN.URB.MCTY.TL.ZS,Suriname,SUR,..,..,..,..,..,..,..,..,..,..,..,..,..,..,..,..,..,..,..,..,..,..,..,..,..,..,..,..,..,..,..,..,..,..,..,..,..,..,..,..,..,..,..,..,..,..,..,..,..,..,..,..,..,..,..,..,..,..,..,..,..,..,..,..,..
Population in urban agglomerations of more than 1 million (% of total population),EN.URB.MCTY.TL.ZS,Sweden,SWE,10.7499262491155,11.0039257989164,11.4819532616694,11.9793096773311,12.4761106196111,12.9665252235852,13.2514331507338,13.340444902224,13.4579153171282,13.5567926595041,13.6251910248681,12.7582660828758,12.6626940644891,12.5834899153326,12.4899830942695,12.3838974898434,12.2827641850454,12.1836408718857,12.0929856557815,12.0117636590184,11.9328235464136,11.92151484111,11.9752853453398,12.0307363411815,12.0810209911589,12.1223258421826,12.155672475507,12.1767905038031,12.1826745699544,12.1631270307987,12.130891645884,12.1987148058428,12.3696321221329,12.5429758419996,12.7025781980914,12.8881710862622,13.0655611504493,13.1985735573637,13.3333800325252,13.466527069588,13.5899818183027,13.6703627264511,13.714316638801,13.7520038838034,13.786987558057,13.8208987092633,13.9149749931309,14.0684527440258,14.2186509078394,14.3592498372052,14.5015326089669,14.6641418708627,14.8360070735744,14.9929497575044,15.1300160579861,15.2583898295226,15.3576533910573,15.442698716943,15.5570978654601,15.6440770289624,15.7705814163058,15.904388050052,16.0108653228811,16.1348142366555,16.2691707028074
Population in urban agglomerations of more than 1 million (% of total population),EN.URB.MCTY.TL.ZS,Switzerland,CHE,10.0504577194417,10.0560072752781,10.0945761565463,10.1736190930952,10.3033945113234,10.4862278860037,10.6844336990761,10.8653097532705,11.0474554337927,11.2467971788611,11.4964268015688,11.5646363608711,11.4556786535475,11.3505725941509,11.2688749575212,11.2531063484992,11.2968115529954,11.3143816745086,11.2925913178805,11.2492364201949,11.1840539493573,11.3541485352547,11.7126084812986,12.1011913024499,12.5120132135647,12.9248349977165,13.3413969352368,13.7565686483916,14.1702457584009,14.5841256812186,14.9781275281925,15.1171077318191,15.1078255638538,15.1270958950112,15.1638273641135,15.2202476832161,15.3117501078219,15.4343279484874,15.5493508369408,15.637099766783,15.7122037791001,15.7796409166769,15.8307357847274,15.8843145000253,15.9470067831588,16.0169635671897,16.0895593146599,16.1195224494601,16.0890335951776,16.0615204541525,16.0676628955046,16.0625009004855,16.0656287510812,16.0541408415464,16.0316311030061,16.0222476684283,16.0205284917437,16.0442814819022,16.0996715067036,16.1288261141327,16.1533806882872,16.1705389344832,16.1741684713654,16.106244612877,15.9766737192031
Population in urban agglomerations of more than 1 million (% of total population),EN.URB.MCTY.TL.ZS,Syrian Arab Republic,SYR,26.1298384508398,26.4180247560672,26.7973359358302,27.1665192241727,27.5275204224185,27.8765882154455,28.2200880113859,28.5589888290521,28.8964300516731,29.2262912446402,29.5499379447949,29.7829191278572,29.9848345098113,30.1912193510748,30.4028807914371,30.6076064113405,30.8074634273639,31.0010838636569,31.1994767793985,31.4099005196199,31.6355058233381,31.8706454047536,31.7757691790587,31.5762676493812,31.3522345301869,31.1271136545529,30.9167338917102,30.7226504209397,30.5500114409251,30.403988485154,30.2866523870183,30.199622966837,30.1385349941366,30.0936974065661,30.0734985325419,30.0795981282088,30.1248879352547,30.1962076704575,30.2858022733035,30.389576425674,30.513368042867,30.6504979257346,30.8045381780012,30.9733708917332,31.1196700637377,31.235854020266,30.8245466140436,29.8563717656354,29.6899313587869,30.1150399766228,30.3336726947689,24.9248079975879,21.6723390309469,20.2925363123881,19.803716734113,22.8747818876026,26.6417954849458,27.250728074992,27.420678833651,27.032578224499,26.8160718278866,26.8436276214364,26.7053548203017,26.4095128792691,26.3554381431182
Population in urban agglomerations of more than 1 million (% of total population),EN.URB.MCTY.TL.ZS,Tajikistan,TJK,..,..,..,..,..,..,..,..,..,..,..,..,..,..,..,..,..,..,..,..,..,..,..,..,..,..,..,..,..,..,..,..,..,..,..,..,..,..,..,..,..,..,..,..,..,..,..,..,..,..,..,..,..,..,..,..,..,..,..,..,..,..,..,..,..
Population in urban agglomerations of more than 1 million (% of total population),EN.URB.MCTY.TL.ZS,Tanzania,TZA,1.8761351277024,1.95625471270487,2.03909206125696,2.12489842148657,2.21316364939567,2.30380321109523,2.39781850015291,2.49476459595566,2.64739714313737,2.81516794894413,2.99258627476223,3.17965542734251,3.37608675773732,3.58268741829252,3.80215954241297,4.03389786608442,4.28043719095081,4.54176352591542,4.823980286335,4.96054278718664,5.08034255128345,5.208119626562,5.33948677091155,5.4616882434876,5.58846279266521,5.71733424680534,5.84704586305862,5.98261084365797,6.13614560959715,6.25934228945681,6.37882725326536,6.50533471523765,6.63738927104595,6.72822053054472,6.77299058540016,6.86578309270983,7.05241964957916,7.22971868246999,7.3670458326036,7.5037634762178,7.63117744501854,7.77084142617233,7.92270124024315,8.15578132441869,8.39890024756972,8.64258698288473,8.89179479826009,9.14904828495905,9.42283157572499,9.72624043343099,10.0324367525552,10.3219016676897,10.6120623308945,10.894035834086,11.1761648786237,11.4448421772746,11.7029661091974,11.9748228708338,12.2757964380019,12.5543366019888,12.8288027720165,13.0970062714216,13.3671605377942,13.6399662875907,13.9136860494646
Population in urban agglomerations of more than 1 million (% of total population),EN.URB.MCTY.TL.ZS,Thailand,THA,8.45930434246978,8.52025512603211,8.57976745231213,8.63824614834504,8.69708169196485,8.75554750972709,8.81736190136835,8.88340298435722,8.95464047412901,9.03140529668767,9.12334031476752,9.25071662486575,9.38407144696243,9.52098767511489,9.66948299185658,9.8311981153886,10.0096657229443,10.1980385853096,10.3965664782844,10.6079340792658,10.7860320417808,10.8437000244011,10.9110435913557,10.9840035921543,11.0656980706726,11.1572746881273,11.2609162005567,11.3764144386159,11.5026025779506,11.6421532852002,11.769789318925,11.7741357374605,11.7941792324958,11.8308904243955,11.8892541465321,11.9678977875345,12.0687838384151,12.1929184397542,12.3413254602412,12.5190430292806,12.752102259061,13.0574061508183,13.3818885898404,13.7228529013754,14.082786440583,14.4607953476522,14.8592409407285,15.278685884143,15.7215257713603,16.186482950652,16.6838411514167,17.02483891248,17.3356745939266,17.6567970094515,17.9948558147419,18.3521733771217,18.7185037572975,19.097653579803,19.5079895044389,19.8130467641331,20.1168013214243,20.4202200076255,20.7359180021325,21.0542682406811,21.3644787770097
Population in urban agglomerations of more than 1 million (% of total population),EN.URB.MCTY.TL.ZS,Timor-Leste,TLS,..,..,..,..,..,..,..,..,..,..,..,..,..,..,..,..,..,..,..,..,..,..,..,..,..,..,..,..,..,..,..,..,..,..,..,..,..,..,..,..,..,..,..,..,..,..,..,..,..,..,..,..,..,..,..,..,..,..,..,..,..,..,..,..,..
Population in urban agglomerations of more than 1 million (% of total population),EN.URB.MCTY.TL.ZS,Togo,TGO,5.67231084626833,6.19010675291314,6.50136558337503,6.82306444156386,7.13885685135075,7.42313910402094,7.66703170632672,7.87783895906087,8.08022782140018,8.29895778574972,8.53761159814378,8.76592337453019,9.03339798758403,9.32729324238622,9.64092906965634,9.97194928032154,10.3200929867207,10.6811740208905,11.0533829838578,11.4231576693731,11.7759836543195,12.1023496843556,12.4296879464226,12.775640812821,13.1388063682682,13.5313771126657,13.95610763618,14.3966602397042,14.8551280167184,15.1619285210862,15.4828958269824,15.8182604554423,16.1702156808233,17.1075707797568,17.9226557800963,18.0428998429321,18.2811837845631,18.6226754115847,19.0343871614242,19.4568732202208,19.9040006910456,20.3829853514489,20.8946933039044,21.421185637968,21.9551872831566,22.4992818195024,22.3598441970177,22.1964066638829,22.0433418351806,21.8989707510762,21.7807262881001,21.668830100424,21.5722567350765,21.4879893354446,21.4118528728864,21.3389584892463,21.2677212558612,21.1999046808173,21.13804245616,21.095304917791,21.0834721305878,21.111894412257,21.1834158476295,21.2977560894452,21.4680329526246
Population in urban agglomerations of more than 1 million (% of total population),EN.URB.MCTY.TL.ZS,Tonga,TON,..,..,..,..,..,..,..,..,..,..,..,..,..,..,..,..,..,..,..,..,..,..,..,..,..,..,..,..,..,..,..,..,..,..,..,..,..,..,..,..,..,..,..,..,..,..,..,..,..,..,..,..,..,..,..,..,..,..,..,..,..,..,..,..,..
Population in urban agglomerations of more than 1 million (% of total population),EN.URB.MCTY.TL.ZS,Trinidad and Tobago,TTO,..,..,..,..,..,..,..,..,..,..,..,..,..,..,..,..,..,..,..,..,..,..,..,..,..,..,..,..,..,..,..,..,..,..,..,..,..,..,..,..,..,..,..,..,..,..,..,..,..,..,..,..,..,..,..,..,..,..,..,..,..,..,..,..,..
Population in urban agglomerations of more than 1 million (% of total population),EN.URB.MCTY.TL.ZS,Tunisia,TUN,13.7855940353686,13.9241726320686,14.0539456771316,14.1705090723541,14.2758508099011,14.3562317147095,14.4051517028077,14.5323326969084,14.6381103379394,14.7348380930953,14.8365863792231,14.9380290395157,15.0371245962935,15.1291744157109,15.2142233661948,15.2912816722387,15.3721180978337,15.4596924494443,15.5723294961954,15.7107058882021,15.852635291571,15.9971821249299,16.1559970830736,16.3361450565653,16.4924756691233,16.6474513903893,16.8145445818527,16.9955482595799,17.2007940369481,17.4315906208061,17.6839859263772,17.9383443111698,18.198097509108,18.4788398166159,18.7017766249803,18.5573968116606,18.4379206819739,18.3348847872951,18.2482369170922,18.1763745366464,18.1174068234965,18.0682204696263,18.0266388808521,17.990103292098,17.9906125841185,18.1226958642177,18.2546506469394,18.3813328516749,18.5009250533666,18.6097489916372,18.7089424279072,18.8026035190958,18.8933487149951,18.9722691868615,19.0525645610614,19.1441717188797,19.2412501212195,19.3487608855862,19.4702670873538,19.602577868732,19.7527120507277,19.9415335629253,20.1282017642224,20.2898241873586,20.450034287388
Population in urban agglomerations of more than 1 million (% of total population),EN.URB.MCTY.TL.ZS,Turkiye,TUR,11.8225487433806,12.228056929237,12.752594777663,13.3054517384329,13.8932790059256,14.5229094128901,15.0545583789001,15.5448797534691,16.072314840258,16.6364077296341,17.2478131930473,17.6626794632669,17.9823295837929,18.3250612205337,18.6971978327706,19.1070102676225,19.4551601738082,19.7682325080474,20.1002050483963,20.4530717958256,20.809933049343,21.2387505588695,21.6718295825274,22.0680135429324,22.4854651329912,22.9274244549132,23.3337541059125,23.7404915290706,24.167457589114,24.6108121067893,25.0879093955708,25.4396838218606,25.7386301576417,26.034787914887,26.3329033313813,26.6626210786182,27.0336552677147,27.4257208482413,27.7890553988732,28.1372115210132,28.5073244854592,29.0273044683377,29.6321552087551,30.2643482629737,30.9266462307452,31.616568673589,32.3379572282522,33.3648203075932,34.0488791834023,34.7052534143699,35.3279811982557,35.9817666689404,36.448926594449,36.6433560684704,36.817302879002,36.9583394737195,37.0564672184686,37.1720795633089,37.268469507932,37.3419255446634,37.5898018676812,37.8527227688944,38.0638151512346,38.4584879878007,38.8830561788146
Population in urban agglomerations of more than 1 million (% of total population),EN.URB.MCTY.TL.ZS,Turkmenistan,TKM,..,..,..,..,..,..,..,..,..,..,..,..,..,..,..,..,..,..,..,..,..,..,..,..,..,..,..,..,..,..,..,..,..,..,..,..,..,..,..,..,..,..,..,..,..,..,..,..,..,..,..,..,..,..,..,..,..,..,..,..,..,..,..,..,..
Population in urban agglomerations of more than 1 million (% of total population),EN.URB.MCTY.TL.ZS,Turks and Caicos Islands,TCA,..,..,..,..,..,..,..,..,..,..,..,..,..,..,..,..,..,..,..,..,..,..,..,..,..,..,..,..,..,..,..,..,..,..,..,..,..,..,..,..,..,..,..,..,..,..,..,..,..,..,..,..,..,..,..,..,..,..,..,..,..,..,..,..,..
Population in urban agglomerations of more than 1 million (% of total population),EN.URB.MCTY.TL.ZS,Tuvalu,TUV,..,..,..,..,..,..,..,..,..,..,..,..,..,..,..,..,..,..,..,..,..,..,..,..,..,..,..,..,..,..,..,..,..,..,..,..,..,..,..,..,..,..,..,..,..,..,..,..,..,..,..,..,..,..,..,..,..,..,..,..,..,..,..,..,..
Population in urban agglomerations of more than 1 million (% of total population),EN.URB.MCTY.TL.ZS,Uganda,UGA,1.79932581884532,1.92488963354738,2.05887597622955,2.20096492982738,2.35204358352891,2.51213583867383,2.68265535910653,2.86355804340645,3.05557981804234,3.26061537767186,3.29247307806743,3.30251645146082,3.32416664798789,3.3504315594178,3.37230803811272,3.39065127877979,3.40818293546706,3.42493799793506,3.44153885172626,3.46656167900679,3.52966361727003,3.62516682093515,3.71530711750947,3.80135370279079,3.88197931813525,3.95858378515891,4.03277720449981,4.10074607453725,4.16648376371233,4.23093161726815,4.29634277309651,4.36372725319443,4.43033048865714,4.49521091648457,4.56581672870501,4.66657572678395,4.77132380820053,4.86813580095869,4.96352206978511,5.04733119920596,5.13782622191945,5.2336860791356,5.32783036141256,5.42222706602322,5.52743807061183,5.63756287752846,5.75070093588585,5.86531136532941,5.98240583285551,6.1012075519907,6.22262764595949,6.34722232590625,6.47654318298296,6.60989960619794,6.74093327756459,6.86619428412111,6.97641536083057,7.07646052052961,7.18463201180797,7.29701508875528,7.41919770299276,7.55704578408671,7.71868342633193,7.90458421047537,8.09920733525793
Population in urban agglomerations of more than 1 million (% of total population),EN.URB.MCTY.TL.ZS,Ukraine,UKR,6.59569602559942,6.70285180800284,6.81832156319019,6.9409589753781,7.07193826116507,7.21425692686778,7.36384826345468,7.51770361373644,7.67839285455705,7.84873106958545,8.01378192976724,8.15034916548861,8.27951458710787,8.41855503355306,8.56635204996977,8.71931655124342,8.88191411702593,9.05485942542193,9.23774873744587,9.3744761433718,9.4507289258173,9.52767583978738,9.60983973802686,9.68916837518252,9.76668795083062,9.85065381146915,9.93815417738684,10.0294061627621,10.1197348980383,10.1405631134298,10.0889858956718,10.0416072458393,9.9877606064758,9.9584459452877,9.98663530173728,10.0417436852831,10.1036094699287,10.1667684481929,10.2246814299187,10.2829340845886,10.345747675489,10.4162626582378,10.5059709477199,10.599570701819,10.689007288049,10.8103790990695,10.9317380890428,11.0338573579922,11.1441433985114,11.2364945653963,11.3152739377944,11.3901091462824,11.4532992559022,11.5133359652107,11.5918579808137,11.6796661501645,11.7635613100007,11.8516091663884,11.9529277715119,12.0468844123705,12.1451819598803,12.2692231635102,13.2562840013266,14.431878377761,14.3866091008819
Population in urban agglomerations of more than 1 million (% of total population),EN.URB.MCTY.TL.ZS,United Arab Emirates,ARE,43.3947035801849,45.0666357463276,46.9029845597671,48.9143360203927,51.1578538686972,53.7255465192127,56.8176070262565,60.6739009460211,61.2267822040358,58.9059500959693,56.9945835776307,56.4044091968707,56.8200117398328,58.0264849369499,59.9602933629395,62.5788422712469,62.684577489259,60.5989222890727,59.3554222673656,58.8431047905176,59.0979619966526,59.0139609312137,58.478698869141,58.0364363456798,57.7168689643766,57.521421920574,56.881604870712,55.9051201719683,55.1915580322847,54.6970110919847,54.4101842779025,54.3107185893136,54.3915298879762,54.6348870186801,55.0513532412331,55.587387489516,55.3478566841857,54.4757419047991,53.899476421193,53.5803789885453,53.4978925599136,53.6030282603616,53.8800038212446,54.3211057382342,54.9384314672022,55.7247378767319,55.5682857199896,53.0822533373277,50.8233026542427,51.2339687535131,53.6700719871415,54.8790646203877,55.7878239825268,56.6840170018813,57.2275989398767,57.359624429043,57.7571922850289,59.1922998734174,61.7963921173899,62.6106564991687,64.3100155536016,64.4370240806621,62.430872050626,61.0987422345304,59.9109164574251
Population in urban agglomerations of more than 1 million (% of total population),EN.URB.MCTY.TL.ZS,United Kingdom,GBR,31.4158778625954,31.1495681818182,30.732165258216,30.3514147250699,30.0052240740741,29.6663192147648,29.3584069096133,29.0580067560189,28.775984075839,28.5179111409723,28.2673828782904,28.001521677055,27.7039813722,27.4509829044384,27.2362548131358,27.043065638906,26.8563982673583,26.6745497859432,26.4843325485158,26.2740855055414,26.0582709701579,25.9143560080036,25.9275101746662,25.9228416784467,25.8863322141023,25.8324204582019,25.7777366668951,25.7283601560155,25.6769780007763,25.6161922154204,25.5460011885916,25.5402199502421,25.5592362832062,25.5862519498476,25.6099960347871,25.6315884633025,25.6562446543957,25.6803004491627,25.6961765322056,25.7016431449898,25.7014652150866,25.7080853610269,25.7605922296837,25.8023406382459,25.8177560959997,25.8024152696554,25.7748769779587,25.859863130416,25.9439938796571,26.036214114943,26.1226120072431,26.2096915828799,26.2944593555273,26.3904987605045,26.4671897245435,26.551350479351,26.6173015074611,26.7502865112331,26.899809923215,27.0417628431211,27.2742958168525,27.4464528842709,27.4549568072895,27.3476668808036,27.2949657643082
Population in urban agglomerations of more than 1 million (% of total population),EN.URB.MCTY.TL.ZS,United States,USA,38.7326062290019,38.8465695107545,39.0132637853949,39.2241843776752,39.461980624215,39.759195174547,40.1030565730566,40.4818556503885,40.90775064024,41.3501161947335,41.5943355831691,41.4104709117263,41.3158935853947,41.2765805133336,41.2629176915092,41.2278807999148,41.2167372210884,41.1904049691472,41.1513772266774,41.1033511808225,41.1337335240401,41.1891169062083,41.2620329442641,41.3564809745415,41.4773179264285,41.5941796540072,41.7016982255667,41.8277796350639,41.9546738432468,42.0709848107318,42.1499621429115,42.2491811638028,42.3327553271946,42.4483138977912,42.6093191094761,42.7911017808456,42.9915046363319,43.1786332278284,43.3895201809653,43.6145337586009,43.7913755280465,43.8094802291709,43.8598992960954,43.9449775404797,44.0064759347353,44.0731446019382,44.1265774620913,44.1907617493296,44.2629381209096,44.36956533864,44.4957815341026,44.6514971368553,44.81102810567,44.9938284565851,45.1656822159513,45.3428398723378,45.5326333312924,45.7713421754905,46.0661351656627,46.2068650289245,46.4022670160106,46.7228265988509,46.8581588917061,46.8826139383389,46.8464259084743
Population in urban agglomerations of more than 1 million (% of total population),EN.URB.MCTY.TL.ZS,Uruguay,URY,50.7897169793795,50.4472210469453,50.1314542331811,49.8397722967673,49.5765835714124,49.3462739573671,49.150184329857,48.9926533803125,48.8808199793364,48.8236731851128,48.8136943901889,48.8259951497651,48.8483664133392,48.8661264734505,48.8630470674968,48.8424688057041,48.8710282106335,48.9176173868631,48.9970144050258,49.112504732299,49.2655879006204,49.431603046119,49.5835310597373,49.7194505580542,49.8501576026282,49.9674017918905,49.9986316478422,49.9803927740487,49.9475710414833,49.9121103084483,49.8810882478853,49.8549491825719,49.8403988658796,49.837802901774,49.8393549741335,49.8404422092907,49.813711901854,49.5754565521221,49.3563075745227,49.15739478767,48.9985016254333,48.9025429021782,48.8581574062016,48.8480994372157,48.8433966424907,49.0825440969562,49.3073124049629,49.5044387923717,49.682164220755,49.8465752150016,50.0035256043247,50.1649771178226,50.3226448633912,50.4606262388513,50.58343418742,50.6967452955255,50.8171999799958,50.9702405651217,51.1701753466013,51.3569091777184,51.5564724351627,51.8123057854768,52.117025709595,52.3717113020616,52.6005230042745
Population in urban agglomerations of more than 1 million (% of total population),EN.URB.MCTY.TL.ZS,Uzbekistan,UZB,11.7418345888695,11.7539911837817,11.7449037582355,11.7384929722592,11.7402769374062,11.7467796031741,11.765685770083,11.797173891425,11.840306812223,11.8980194069183,11.9253861251192,11.9085636796268,11.8975963782418,11.8838470469323,11.8694200496918,11.8546568409903,11.8411171958379,11.8280592264933,11.8271849562939,11.7715734529335,11.6384343700256,11.5063318863349,11.3748711028349,11.240554990419,11.0999199831796,10.9526538209989,10.8019185652933,10.6538063514821,10.5184261763365,10.3865194607268,10.2632177660191,10.0827938487548,9.84099670981132,9.61911191832074,9.4186822402826,9.23502904254021,9.06624581443433,8.92338721896918,8.80617465251296,8.70500205752507,8.61176160749075,8.51811037763105,8.44510901189686,8.37346004721122,8.30150580018326,8.2283418336133,8.15270794537467,8.06868205977779,7.97497007976861,7.9400012770529,7.90685922597258,7.87812357796825,7.85115376809225,7.81961013744251,7.78072483487242,7.73723447646659,7.69418647558119,7.65376465727681,7.6110700452747,7.55454751432449,7.49524539298261,7.43248917990628,7.36644241363258,7.30175188943593,7.24292176590861
Population in urban agglomerations of more than 1 million (% of total population),EN.URB.MCTY.TL.ZS,Vanuatu,VUT,..,..,..,..,..,..,..,..,..,..,..,..,..,..,..,..,..,..,..,..,..,..,..,..,..,..,..,..,..,..,..,..,..,..,..,..,..,..,..,..,..,..,..,..,..,..,..,..,..,..,..,..,..,..,..,..,..,..,..,..,..,..,..,..,..
Population in urban agglomerations of more than 1 million (% of total population),EN.URB.MCTY.TL.ZS,"Venezuela, RB",VEN,28.7982362939624,29.3688264368788,29.6891012427957,30.0325208867014,30.4004430931553,30.7881692633064,31.2002947873356,31.636876837438,32.1044858018627,32.602334361085,33.1341902160121,33.6959995257647,33.8953548918191,33.9087612128082,33.9393289673185,33.9825567581817,34.037500613687,34.0997651714037,34.176173938473,34.2688811903454,34.3845329775731,34.5193630234705,34.4153663525717,34.2199061054974,34.0471640601497,33.8942265566505,33.7568937290053,33.6345770306795,33.5367192658372,33.4643156587388,33.4223667613019,33.185405135786,32.8778023023781,32.5957019965636,32.3399825124643,32.1072247991907,31.8944001382395,31.6964241904556,31.516078940782,31.3577829649589,31.2219886990133,31.1079314018675,30.908750156424,30.6736226032485,30.4622426970623,30.2655354306333,30.0872524296515,29.9348957876534,29.8140679930374,29.7213391603112,29.6465069830561,29.5812790395355,29.535813738634,29.5087575978201,29.50401167393,29.5257711363116,29.6758665163695,30.2111677341018,31.3341480251072,32.590825423288,33.485945070392,34.0698997153676,34.4489318529812,34.6998468668119,34.9376986034029
Population in urban agglomerations of more than 1 million (% of total population),EN.URB.MCTY.TL.ZS,Viet Nam,VNM,6.6599731408521,6.72762737795159,6.80071137428927,6.86349702932849,6.93412049639956,7.01441187604862,7.10679462233578,7.20922286314876,7.3230442509199,7.44000260607535,7.55443429729021,7.66875741296506,7.78884596637909,7.9144584577736,8.04299167448684,8.16669518252765,8.27471890438512,8.37766668044807,8.4846030070079,8.62706566408083,8.59648755486296,8.49794562115575,8.40166279324958,8.30332379499769,8.20521003450122,8.11469611681367,8.03889197695304,7.97401449916473,7.91063597178681,7.89406445921973,8.02127613971011,8.15081525344484,8.2891474737372,8.43796970395818,8.60054389571989,8.77838066207966,8.97425075878822,9.1806461132973,9.39449793000393,9.63392249619243,9.92072855421606,10.2238916643167,10.5407395886144,10.8711292074533,11.2169970411993,11.5784761732557,11.9064529544915,12.1905638747689,12.4760043311839,12.8103269652338,13.2013846365506,13.604811096547,14.0193845279757,14.4468108324961,14.8838479601204,15.3318908643302,15.7920122588784,16.2703318471651,16.7879209103903,17.2223224092887,17.662789449395,18.1064287215847,18.5606244260734,19.0160579651314,19.4630165107457
Population in urban agglomerations of more than 1 million (% of total population),EN.URB.MCTY.TL.ZS,Virgin Islands (U.S.),VIR,..,..,..,..,..,..,..,..,..,..,..,..,..,..,..,..,..,..,..,..,..,..,..,..,..,..,..,..,..,..,..,..,..,..,..,..,..,..,..,..,..,..,..,..,..,..,..,..,..,..,..,..,..,..,..,..,..,..,..,..,..,..,..,..,..
Population in urban agglomerations of more than 1 million (% of total population),EN.URB.MCTY.TL.ZS,West Bank and Gaza,PSE,..,..,..,..,..,..,..,..,..,..,..,..,..,..,..,..,..,..,..,..,..,..,..,..,..,..,..,..,..,..,..,..,..,..,..,..,..,..,..,..,..,..,..,..,..,..,..,..,..,..,..,..,..,..,..,..,..,..,..,..,..,..,..,..,..
Population in urban agglomerations of more than 1 million (% of total population),EN.URB.MCTY.TL.ZS,"Yemen, Rep.",YEM,1.30144762549977,1.3288756323348,1.35664133211097,1.38519928913821,1.41327571434288,1.43997515653465,1.46619047424118,1.49168779782348,1.51663756082483,1.54033117898433,1.56473650934379,1.59004621725887,1.61474399429067,1.63867252563472,1.66196791782173,1.72788229760064,1.86221249642031,2.00503641095245,2.15770060356781,2.31938963989699,2.49052796719981,2.67113267050934,2.86311715860727,3.06635626477958,3.28168170848254,3.50841749371935,3.73700113603517,3.95840326107413,4.19269240016958,4.44123220784165,4.70532469288649,4.9857656175406,5.28511502789887,5.6033077540778,5.94555861061888,6.16982330646644,6.29166443570698,6.42644686654355,6.56703429624602,6.71316309167594,6.8655387260008,7.02426418635245,7.19116782143352,7.36408971895957,7.54207469896018,7.63955026933862,7.66611577591601,7.69368242117121,7.72377571291682,7.75440991272508,7.79010186254688,7.83291182213384,7.87690372606792,7.9205158184,7.96256334175635,8.00708191264017,8.05491978731203,8.10222235881558,8.15403303406155,8.1864361577297,8.22747826662578,8.28012373644428,8.32395500537427,8.35854332378483,8.39711265489305
Population in urban agglomerations of more than 1 million (% of total population),EN.URB.MCTY.TL.ZS,Zambia,ZMB,2.8836339457195,3.11005916868823,3.35427871542799,3.62499628524366,3.96050675744622,4.32519719204807,4.72281894846358,5.15630878711535,5.62933869671657,6.14660161882588,6.42158974741064,6.66803225643075,6.92060878351628,7.17693032481602,7.43914712850932,7.70611969412952,7.98037731330006,8.26269971786787,8.55677946285103,8.86376259648904,9.18306627125061,9.24580109702206,9.2715755918336,9.29644988793359,9.33541423207086,9.38084956495053,9.42839381999868,9.48530456739146,9.55678460489431,9.63795206250553,9.7279291009481,9.82631410798519,9.93257654696038,10.0421057232329,10.1528998215891,10.2622959440176,10.3691193288178,10.4655126851468,10.5562743134444,10.6415653790732,10.7140999703423,10.8598732129255,11.0454229260489,11.2312862956072,11.412598368806,11.5808854117467,11.7356426902129,11.8826175867493,12.0275326840804,12.1760017446495,12.336596638854,12.516411784735,12.7093479393915,12.9104187759761,13.1186579190158,13.337204280067,13.5629279225191,13.7961289627161,14.0419746350878,14.2953549504238,14.555199679738,14.8237668710661,15.0935263136323,15.3505856625409,15.595711293047
Population in urban agglomerations of more than 1 million (% of total population),EN.URB.MCTY.TL.ZS,Zimbabwe,ZWE,6.5096528603406,6.63303820653414,6.75805647936776,6.88484157561247,7.01443470217402,7.14542369094993,7.27957407790156,7.41660132758897,7.55621944151954,7.71565904818353,7.98607263381058,8.27190368525793,8.56237635195297,8.77630321215075,8.74976812390917,8.72867440673014,8.7191004444812,8.75185595437298,8.88248396327695,9.00345931647661,8.75302483077351,8.46318029881438,8.38182947826819,8.52989058090952,8.73710359831296,8.95650683397927,9.19234990222184,9.43822940330292,9.70540412104901,10.0051516513567,10.3328200135717,10.6840044071899,11.023993945453,11.1296311847347,11.3280348984489,11.4369190163577,11.4629479600945,11.4635605273502,11.4555716487166,11.4861953087116,11.5982141017679,11.739823107458,11.8486938696867,11.7721956818832,11.6845960858801,11.6137853756884,11.512082709971,11.3999171200255,11.3017529160287,11.1815832102621,11.0399558328993,10.8827720268231,10.7439364643813,10.6296161614316,10.5203226018291,10.4154569483339,10.3066623178958,10.1934368595351,10.0769619005734,9.96185148573461,9.85335889587147,9.76010320809814,9.69403554259815,9.65758026126226,9.63788055011151
Population in urban agglomerations of more than 1 million (% of total population),EN.URB.MCTY.TL.ZS,Africa Eastern and Southern,AFE,6.47909924493651,6.60033484584478,6.72783328867945,6.85375213690564,6.98648163700524,7.12442789776871,7.26942373219249,7.42213118313201,7.58154779515578,7.74216459759446,7.88746031513188,7.99950537425987,8.11372021525513,8.22397885726267,8.33056097896443,8.4418013172836,8.54953396198095,8.67077193927825,8.78140736242408,8.86637563725056,8.96856085382475,9.0514948014042,9.12231246183655,9.22618097245397,9.35945510970044,9.48453724514679,9.62574088515483,9.76976945791268,9.92205430846915,10.081425303062,10.2481697590077,10.4386930413204,10.6483365913014,10.8217486656139,10.973288535425,11.1413539113979,11.2938128479531,11.4414462491404,11.5716156131774,11.6918271319872,11.8158982204926,11.9464290999256,12.062418117209,12.1669123617606,12.2731220137415,12.3790996390277,12.4968739381329,12.5249227915272,12.6713143371939,12.8223035262422,12.9800938516914,13.1481514784492,13.3137337357042,13.474837822928,13.6340621893544,13.7603976172185,13.8949366113141,14.0290320756528,14.1481181309266,14.2610465199665,14.3799394561514,14.5082214392453,14.6497227364124,14.812855078849,14.9864703143086
Population in urban agglomerations of more than 1 million (% of total population),EN.URB.MCTY.TL.ZS,Africa Western and Central,AFW,4.86702968226714,5.11380195253003,5.36420520902344,5.61351638345207,5.84371636642828,6.06607561642759,6.29992294870079,6.54844873215333,6.80977686855665,7.09135734502498,7.37872980563495,7.67218995261313,8.00479985205876,8.32970547828588,8.64941050786934,8.97912024175133,9.30860169698723,9.62056623817636,9.92315841531199,10.177390933215,10.442161758702,10.7156896089867,10.9958298709838,11.3105480454091,11.5677085723518,11.8320698019337,12.0908288703817,12.3512110085243,12.6122601965714,12.8584658945123,13.1344680025938,13.4028719001608,13.4153129873194,13.4437317664897,13.5034709829452,13.5681442049978,13.8560006421476,13.9766951629333,14.1006893158814,14.2322330315977,14.4055406814147,14.5714295569478,14.7409264788217,14.9152984177055,15.0953744151155,15.1975516657038,15.2887902765493,15.3541239890962,15.4309661958268,15.5325437219834,15.6302045378968,15.72966524052,15.8382813045834,15.9565762224141,16.0764300173359,16.2056821783863,16.3456935835497,16.4966414132266,16.6673447189884,16.8261183269045,17.0020247217036,17.1919252346855,17.3941320213455,17.598407162864,17.8120117338504
Population in urban agglomerations of more than 1 million (% of total population),EN.URB.MCTY.TL.ZS,Arab World,ARB,14.4766493437057,14.8229278027889,15.1803616089752,15.5666522304846,15.9976102226246,16.4549040355298,16.8518242655347,17.1167418489478,17.3923800101149,17.682206690741,17.9881258817948,18.3118243265458,18.6516174227952,18.9929404359873,19.3184234499957,19.5958029945401,19.7491763560012,19.888474389758,19.9490653249265,19.9619214806832,19.9874608602578,20.052597689434,20.1163532651137,20.1428195587753,20.1903495794905,20.2570040432221,20.3416300423228,20.4767395888927,20.6899441548331,20.8885122263064,21.168425285688,21.4577213306633,21.6949145190495,21.7906711623334,21.8133276401601,21.8418941887462,21.9084623616402,21.9435881215567,21.9590028676867,21.9770046105438,21.9937467865844,22.0127027381681,22.075832407489,22.1215828258844,22.0771369059136,22.0670552415346,22.0795975478093,21.9575309927628,22.0490234025794,22.1591793209297,22.3396761189783,22.0776122481489,21.920313667878,21.804233492015,21.7934048080276,21.9667931160734,22.2280911444432,22.4075532442517,22.6405909620906,22.7084045200924,22.7253735377062,22.8562208027866,22.8247927616343,22.7988185631337,22.8082512471896
Population in urban agglomerations of more than 1 million (% of total population),EN.URB.MCTY.TL.ZS,Caribbean small states,CSS,..,..,..,..,..,..,..,..,..,..,..,..,..,..,..,..,..,..,..,..,..,..,..,..,..,..,..,..,..,..,..,..,..,..,..,..,..,..,..,..,..,..,..,..,..,..,..,..,..,..,..,..,..,..,..,..,..,..,..,..,..,..,..,..,..
Population in urban agglomerations of more than 1 million (% of total population),EN.URB.MCTY.TL.ZS,Central Europe and the Baltics,CEB,..,..,..,..,..,..,..,..,..,..,..,..,..,..,..,..,..,..,..,..,..,..,..,..,..,..,..,..,..,..,..,..,..,..,..,..,..,..,..,..,..,..,..,..,..,..,..,..,..,..,..,..,..,..,..,..,..,..,..,..,..,..,..,..,..
Population in urban agglomerations of more than 1 million (% of total population),EN.URB.MCTY.TL.ZS,Early-demographic dividend,EAR,10.484755380465,10.6363967487629,10.785885736047,10.9384012047727,11.0975827066114,11.2690880924142,11.4495538836653,11.6239997361893,11.8056681952405,11.9957898192847,12.1889947533581,12.3855978280256,12.5878309172969,12.7799227064001,12.9734299337644,13.0188631694632,13.1840553351593,13.3492263799077,13.5210683042415,13.6921567192952,13.8645861924893,13.984527780995,14.0633962226842,14.1523092102113,14.2503787099817,14.3569555893118,14.4734743869433,14.5877617604722,14.7106249550028,14.8432875075948,14.9790814790019,15.0874717283696,15.1852552097869,15.286232759311,15.4085388941415,15.5330563655059,15.636641521087,15.7370411372989,15.845477941335,15.9608364565048,16.0824068512757,16.1865209116453,16.2731130825715,16.3641910606194,16.45644289897,16.5620871239467,16.6761760556793,16.7982307507157,16.9319975291802,17.0695701961871,17.1929457189067,17.2877032090153,17.399307570583,17.5226894557857,17.6693507163793,17.8463136670126,18.0364279268332,18.2260302447277,18.4278683988403,18.6005615639329,18.7762574298253,18.9839605071293,19.1784015401538,19.3603921952864,19.5438195683841
Population in urban agglomerations of more than 1 million (% of total population),EN.URB.MCTY.TL.ZS,East Asia & Pacific,EAS,..,..,..,..,..,..,..,..,..,..,..,..,..,..,..,..,..,..,..,..,..,..,..,..,..,..,..,..,..,..,..,..,..,..,..,..,..,..,..,..,..,..,..,..,..,..,..,..,..,..,..,..,..,..,..,..,..,..,..,..,..,..,..,..,..
Population in urban agglomerations of more than 1 million (% of total population),EN.URB.MCTY.TL.ZS,East Asia & Pacific (excluding high income),EAP,..,..,..,..,..,..,..,..,..,..,..,..,..,..,..,..,..,..,..,..,..,..,..,..,..,..,..,..,..,..,..,..,..,..,..,..,..,..,..,..,..,..,..,..,..,..,..,..,..,..,..,..,..,..,..,..,..,..,..,..,..,..,..,..,..
Population in urban agglomerations of more than 1 million (% of total population),EN.URB.MCTY.TL.ZS,East Asia & Pacific (IDA & IBRD countries),TEA,..,..,..,..,..,..,..,..,..,..,..,..,..,..,..,..,..,..,..,..,..,..,..,..,..,..,..,..,..,..,..,..,..,..,..,..,..,..,..,..,..,..,..,..,..,..,..,..,..,..,..,..,..,..,..,..,..,..,..,..,..,..,..,..,..
Population in urban agglomerations of more than 1 million (% of total population),EN.URB.MCTY.TL.ZS,Euro area,EMU,16.1366082489548,16.3077152482233,16.4475116651719,16.5637400113576,16.6834615175696,16.8032626104513,16.9315814798449,17.079385669209,17.2338427339865,17.3790006084316,17.5486944300085,17.6833866068163,17.7227190127163,17.751906041503,17.7977943802961,17.8506288782635,17.9043112448433,17.9638822763305,18.0229723170292,18.0819929774184,18.1375685430431,18.1781691524775,18.1835523539043,18.1919701749494,18.2081320493857,18.2321788011157,18.2665167345304,18.3657149897952,18.3562971069609,18.3892953636014,18.3961670376245,18.3905907027032,18.3844169799058,18.3832112987483,18.3924650777272,18.4020650994724,18.4110986793625,18.418256093185,18.4264408097032,18.4408908070345,18.4630576053223,18.4777283210863,18.4898524261417,18.4969841985026,18.5014517971012,18.5169394342819,18.5504658879803,18.576270446954,18.6074890863532,18.6682913977791,18.743803025545,18.9028282130083,18.9853227149133,19.0803280951718,19.1732063622967,19.2458240140446,19.3202174337954,19.4110814041942,19.4824825691322,19.5481736169385,19.6208811442321,19.7033412039254,19.7095326524371,19.7098249770582,19.7476832044969
Population in urban agglomerations of more than 1 million (% of total population),EN.URB.MCTY.TL.ZS,Europe & Central Asia,ECS,15.0954620872708,15.2058210552602,15.3008353075527,15.3918082726071,15.4901800416197,15.5991751746838,15.7236434367015,15.8505790453245,15.9883002315755,16.1305917113085,16.2857686271611,16.3889211788425,16.4480204284164,16.5097226141529,16.5830950314849,16.6639908204997,16.7428511816707,16.8228304549714,16.9046736679917,16.9698796486367,17.0063891452481,17.0525595115238,17.1004278358139,17.1495460916567,17.1970145406555,17.2494396264054,17.3046378791453,17.3840522729154,17.4294450700349,17.4749938411155,17.5029264950903,17.5251631486542,17.5368722639547,17.5508264160395,17.5887058134705,17.6454234781599,17.7179403794648,17.8014206399155,17.8816581307077,17.9637721102154,18.0618909325514,18.1735770100884,18.3058399363267,18.4384585969222,18.5685430573192,18.703231165759,18.8443938540739,19.0025077003364,19.1415908426396,19.2898455928862,19.4502137859775,19.6466657735098,19.790447707186,19.9161889330733,20.0380878973419,20.1507396581791,20.2605812440415,20.3853965209263,20.5100001072337,20.6079474313119,20.7400376019054,20.8897072769531,21.0419651041529,21.1798288944083,21.2487052625238
Population in urban agglomerations of more than 1 million (% of total population),EN.URB.MCTY.TL.ZS,Europe & Central Asia (excluding high income),ECA,9.93179053805444,10.1361582444336,10.3743282446911,10.6261878974812,10.893939056604,11.1834037804489,11.4564576703786,11.727864662289,12.0169770270631,12.3196740874155,12.63566796494,12.872923348277,13.0778572774488,13.2974135826573,13.5306823783034,13.7783992356617,14.0085966421794,14.2279188286207,14.457753265071,14.6630789628176,14.8160746511253,15.0008594463073,15.1858702015551,15.3631770469227,15.5441122890338,15.7342636044163,15.9103036122049,16.0846309637758,16.2717411152907,16.419014604982,16.5347844654021,16.6411181062211,16.7073652613285,16.8063762819827,16.9668069743448,17.1695359487788,17.388378967581,17.6259408303609,17.8573607717227,18.0775210439655,18.2964168479822,18.5749576172207,18.8929218186161,19.2230244289522,19.5539149906224,19.8963401883628,20.2455316443261,20.6545609485829,20.9863848463153,21.3295505974895,21.6841796597442,22.0435329143833,22.308919862107,22.4680801359842,22.6271286179132,22.7748255809766,22.9070980496682,23.0500172387484,23.197329789689,23.3137373683513,23.4751386012686,23.6565183649342,24.144437361754,24.668414434835,24.7898947216659
Population in urban agglomerations of more than 1 million (% of total population),EN.URB.MCTY.TL.ZS,Europe & Central Asia (IDA & IBRD countries),TEC,11.2601185600018,11.4128483566453,11.5782538461846,11.74905850537,11.9275380101626,12.1220508387176,12.3398261074285,12.5539329925775,12.7801773274406,13.0186703400486,13.2571619683011,13.4516401899159,13.6306208722064,13.8165942280703,14.0085610835617,14.2057793293981,14.3906232315588,14.5666731917327,14.7448477725551,14.8865500679033,14.9711768951711,15.0716397984918,15.1760419090425,15.2809032598459,15.379598225483,15.483453506891,15.5837240213487,15.6827762327414,15.7936574580307,15.8673128122237,15.9232244001158,15.9750973098799,16.004977958971,16.0325030510886,16.0981104046474,16.1981338140202,16.3273246291444,16.4797244295303,16.6263903817075,16.7740210761887,16.9481518221346,17.1524012651073,17.3900098805748,17.6351228016799,17.8819776351358,18.1345033334002,18.388407471406,18.668392732361,18.9099885862714,19.1451489719182,19.3911719800412,19.6422003132655,19.8448930781092,19.9986036833866,20.1499666394165,20.298759005113,20.4429329868305,20.5962516581959,20.7614434357246,20.8784750398452,21.0468815831266,21.2401900683719,21.5468797341511,21.8513298542735,21.9613565045035
Population in urban agglomerations of more than 1 million (% of total population),EN.URB.MCTY.TL.ZS,European Union,EUU,14.2577620459985,14.4076849795446,14.5366097123566,14.6466106450938,14.7578310354151,14.8752968503946,14.9910490102915,15.1084886957716,15.2341777123302,15.3578756133843,15.5046675834946,15.6004783790818,15.6338269935073,15.6592071837724,15.6938937074491,15.7302642994411,15.7719901490137,15.8180520187389,15.862107531222,15.9059432133959,15.9433266078088,15.9681214702146,15.9660868784574,15.9676328898077,15.9750884147229,15.9900645566962,16.0120733281989,16.0802090483033,16.0718012505885,16.1059815365898,16.1246700403698,16.1363617609893,16.1453525070257,16.1448722193911,16.1485453438743,16.1553141088389,16.1643026222443,16.1714678206528,16.1787137650921,16.1915264712784,16.2272016245409,16.2608004802417,16.3079439349395,16.3406171033795,16.368787583327,16.4042328209588,16.4522108516556,16.5017254272307,16.5543164661368,16.6196957250588,16.7002749647851,16.8325592261457,16.916620717032,17.0138399590935,17.1057572463967,17.1837237453643,17.2628895811512,17.3520738470937,17.4287998253728,17.496611092168,17.5881850298308,17.6993568983467,17.7213916026159,17.731300270507,17.7738299963141
Population in urban agglomerations of more than 1 million (% of total population),EN.URB.MCTY.TL.ZS,Fragile and conflict affected situations,FCS,6.99833965456281,7.21802836072456,7.43831501438294,7.66446720344546,7.88554263785479,8.11214125938756,8.32396844069344,8.53368342106759,8.74875792272799,8.97085647360265,9.20102664871148,9.43650374749145,9.67773120784449,9.91773093876529,10.1486884289025,10.3881345138095,10.5938715006972,10.8043853818029,10.9950053618446,11.170423036048,11.3651875371978,11.5815686535142,11.7716986816725,11.955743586511,12.110629062105,12.2548803866357,12.4094026171573,12.5682557574525,12.7338715327909,12.8744954239287,13.0277814475668,13.1707200336312,13.2770047730693,13.3307806636457,13.3560447669868,13.4061908680328,13.4957406055006,13.598174448754,13.6862637456339,13.7643734002529,13.8684357757843,13.9793396028778,14.0840959647933,14.1688314726942,14.2174121775705,14.2653952848748,14.3172430204128,14.3085035674099,14.4235720379347,14.5285879502866,14.5363180807023,14.4565141108572,14.4268366571177,14.4374014872631,14.4823036610962,14.6398449841172,14.8258073862023,14.9478168758415,15.0750337901561,15.191604478109,15.3114324531506,15.4443914112849,15.6341243620981,15.8300017879188,15.981187164483
Population in urban agglomerations of more than 1 million (% of total population),EN.URB.MCTY.TL.ZS,Heavily indebted poor countries (HIPC),HPC,4.33752428183646,4.50418260817866,4.6716780299178,4.8374447388887,5.02053893858966,5.21674853174456,5.42362542837162,5.64253256686148,5.87222583974643,6.11297809182816,6.34639037743521,6.57006365505776,6.80109260363598,7.03033693971072,7.25889279822115,7.49580926926865,7.72825712090649,7.96124662048745,8.18015960755502,8.35722136812909,8.57001497701164,8.79831770824668,9.0005145267069,9.20156556014209,9.42374940799109,9.64543225138949,9.86959969618599,10.0903140464509,10.308175911825,10.5101035325932,10.7321385758776,10.9618594466439,11.0336045082799,11.0817475131536,11.1347631840661,11.2150751980846,11.4063811631445,11.5042717414939,11.5940574986022,11.6762955225513,11.8075753989754,11.9441856882308,12.0616181996217,12.1767775007774,12.3042702677807,12.3805825353669,12.4628262273341,12.4836612204137,12.6064765815646,12.7386717261912,12.7704215283416,12.8997098901554,13.025925569061,13.1532769595759,13.2756204051305,13.400932790095,13.5266404784149,13.6498066910158,13.7730942077914,13.8847641226667,14.0028437364351,14.1350291704461,14.2850760283727,14.4450967153374,14.6099001902076
Population in urban agglomerations of more than 1 million (% of total population),EN.URB.MCTY.TL.ZS,High income,HIC,..,..,..,..,..,..,..,..,..,..,..,..,..,..,..,..,..,..,..,..,..,..,..,..,..,..,..,..,..,..,..,..,..,..,..,..,..,..,..,..,..,..,..,..,..,..,..,..,..,..,..,..,..,..,..,..,..,..,..,..,..,..,..,..,..
Population in urban agglomerations of more than 1 million (% of total population),EN.URB.MCTY.TL.ZS,IBRD only,IBD,10.6806188755794,10.9452723541615,11.113660031627,11.2195914437251,11.3415651386096,11.4774710613047,11.5881204257974,11.6860897881907,11.7869710513802,11.8871621199486,11.9864585270804,12.0855062811569,12.2085005618766,12.339736072219,12.4791252857541,12.6317421802895,12.7857797095289,12.9535537473877,13.1314217321202,13.314439174078,13.4925305709935,13.6252232265474,13.7345183449562,13.866353207109,14.0095783246251,14.1595890051902,14.3140385901876,14.4662780604423,14.6291331653305,14.7990736863377,14.9815844061712,15.2071656513211,15.4382572892414,15.6870694962156,15.9613118305193,16.2580038717053,16.5748382313488,16.9115643606237,17.2733656634017,17.6681640665157,18.1012811210322,18.4051725908413,18.6483137780141,18.8997471261177,19.1523547907924,19.4166027522586,19.6951900664349,19.9909348501635,20.3049524198089,20.6236522542161,20.9519228495362,21.236110515096,21.4888641469757,21.7402527566796,22.0051111176977,22.2849730132091,22.5727562632271,22.8676072393441,23.1868870405961,23.4954686779376,23.830746081699,24.1956137815274,24.5742144472037,24.9374769311033,25.2708416480768
Population in urban agglomerations of more than 1 million (% of total population),EN.URB.MCTY.TL.ZS,IDA & IBRD total,IBT,9.83276293076311,10.0695087231905,10.2311484916546,10.3450068343503,10.4716163250984,10.6095253210604,10.7279657244238,10.8393240537509,10.9547635925832,11.0718202614871,11.1898407083766,11.3110199242537,11.4539517075756,11.6004388102088,11.7535987561833,11.8541425152379,12.0126734275262,12.1828426808029,12.360277238449,12.5370423189629,12.7144518912434,12.8541874139393,12.965882589246,13.0978096488788,13.2383551515156,13.3844424064053,13.5356228583839,13.685824852631,13.8457128567499,14.0109604340241,14.188650031666,14.3995487496249,14.5970452227088,14.8041381026139,15.0328063689421,15.280844440459,15.5536872025272,15.8344916876001,16.1339378128718,16.456596119615,16.8128451796946,17.065657839229,17.2683479467373,17.4774360524086,17.6887142291878,17.9038628725021,18.1284122609743,18.3552283075086,18.6076994071142,18.8663706028316,19.121260513536,19.3312294748072,19.5275782563088,19.7327371759333,19.9515019157202,20.1935645639227,20.4434113176278,20.6873341730588,20.9473144258065,21.1920988440349,21.4543149518566,21.7382173034529,22.0329373926287,22.3176350708881,22.5824167928933
Population in urban agglomerations of more than 1 million (% of total population),EN.URB.MCTY.TL.ZS,IDA blend,IDB,..,..,..,..,..,..,..,..,..,..,..,..,..,..,..,..,..,..,..,..,..,..,..,..,..,..,..,..,..,..,..,..,..,..,..,..,..,..,..,..,..,..,..,..,..,..,..,..,..,..,..,..,..,..,..,..,..,..,..,..,..,..,..,..,..
Population in urban agglomerations of more than 1 million (% of total population),EN.URB.MCTY.TL.ZS,IDA only,IDX,4.13958473555528,4.24525239167671,4.36637434060659,4.4928732587586,4.62883870405758,4.77084864276699,4.92074720090229,5.10366498582528,5.29878617574898,5.50787900799987,5.72489191278697,5.95487117635481,6.19680406595979,6.43530541423069,6.67833294400488,6.35293278502309,6.53397645624724,6.71980671659968,6.89940703306838,7.06433142399827,7.28251404050321,7.50378893525133,7.66196409159564,7.82006452666988,7.99657727645384,8.18045755763085,8.37672608321502,8.57679388642774,8.78434526726927,8.98804605216395,9.20831388174846,9.42493212098637,9.51552658902424,9.59717904409074,9.68787951386506,9.79090430877693,9.97034996768878,10.0864535917554,10.1998439179495,10.3082033007429,10.4538407091842,10.5969392165721,10.7239054720928,10.8545989885103,10.996640664855,11.1035999934377,11.2108990887909,11.2704921797834,11.4130340312621,11.5710346921427,11.6548464425083,11.6559419582075,11.7065945885026,11.801144244691,11.9180802373019,12.1197902295705,12.3373789805587,12.493081054627,12.6447376069548,12.7847351177235,12.9281935631987,13.086028709478,13.2546966147618,13.4279822471881,13.6077809547145
Population in urban agglomerations of more than 1 million (% of total population),EN.URB.MCTY.TL.ZS,IDA total,IDA,5.42011398884596,5.57307496447527,5.73377779583205,5.89731428560161,6.06017017008471,6.22400455633396,6.39522409224689,6.59059102552819,6.79621411538805,7.01314286869447,7.23708124318882,7.47476904402633,7.72844959339267,7.97099822109043,8.21477878245608,8.08644410967364,8.2924043764118,8.50114539246137,8.707312950589,8.88984895381206,9.09793348943035,9.3008008864222,9.45510213375187,9.62058172220011,9.78127040503811,9.94227805581158,10.1101567272529,10.2816747108896,10.4589955244823,10.6352105095121,10.8239918116032,11.0064584590423,11.1030603231739,11.183984384094,11.2733080950743,11.3723635548455,11.5207804949332,11.6332881950035,11.7440578990231,11.8464853573514,11.9707450038856,12.0940079820571,12.2137976921483,12.3368630187386,12.466882195484,12.5769430241013,12.6859340857539,12.7539473342839,12.8751728434419,13.0099873324943,13.100702426959,13.1458341036543,13.2319046518687,13.354806583916,13.4958998847072,13.6939556315584,13.9061816019758,14.0793555253212,14.2507332214713,14.402484487515,14.5571167137804,14.722703282597,14.8999429319661,15.0853403866419,15.2776644170231
Population in urban agglomerations of more than 1 million (% of total population),EN.URB.MCTY.TL.ZS,Late-demographic dividend,LTE,10.3733379500486,10.7002054779741,10.8620214105964,10.9143210538436,10.9903745752519,11.0788979122518,11.1215044020263,11.154561830348,11.1905671064802,11.2215602035945,11.2531028450663,11.2890661670357,11.3638731064719,11.4557533905865,11.5617332185639,11.6915647031012,11.8310202876592,11.996641691877,12.1790439669644,12.3714978913316,12.560838441934,12.7060291018691,12.8310589282664,12.9957904199865,13.1780065560311,13.3654471438151,13.5536395583095,13.74285602553,13.9431994045485,14.1519232722959,14.3864647185262,14.7188265785359,15.0710841549209,15.454074886362,15.8718752733209,16.3252878182784,16.8277859152147,17.3738442394186,17.9727613752938,18.6339966536025,19.3708793412199,19.8733206927248,20.2802934966793,20.701883606345,21.1430575863396,21.5987706000489,22.0700218300134,22.5558812029679,23.0598792870708,23.58936172285,24.1520087715314,24.6198750116313,25.0288072408362,25.4472389397128,25.8813175439174,26.3385010256694,26.8052483800156,27.2677430146757,27.7752369317682,28.2620472355068,28.7914842051435,29.3527823373153,29.9075106912787,30.451972086852,30.9741669257623
Population in urban agglomerations of more than 1 million (% of total population),EN.URB.MCTY.TL.ZS,Latin America & Caribbean,LCN,23.474508844985,23.8730034859555,24.2691360121734,24.6791340010655,25.1085858771701,25.5323964612251,25.9827077280161,26.4610960772827,26.9702797565593,27.5047845818685,28.0524714100353,28.4801307939627,28.8741718490591,29.2551848438944,29.6169988073562,29.9847773493042,30.3767397263648,30.782998658484,31.2071552509449,31.6542087460474,32.1241302612563,32.3288495608353,32.4754952397881,32.6049369945086,32.7466090815686,32.906674449504,33.0858284176506,33.283848924639,33.5011588985139,33.7346758601957,33.9605684146665,34.1250564899679,34.2478928319692,34.3680890772853,34.5046631299242,34.6602488532579,34.8303447874548,35.009814206565,35.2036469664682,35.4158240434194,35.6396998985022,35.7452498887066,35.8509620213675,35.955464405272,36.0757108072088,36.2096079807421,36.3536070244252,36.508384237363,36.6727593424398,36.8342252755588,36.9003807359678,37.0532479675158,37.2076309253076,37.3718863599524,37.5503601547646,37.7453101250032,37.9289542332092,38.1291792637478,38.3560890774085,38.5043133883982,38.6926133192077,38.927811543781,39.151487320285,39.3325312663021,39.5037323741272
Population in urban agglomerations of more than 1 million (% of total population),EN.URB.MCTY.TL.ZS,Latin America & Caribbean (excluding high income),LAC,22.8599107368396,23.2675395779789,23.6884282730468,24.1229510578023,24.5758434667909,25.0185430620769,25.4867489838997,25.9821059915791,26.5078740187688,27.0595046726487,27.6241049304851,28.053679481027,28.4621739125313,28.864735677581,29.245103206767,29.6301217457301,30.0397279932682,30.4638006919641,30.9057666635294,31.3713896927846,31.8572944747153,32.0348645216418,32.1613781057082,32.2872869803194,32.4251431463664,32.5825414206524,32.7601641612314,32.957554228983,33.1743010938143,33.4068886568906,33.6364458806098,33.8303823943539,33.9798364055446,34.1229491464217,34.2822356227429,34.4607094662853,34.6540704974716,34.8568698689119,35.0725970868703,35.306216385374,35.5509944713503,35.6717235595644,35.7982977400322,35.9369078154618,36.0908227133062,36.2567138743626,36.4316621156719,36.6165670938208,36.8104605225286,36.9994936271474,37.0807360262944,37.2567437924554,37.4327480355824,37.6185947438224,37.8180713957041,38.0342318626607,38.2304424357773,38.4214602364693,38.6030113310956,38.7009134449416,38.856785837742,39.0771950486029,39.2954590362199,39.4762989290572,39.6480643504688
Population in urban agglomerations of more than 1 million (% of total population),EN.URB.MCTY.TL.ZS,Latin America & the Caribbean (IDA & IBRD countries),TLA,23.5824626459468,23.9905011253659,24.396818717726,24.8180012513755,25.2586129939422,25.6916546433141,26.1504582327652,26.6364414565558,27.153188044839,27.6964026186339,28.2550070956051,28.6995009772219,29.110053151035,29.5056701830659,29.879269296954,30.2566319017458,30.6567913707719,31.0694699881479,31.4985313356207,31.9496168186721,32.4201151431795,32.6061620547733,32.7315437702173,32.8393084997701,32.9592713321215,33.0977513950678,33.2553744819088,33.4319302663661,33.627871521862,33.8398458935154,34.0501816314674,34.2197574106382,34.3462726862898,34.4695276704688,34.6090764091124,34.7677378959533,34.941653698324,35.1246049703208,35.3213633355686,35.5368175494073,35.7647519717138,35.8738707572567,35.9827661234452,36.0924349643681,36.2184463368787,36.3575664147338,36.5057255112561,36.6639691862735,36.8317118578658,36.9963996168649,37.0634719144479,37.2186292303059,37.3750172452301,37.5412380847179,37.7194807646282,37.9135352670227,38.0957935562955,38.2936110563012,38.5154623392689,38.6652365281946,38.8539396974896,39.0891327460215,39.3104054220263,39.4908561994345,39.6621174894125
Population in urban agglomerations of more than 1 million (% of total population),EN.URB.MCTY.TL.ZS,Least developed countries: UN classification,LDC,3.47784126684966,3.57408780184113,3.68627325642616,3.80405549850886,3.93154457283622,4.06569382475184,4.20811729504032,4.38536239306623,4.57562131928676,4.78066660799422,4.99515298338811,5.22521580579111,5.46911774060174,5.71099007744009,5.9575520163121,5.60631173822688,5.78658435504777,5.97164528280247,6.15092342361882,6.31551572489349,6.53344192907194,6.75337267913666,6.91747119367609,7.08511786670872,7.27437830943965,7.46755606292257,7.67362462358766,7.88423086433108,8.1035094578629,8.32114926071363,8.55602283332321,8.7871828679782,8.88741285570343,8.97983872258609,9.07791263745477,9.18883067176812,9.38344685965906,9.5110604770421,9.63565800686541,9.75489052194853,9.91386467745719,10.0728707795431,10.2150137482302,10.3606951585135,10.5177985399701,10.6384315472746,10.763003548352,10.8433012164133,11.0028940209563,11.1727050394744,11.2684617186361,11.4372599626732,11.6035769251837,11.7714680372632,11.9365962852277,12.0865198966135,12.2366882612608,12.3859529672603,12.5344664962587,12.6806508874528,12.8293969926311,12.9906786295056,13.1644632556281,13.3444605967939,13.5281075501259
Population in urban agglomerations of more than 1 million (% of total population),EN.URB.MCTY.TL.ZS,Low & middle income,LMY,9.52575948542922,9.7705430200174,9.93659612008449,10.0515883809651,10.1801597232644,10.320172746179,10.4353955199282,10.5429652817044,10.654582814049,10.7678112024914,10.8830251526827,11.0020984692207,11.1461863624945,11.2951281610811,11.4513741690308,11.5505403360088,11.7129090768888,11.8875970788553,12.0701965787075,12.2548122713101,12.4425335057,12.5902467281129,12.7109274610993,12.85330065918,13.0051149491381,13.1632611055152,13.3267671261344,13.4898664437683,13.6625876040417,13.8428206730192,14.0364822655263,14.2671630536487,14.4838181803921,14.7106272050848,14.9582404559687,15.2246681342104,15.5155047876423,15.8132304509421,16.1307301879734,16.472213843414,16.8468985472465,17.1119383944897,17.3233850824655,17.5427371971059,17.7642138170539,17.9897743707892,18.2256007361851,18.4639114964751,18.7287710920625,19.0012650956939,19.2694926860586,19.4900018901424,19.6960958182153,19.9110972667095,20.1407289491821,20.3949512118661,20.6570263708175,20.911552810287,21.1806451199068,21.4360585944476,21.7088175351251,22.0042995588464,22.313786347093,22.6141957156089,22.8943048951271
Population in urban agglomerations of more than 1 million (% of total population),EN.URB.MCTY.TL.ZS,Low income,LIC,4.63610800621825,4.79216919596659,4.95824669413183,5.12057167177814,5.29433305570217,5.47497663122343,5.66238131335582,5.8582892885209,6.05752159638799,6.27182769520684,6.48200365829672,6.67816060133455,6.88692049040098,7.10676350531978,7.33564973765405,7.5724034076711,7.81328591117812,8.05645362634166,8.27382661157148,8.47442327130479,8.71406015109319,8.98920727979416,9.22752266329904,9.43372550042062,9.66026208943295,9.89340293388666,10.1377563927485,10.3849120042604,10.6313724332777,10.8779191154249,11.1566424437292,11.4642116733936,11.5274184701664,11.5567655772681,11.5912452017256,11.6500543208526,11.8622290268428,11.940404369465,12.0142490563543,12.0820726047016,12.2173036794869,12.3577362578309,12.4767376341575,12.5887978653635,12.7167292893738,12.7595603209568,12.7891866082205,12.7096375305686,12.7838627278104,12.8835648150406,12.9853284357499,12.7729814233297,12.6671797657147,12.6522366843326,12.6802060858779,12.8821522782226,13.1128332303539,13.2055813433909,13.2802265353425,13.3545758401551,13.4411991299211,13.552416734943,13.6857356141986,13.8318508393449,13.9910340454929
Population in urban agglomerations of more than 1 million (% of total population),EN.URB.MCTY.TL.ZS,Lower middle income,LMC,7.85424007861572,7.97163215738987,8.09825596243802,8.22862226820625,8.36013490062012,8.49649703465854,8.64227549208102,8.7885958500299,8.94218431074235,9.10386055440222,9.26945370587525,9.45890076896097,9.6590729211706,9.85179943763114,10.0459940435153,10.0626636847753,10.2139238739481,10.3637614049958,10.5198448673359,10.6687093946748,10.8110375707766,10.934348264185,11.0284742673974,11.1239580713462,11.2168331352297,11.3140754119931,11.4192326672975,11.5353259096609,11.6609982843747,11.7869951688067,11.9234923825196,12.0561405867,12.1781210441596,12.2979992378135,12.4271958006547,12.557695997919,12.6855361387129,12.8107307488591,12.9380855347441,13.0680329564197,13.2071731449523,13.3353311971008,13.4422322455013,13.5547126465963,13.6732732480982,13.8031403963263,13.9404813351884,14.0773701220864,14.2287866410852,14.3874984087135,14.5244861728396,14.6894121369702,14.8653920248289,15.0491988142384,15.2428892757907,15.4467203116871,15.6621261643544,15.8879161084671,16.1272556931143,16.3450999667397,16.5699959527658,16.811151509001,17.058577129745,17.2988070353054,17.5394504259741
Population in urban agglomerations of more than 1 million (% of total population),EN.URB.MCTY.TL.ZS,"Middle East, North Africa, Afghanistan & Pakistan",MEA,14.2818621571687,14.6228264406305,14.9480349514566,15.2920048666704,15.6594841492068,16.040737008925,16.390849380972,16.6562909653319,16.9317535854152,17.2139341416725,17.5039082232185,17.8133612920253,18.1403239648031,18.4551210773272,18.7615183349077,19.0406006834812,19.257927882589,19.4492922907466,19.6073776614168,19.761207233725,19.9000424485973,20.0112496011018,20.0822794778767,20.1246829353442,20.1664212321818,20.2212034053552,20.2929303031731,20.325239293414,20.3725966973892,20.4106723648143,20.5011312000916,20.5821621179471,20.6474256075514,20.7007654836212,20.7698759102468,20.8359046627734,20.9112986541687,20.9654045057574,21.0115932994702,21.0457376917045,21.093316829258,21.1449404382705,21.219012357433,21.2681895126277,21.2445339715119,21.2390357287867,21.2437334083998,21.2615242410709,21.3306805135729,21.4034572082105,21.5237840806606,21.3875795590401,21.3273264942111,21.3238600590439,21.39509731152,21.5899082984435,21.8512813464019,22.060580399918,22.2906504601878,22.3967223693704,22.4686511662441,22.6079730364036,22.6562776071085,22.6869145767077,22.7331689801117
Population in urban agglomerations of more than 1 million (% of total population),EN.URB.MCTY.TL.ZS,"Middle East, North Africa, Afghanistan & Pakistan (excluding high income)",MNA,13.6229767711725,13.9582448055996,14.2911475721213,14.6264279629884,14.9699260619983,15.3231973064572,15.6354612659414,15.8600325325104,16.0851886846087,16.3131173034478,16.5491562003715,16.816968085905,17.0966932494669,17.3636569697466,17.6137876112687,17.8535619896064,18.0354321600648,18.1932977939717,18.313974052109,18.429155877267,18.5255105278001,18.597659017394,18.6306149201642,18.6315053576556,18.6277647857663,18.636358649302,18.6607309915287,18.6403975023946,18.6293823575238,18.6032938165008,18.595195453248,18.6096609966209,18.63682057277,18.6702667306032,18.7324967254126,18.7841546676449,18.8391641641431,18.8866490429249,18.9229601608676,18.9449267895605,18.9846222532974,19.0320245368154,19.0991549017778,19.1403569942851,19.104652302987,19.0677181955838,19.0346307331836,19.0200538323289,19.0772751770046,19.1274375984303,19.16991647962,18.9998459255016,18.9064863828296,18.870933946256,18.878127765699,19.0434591338439,19.2618095077005,19.3866428057276,19.4982798470388,19.5675949356793,19.6451254943083,19.7344556577663,19.8275751641584,19.9141545888441,20.0085566883432
Population in urban agglomerations of more than 1 million (% of total population),EN.URB.MCTY.TL.ZS,"Middle East, North Africa, Afghanistan & Pakistan (IDA & IBRD)",TMN,13.6229767711725,13.9582448055996,14.2911475721213,14.6264279629884,14.9699260619983,15.3231973064572,15.6354612659414,15.8600325325104,16.0851886846087,16.3131173034478,16.5491562003715,16.816968085905,17.0966932494669,17.3636569697466,17.6137876112687,17.8535619896064,18.0354321600648,18.1932977939717,18.313974052109,18.429155877267,18.5255105278001,18.597659017394,18.6306149201642,18.6315053576556,18.6277647857663,18.636358649302,18.6607309915287,18.6403975023946,18.6293823575238,18.6032938165008,18.595195453248,18.6096609966209,18.63682057277,18.6702667306032,18.7324967254126,18.7841546676449,18.8391641641431,18.8866490429249,18.9229601608676,18.9449267895605,18.9846222532974,19.0320245368154,19.0991549017778,19.1403569942851,19.104652302987,19.0677181955838,19.0346307331836,19.0200538323289,19.0772751770046,19.1274375984303,19.16991647962,18.9998459255016,18.9064863828296,18.870933946256,18.878127765699,19.0434591338439,19.2618095077005,19.3866428057276,19.4982798470388,19.5675949356793,19.6451254943083,19.7344556577663,19.8275751641584,19.9141545888441,20.0085566883432
Population in urban agglomerations of more than 1 million (% of total population),EN.URB.MCTY.TL.ZS,Middle income,MIC,9.79298147307053,10.0454552764984,10.212685734393,10.3248465501866,10.4509599182702,10.5889821859545,10.70035830808,10.8035237983951,10.9108323734884,11.0188869964285,11.1292295532728,11.2444268354304,11.3855064456497,11.5312715026497,11.6843401204496,11.7767221333964,11.9357426202181,12.107761715403,12.2902685597266,12.4761428873545,12.6617311329779,12.801266926713,12.914968867158,13.054762674081,13.2035083579656,13.3584054304103,13.518052998787,13.6769857286064,13.8461261539214,14.0234081713505,14.2126988207698,14.4393933166962,14.667265936827,14.9093260310019,15.1728837521257,15.4548395655305,15.7538110782107,16.068986725679,16.4059324698416,16.769475551879,17.1638909681523,17.4412412405571,17.6641675193263,17.8965667099423,18.129892863036,18.3744018897444,18.6320936401133,18.9012884922469,19.1875848247034,19.4807244979104,19.7694985157249,20.0323700536109,20.2714393165362,20.5123411414751,20.7664237183557,21.0339635793595,21.3091854336087,21.5897255060603,21.8887526141401,22.1740884865961,22.4784367332284,22.806346312282,23.1486545765726,23.4807991355238,23.7897927912719
Population in urban agglomerations of more than 1 million (% of total population),EN.URB.MCTY.TL.ZS,North America,NAC,37.9539091973428,38.1166268902071,38.3142489471221,38.5528678328194,38.8165443578551,39.137474822531,39.4995771162653,39.8890696591884,40.3291018288553,40.7947743680293,41.0822905254974,40.9179045244904,40.8364182804068,40.8021190134536,40.7843403855057,40.7452792579677,40.7338402836505,40.7176537317715,40.6977210862089,40.6705634978234,40.7023538235084,40.7603802986886,40.8485564321982,40.964637498933,41.1068806471102,41.247314723321,41.3782881792861,41.5293428130499,41.6828573220745,41.8067080718765,41.9098621650512,42.0407107121305,42.1281477725011,42.2478807310358,42.40886426721,42.591317592869,42.7906261175219,42.9817017779718,43.2014441606298,43.4349267796153,43.6202438549891,43.6561273922093,43.7246838710529,43.8326474900913,43.9183735144322,44.0081899605781,44.0837195573044,44.1721093978027,44.263161058174,44.3826747252814,44.5216738598888,44.6914408784998,44.8473781711469,45.0256452059601,45.1966596471043,45.3836050882567,45.565423132808,45.7884596318731,46.0508578398942,46.1603554012663,46.3357037272611,46.6475674771436,46.7320195395533,46.661347073374,46.5311536900012
Population in urban agglomerations of more than 1 million (% of total population),EN.URB.MCTY.TL.ZS,Not classified,INX,..,..,..,..,..,..,..,..,..,..,..,..,..,..,..,..,..,..,..,..,..,..,..,..,..,..,..,..,..,..,..,..,..,..,..,..,..,..,..,..,..,..,..,..,..,..,..,..,..,..,..,..,..,..,..,..,..,..,..,..,..,..,..,..,..
Population in urban agglomerations of more than 1 million (% of total population),EN.URB.MCTY.TL.ZS,OECD members,OED,26.114536681325,26.4648834925436,26.8032969335214,27.1544448266233,27.5258711097041,27.919350588706,28.2625820903911,28.6216517559364,29.0094526475705,29.4106158887341,29.8017273186712,29.9787390256939,30.1246133632108,30.289375350941,30.4660862868003,30.6601529618496,30.8123083068509,30.9492984320119,31.0961847640316,31.2492009646271,31.4148476821515,31.5532854409374,31.7053295684328,31.8641317889738,32.0437257226197,32.2334222296625,32.4378760626026,32.6737238368191,32.8875750559013,33.1108008553075,33.3212795179247,33.4435513850537,33.5382957194116,33.6567983819379,33.798343249978,33.9552881298317,34.096264810915,34.2196985071707,34.3569221332027,34.5041320251951,34.6438272654912,34.7350576125333,34.8580553834183,34.9870436469746,35.1235888843885,35.2716235453745,35.402340827048,35.5497430217358,35.6754104357952,35.8262358710975,35.9978543722963,36.2104063658065,36.3741537356801,36.5392952989006,36.7018896285884,36.862601707236,37.0069375345034,37.1698491396649,37.3287436811271,37.4079458755313,37.5575376382861,37.779832300902,37.8679968228778,37.8960355398045,37.9445422460441
Population in urban agglomerations of more than 1 million (% of total population),EN.URB.MCTY.TL.ZS,Other small states,OSS,..,..,..,..,..,..,..,..,..,..,..,..,..,..,..,..,..,..,..,..,..,..,..,..,..,..,..,..,..,..,..,..,..,..,..,..,..,..,..,..,..,..,..,..,..,..,..,..,..,..,..,..,..,..,..,..,..,..,..,..,..,..,..,..,..
Population in urban agglomerations of more than 1 million (% of total population),EN.URB.MCTY.TL.ZS,Pacific island small states,PSS,..,..,..,..,..,..,..,..,..,..,..,..,..,..,..,..,..,..,..,..,..,..,..,..,..,..,..,..,..,..,..,..,..,..,..,..,..,..,..,..,..,..,..,..,..,..,..,..,..,..,..,..,..,..,..,..,..,..,..,..,..,..,..,..,..
Population in urban agglomerations of more than 1 million (% of total population),EN.URB.MCTY.TL.ZS,Post-demographic dividend,PST,26.4649962120528,26.8088843363466,27.1391747635519,27.4825212531082,27.8466597252312,28.2350088726373,28.5713993468065,28.9277812543629,29.3098049386922,29.702014022108,30.0783769133551,30.225642505447,30.3422490355378,30.4786017225227,30.6370228213385,30.8199163783948,30.9602271947403,31.0845109701792,31.2158747823345,31.3406628812519,31.4776830619494,31.6055092060245,31.7480108265824,31.9050675258892,32.0794516347018,32.2621565446511,32.4645007262819,32.704321045889,32.9057760854723,33.1073627798516,33.2982274619321,33.417789010221,33.4927084930806,33.5870523467446,33.7126515118605,33.8563721066567,33.9752153912906,34.0851242189018,34.2077920834237,34.3414106408496,34.4571348776376,34.5405083927347,34.6575202623489,34.780722979378,34.901769242344,35.0360274563693,35.1462763184279,35.2498834380048,35.351788104141,35.4868492618581,35.6387799025283,35.8342658383228,35.9744188899974,36.1347036268235,36.2878070128057,36.4364332194682,36.5828017528287,36.7623333000537,36.9469428089283,37.0512390464753,37.2007944397416,37.4311909279778,37.602120433371,37.6826979808071,37.6731914807569
Population in urban agglomerations of more than 1 million (% of total population),EN.URB.MCTY.TL.ZS,Pre-demographic dividend,PRE,4.83771211326553,5.08724889747938,5.34518419364215,5.60425482365934,5.8620403470567,6.12378675121573,6.36433000126175,6.60433175191759,6.85027285240483,7.10651943741693,7.35681176275644,7.6024775985272,7.87116288479639,8.13813749745643,8.4045985679121,8.67813779886672,8.95010998085229,9.21627950735227,9.4511388340241,9.6434588407703,9.86235307558355,10.1222481077369,10.3780900527454,10.6279452812681,10.8517219226682,11.0740010216537,11.3061595110468,11.543946999438,11.7914053945206,12.0273689086314,12.2916381493896,12.5661787995899,12.6698776105378,12.7246089548602,12.741448381783,12.8033250147061,13.0276188651575,13.1771026327776,13.295316051295,13.3973785058473,13.5312284484835,13.6712616651696,13.800627636819,13.9370333159105,14.0367296912847,14.094987157584,14.1696932858023,14.1916812769255,14.3304239721393,14.4653300780143,14.5934308496191,14.7236263332459,14.8473755949146,14.9724662536993,15.1015336325753,15.2225735007377,15.3489501678121,15.4754871237267,15.607783378274,15.7448143093487,15.8944655462919,16.0624971725051,16.2512358132005,16.4538761230548,16.6656353802216
Population in urban agglomerations of more than 1 million (% of total population),EN.URB.MCTY.TL.ZS,Small states,SST,..,..,..,..,..,..,..,..,..,..,..,..,..,..,..,..,..,..,..,..,..,..,..,..,..,..,..,..,..,..,..,..,..,..,..,..,..,..,..,..,..,..,..,..,..,..,..,..,..,..,..,..,..,..,..,..,..,..,..,..,..,..,..,..,..
Population in urban agglomerations of more than 1 million (% of total population),EN.URB.MCTY.TL.ZS,South Asia,SAS,7.03109717115699,7.09758119543799,7.17739053839029,7.26117415062153,7.34813318637143,7.44286947332564,7.54835756390211,7.6563557609318,7.7680190723209,7.88577802142735,8.00261362805029,8.13197561753006,8.26912316591116,8.39765669381752,8.52458291398571,8.64609787950104,8.77340364360156,8.90367999951902,9.04333495998984,9.18594247812587,9.32898987272806,9.46010702282906,9.5618462835032,9.66690161963201,9.7766423232974,9.89189618523368,10.0143831771159,10.1446357691101,10.2835671148034,10.4280161351643,10.579850916744,10.7221023207844,10.831427646608,10.9459366919923,11.069792670157,11.2000428417272,11.3364413191338,11.4784217710602,11.6274631098665,11.783922156222,11.9485900940005,12.0868869483782,12.1753935004573,12.2761241768324,12.3850010386723,12.5055292421673,12.6388167032142,12.7835401058988,12.9413255397114,13.1025091160621,13.2682361909922,13.4426425909361,13.6264196922796,13.8204092192071,14.028395973391,14.250054176217,14.478038658399,14.7173261175262,14.9720349826358,15.2148764421608,15.4666828140388,15.7404803199051,16.017462584699,16.2786859474124,16.5365207994365
Population in urban agglomerations of more than 1 million (% of total population),EN.URB.MCTY.TL.ZS,South Asia (IDA & IBRD),TSA,7.03109717115699,7.09758119543799,7.17739053839029,7.26117415062153,7.34813318637143,7.44286947332564,7.54835756390211,7.6563557609318,7.7680190723209,7.88577802142735,8.00261362805029,8.13197561753006,8.26912316591116,8.39765669381752,8.52458291398571,8.64609787950104,8.77340364360156,8.90367999951902,9.04333495998984,9.18594247812587,9.32898987272806,9.46010702282906,9.5618462835032,9.66690161963201,9.7766423232974,9.89189618523368,10.0143831771159,10.1446357691101,10.2835671148034,10.4280161351643,10.579850916744,10.7221023207844,10.831427646608,10.9459366919923,11.069792670157,11.2000428417272,11.3364413191338,11.4784217710602,11.6274631098665,11.783922156222,11.9485900940005,12.0868869483782,12.1753935004573,12.2761241768324,12.3850010386723,12.5055292421673,12.6388167032142,12.7835401058988,12.9413255397114,13.1025091160621,13.2682361909922,13.4426425909361,13.6264196922796,13.8204092192071,14.028395973391,14.250054176217,14.478038658399,14.7173261175262,14.9720349826358,15.2148764421608,15.4666828140388,15.7404803199051,16.017462584699,16.2786859474124,16.5365207994365
Population in urban agglomerations of more than 1 million (% of total population),EN.URB.MCTY.TL.ZS,Sub-Saharan Africa,SSF,5.78268173036802,5.96013584183706,6.1424785764729,6.32310273262806,6.49917437466706,6.6746597308408,6.85881513540736,7.05343218473161,7.25706348530802,7.4694850315778,7.6749764021671,7.86317748980373,8.06846830854024,8.26779216545348,8.46241200414554,8.66368032625048,8.86255459563107,9.06222846466074,9.25146086252984,9.40518257718293,9.57375493058928,9.7340517606113,9.88921490793938,10.0772324153417,10.2587305254794,10.4387146286762,10.6259477910529,10.8152191597473,11.0098215183201,11.2031728290497,11.4120875177062,11.6324332583269,11.762599614979,11.8758558115744,11.9898442128388,12.1175683995627,12.3246703626958,12.4619655134309,12.5903446134856,12.715525538619,12.8602611791736,13.0063839958868,13.1453217898383,13.2794206185135,13.4169550630746,13.5226932432396,13.630857535157,13.6751248009313,13.7941687153742,13.9259723777035,14.0601826666021,14.2014264568357,14.3444954465875,14.4881262411997,14.6312221818511,14.7581826176049,14.8942904274247,15.0341348924455,15.1724883595056,15.3022641390442,15.4422151248963,15.5933945397372,15.7576514665208,15.9366484017203,16.1258810166271
Population in urban agglomerations of more than 1 million (% of total population),EN.URB.MCTY.TL.ZS,Sub-Saharan Africa (excluding high income),SSA,6.15944512899458,6.35587568388039,6.5580993100617,6.75867080044758,6.95446209223028,7.14984829938895,7.35413069564499,7.57020406125651,7.79159892519288,8.02248797132895,8.24544921729284,8.44881598636494,8.67038308750105,8.88457291676421,9.09236815999605,9.30588778865757,9.51725710832262,9.72317206330743,9.9135867148396,10.0611009208684,10.2154020109476,10.3807039970478,10.5542117595784,10.7529521932087,10.9433345190654,11.1370925582949,11.340474589194,11.5514231708977,11.774799237918,11.9969917801661,12.2356409556563,12.49663472176,12.6569393672389,12.7885678549672,12.922075009924,13.0762143168367,13.3187336925052,13.4827757889336,13.6357893347674,13.7851964781672,13.9559636180637,14.1277652478933,14.2916929727358,14.449926659067,14.6114681103741,14.7367956729591,14.8643271917799,14.9192734132294,15.0491914208002,15.1923859869425,15.3381995392855,15.4922528940733,15.6474953064271,15.8013969670063,15.9535944523668,16.0874200876745,16.2323162856779,16.381666322316,16.5292098691682,16.668235219147,16.8192968874344,16.9824050226867,17.1595467675968,17.3534483687932,17.5587922151537
Population in urban agglomerations of more than 1 million (% of total population),EN.URB.MCTY.TL.ZS,Sub-Saharan Africa (IDA & IBRD countries),TSS,5.78268173036802,5.96013584183706,6.1424785764729,6.32310273262806,6.49917437466706,6.6746597308408,6.85881513540736,7.05343218473161,7.25706348530802,7.4694850315778,7.6749764021671,7.86317748980373,8.06846830854024,8.26779216545348,8.46241200414554,8.66368032625048,8.86255459563107,9.06222846466074,9.25146086252984,9.40518257718293,9.57375493058928,9.7340517606113,9.88921490793938,10.0772324153417,10.2587305254794,10.4387146286762,10.6259477910529,10.8152191597473,11.0098215183201,11.2031728290497,11.4120875177062,11.6324332583269,11.762599614979,11.8758558115744,11.9898442128388,12.1175683995627,12.3246703626958,12.4619655134309,12.5903446134856,12.715525538619,12.8602611791736,13.0063839958868,13.1453217898383,13.2794206185135,13.4169550630746,13.5226932432396,13.630857535157,13.6751248009313,13.7941687153742,13.9259723777035,14.0601826666021,14.2014264568357,14.3444954465875,14.4881262411997,14.6312221818511,14.7581826176049,14.8942904274247,15.0341348924455,15.1724883595056,15.3022641390442,15.4422151248963,15.5933945397372,15.7576514665208,15.9366484017203,16.1258810166271
Population in urban agglomerations of more than 1 million (% of total population),EN.URB.MCTY.TL.ZS,Upper middle income,UMC,11.1546617113128,11.5313148902092,11.7413826923508,11.8397096386994,11.9624470829649,12.1016152335776,12.1839964543603,12.2537176102592,12.3252022574447,12.3910221733675,12.4587130431004,12.5171952887869,12.6148755671139,12.7285741577736,12.8556224621327,13.0079968402969,13.1799413751017,13.3771524089266,13.5882882286037,13.8116500205744,14.0419646558159,14.2061424672079,14.345418347909,14.530387719113,14.7347350097948,14.9471724832767,15.16148143827,15.3653110836754,15.5802057993565,15.8105714543116,16.0564022237065,16.374986347866,16.7063661921928,17.0684125598303,17.4646149043822,17.89629942497,18.3643025787066,18.8676388218054,19.4137133480314,20.0118276972315,20.6652045864255,21.1124877626507,21.4780573643985,21.8582811278613,22.2365743438385,22.6263469507511,23.0377617284349,23.4781473013753,23.9367718283338,24.4030351045909,24.8853263271659,25.2891431526132,25.629789615089,25.9658236589021,26.3198118427245,26.6899307976787,27.0647182793681,27.4386716750857,27.837737448234,28.2348549415783,28.6712404570097,29.143855185191,29.6489526921943,30.1486420813986,30.5951788303672
Population in urban agglomerations of more than 1 million (% of total population),EN.URB.MCTY.TL.ZS,World,WLD,14.1816687081576,14.4426183779013,14.6244440756688,14.7561647603429,14.9030796240378,15.0629672511109,15.1904949321287,15.3174433747476,15.4511469665936,15.5861865919392,15.716888926984,15.8058726211336,15.9029217844662,16.0063394827441,16.1218522259294,16.2020035665783,16.3178167075039,16.4413868634096,16.573258367663,16.7052482599534,16.8420752100373,16.9454535846127,17.0242774137046,17.122163299557,17.2314261270055,17.3473030881389,17.4724033717545,17.6047238293524,17.7391069421351,17.8819564090722,18.0384838536963,18.2083133925151,18.3581548394366,18.5170633138473,18.6966516432138,18.895533173225,19.1122188135709,19.3334927366335,19.5733059865462,19.8363681591357,20.126734162897,20.3255957098673,20.4895326333312,20.6611842488647,20.8354490469786,21.0168920658553,21.2047568828995,21.3955566726845,21.6068037393767,21.8283245473581,22.054232121669,22.2403298628903,22.4092556147678,22.5881147663603,22.7824052778327,22.9947503055869,23.2161392313895,23.4397338987546,23.6827350228969,23.8929625962691,24.1199969606461,24.381237753615,24.6294099135886,24.8575643054906,25.0717292001495
GDP per capita (constant 2015 US$),NY.GDP.PCAP.KD,Afghanistan,AFG,..,..,..,..,..,..,..,..,..,..,..,..,..,..,..,..,..,..,..,..,..,..,..,..,..,..,..,..,..,..,..,..,..,..,..,..,..,..,..,..,308.318269746638,277.118051443941,338.139973643387,346.071627096223,338.637273888197,363.640141436773,367.75831169358,410.757728879097,417.647282647498,488.830652491949,542.871030476037,525.42698276582,568.929021458341,580.603833333096,575.146245808546,565.569730408751,563.872336723147,562.769574140988,553.125151688293,557.861533207459,527.834554499306,408.625855217403,377.665627080705,378.06630312259,..
GDP per capita (constant 2015 US$),NY.GDP.PCAP.KD,Albania,ALB,..,..,..,..,..,..,..,..,..,..,..,..,..,..,..,..,..,..,..,..,1823.48926046182,1890.02197487257,1905.06352710108,1885.6927997741,1823.32356317723,1818.02506971777,1883.74041369284,1831.94703921937,1772.17935790921,1894.87827425617,1682.8810874018,1218.96427317362,1138.23773998809,1254.67888414888,1367.22058963712,1558.96638565461,1683.76965547424,1495.90035328523,1630.43874131845,1841.80762760566,1991.91435867116,2188.91854451375,2297.10853513924,2428.68934653563,2567.29763687121,2712.86983830331,2894.36032580174,3105.8796756386,3345.98161761476,3459.24695646692,3579.82413181046,3677.89457937717,3720.22876474985,3790.68016321899,3883.63262828191,3981.72662261867,4143.98988316994,4283.98262744437,4452.23714652476,4563.4673625169,4437.65346927974,4880.72346162808,5178.88431481499,5444.93000074979,5726.02570530968
GDP per capita (constant 2015 US$),NY.GDP.PCAP.KD,Algeria,DZA,2388.42007866513,2027.2735152594,1604.48773834557,2122.43109189689,2209.90697857327,2311.73974611394,2161.49133930108,2313.2585876383,2505.31409679333,2655.44328833884,2826.24146248781,2449.95226859772,3050.82216641747,3093.38055507312,3245.60799488701,3290.82760114691,3408.01820820021,3459.30399620709,3672.11777956222,3830.80959219257,3742.71024718729,3731.93905389477,3840.57538596882,3912.93659124038,3993.39540513038,4002.55619415318,3888.36475872916,3746.16566713693,3606.26838801656,3666.85307879595,3605.68701212608,3478.50976269176,3455.92936294162,3302.91950568634,3201.56914402566,3255.18726869561,3322.95538141474,3297.46603361265,3410.88254401644,3471.49196276497,3553.32420521991,3610.00605631983,3754.66081538446,3945.89816094007,4066.28204806495,4223.60252133943,4279.61547120827,4339.25055772831,4367.56538017541,4336.10054052949,4456.6102741643,4501.3543013352,4518.43978956464,4543.23444006767,4634.10149179952,4685.05902729002,4768.73140081027,4742.90075532529,4717.0035885361,4672.66408678635,4363.68533767783,4456.74687637774,4544.46688060372,4660.40545687895,4747.34624759338
GDP per capita (constant 2015 US$),NY.GDP.PCAP.KD,American Samoa,ASM,..,..,..,..,..,..,..,..,..,..,..,..,..,..,..,..,..,..,..,..,..,..,..,..,..,..,..,..,..,..,..,..,..,..,..,..,..,..,..,..,..,..,13054.6364326897,13201.7347516166,13291.5356626851,13284.2791128875,12794.7565021718,13092.3111393408,12809.4633079683,12342.0575384016,12446.3086265015,12521.8095058644,12068.2667374983,11871.7937192729,12203.0894714284,12727.4102651386,12665.2829921268,11930.7771236826,12412.6024074562,12524.0160252283,13194.274740128,13233.5784817341,13709.0974895473,..,..
GDP per capita (constant 2015 US$),NY.GDP.PCAP.KD,Andorra,AND,..,..,..,..,..,..,..,..,..,..,43005.5424060499,41930.1505181051,42354.7451311239,42738.1683147449,42363.4459763575,40073.4103672052,39058.5886579157,38021.8198324994,36647.7020446754,34983.9990925236,34281.7439457496,32958.7650422337,31996.5442021338,31117.1962253069,30392.8420658326,29997.086266705,29680.1329441921,30064.9979674317,30469.3442408022,31180.4123329842,31143.1468745802,29642.305980666,28161.9424927346,26518.2336327363,26587.1383037195,27619.5060608184,28871.2160741757,31140.6896808445,31800.3640667052,32938.6437399807,34113.8173771495,36790.1037072591,38084.4843094685,39620.3201590697,40054.3211516798,40528.1748609004,41322.0529198761,40789.1589682857,37775.1261390552,35604.3840085198,36277.2644412087,37637.4868329126,36206.9784343227,35684.169433471,37300.6244183478,38654.9347203095,40085.0205971586,39361.0622634329,39242.1448960772,39346.2750344286,34536.6499209948,36929.0191515162,39780.3966116268,40227.2335282714,41034.5073956102
GDP per capita (constant 2015 US$),NY.GDP.PCAP.KD,Angola,AGO,..,..,..,..,..,..,..,..,..,..,..,..,..,..,..,..,..,..,..,..,2835.45918525994,2613.73938612911,2519.35158518789,2529.40192266936,2583.61982616848,2577.46509177461,2557.95883799319,2571.49691872454,2637.78185527742,2550.29431304775,2380.17624300565,2324.36937619854,2118.16654532324,1559.517151584,1529.994431256,1701.69727652709,1867.93503101029,1936.91619338589,1961.03722525713,1938.86184025918,1932.98847886814,1947.85672988915,2139.87259662901,2128.19579323903,2277.86696532928,2526.41057941008,2716.25302638209,2983.0418728513,3193.28772270836,3100.60927365473,3114.69608592822,3099.9422899117,3236.57494513146,3268.63890723473,3300.73510980871,3213.90261080059,3020.98332805417,2911.60084214038,2775.74642272991,2664.43850995544,2433.37637275564,2385.44881834294,2382.02263952585,2334.66104267184,2364.84659101208
GDP per capita (constant 2015 US$),NY.GDP.PCAP.KD,Antigua and Barbuda,ATG,..,..,..,..,..,..,..,..,..,..,..,..,..,..,..,..,..,6062.49730867664,6310.85528034119,6795.69319068949,7323.12585537909,7584.59252748296,7564.22182367711,7951.66482552649,8766.9905761522,9479.64251106372,10620.9981924893,11383.2024679696,12037.4265333265,12729.2904324833,13166.5241173582,13385.0114363295,13326.2728796496,13776.8264136781,14420.4693979194,13519.5287711166,14117.8679127333,14588.3079841576,14991.7802610684,15282.9733985907,15961.0918359058,15003.4389169034,14968.0703013883,15703.9347145491,16433.4130541483,17301.2134317518,19259.6486517907,20770.2689732844,20464.786306605,17746.700856041,16135.397384487,15633.9091131821,15989.3900199779,15748.1952024226,15967.284996712,16077.6340769406,16635.895232831,16992.9327495236,18042.1596435727,18525.2588907167,14950.8942397208,16084.7214406048,17456.8722243104,17789.4058123944,18468.9951703724
GDP per capita (constant 2015 US$),NY.GDP.PCAP.KD,Argentina,ARG,7397.10965495682,7670.59545571641,7480.27172420174,6967.75019555221,7551.02490778789,8219.55155637229,8041.22487411475,8172.27456469042,8436.30856351031,9111.9459748551,9244.12251785153,9614.61061692134,9617.68814943737,9729.53258885903,10100.4469136163,9936.49583447894,9584.74851751038,10088.3374871635,9480.94009490414,10284.6064087552,10275.7987023886,9587.67379423426,9365.68465387847,9617.7000569575,9614.44726215357,8973.31874865813,9378.46866394349,9484.45876638052,9236.80771302535,8445.4100923428,8115.09386370753,8729.82318518892,9293.18692251748,9920.67358582437,10359.8927204871,9934.10776139515,10352.1400002191,11056.6881331002,11348.2022124673,10838.3199346387,10631.6503639029,10051.9448463043,8861.56199282278,9545.53194119994,10302.4465316428,11099.7509190602,11870.2791559298,12811.9021206578,13197.3570267029,12285.3784651865,13387.1553748458,14040.6189124444,13754.4254235596,13946.0950832252,13456.1319159151,13679.6264980954,13265.8860639123,13520.1129846159,13058.3285449954,12706.3978108968,11393.0505957877,12549.2811699342,13182.7933950725,12933.2497342121,12667.0313654373
GDP per capita (constant 2015 US$),NY.GDP.PCAP.KD,Armenia,ARM,..,..,..,..,..,..,..,..,..,..,..,..,..,..,..,..,..,..,..,..,..,..,..,..,..,..,..,..,..,..,1644.02214502158,1426.82791357144,840.205259177402,792.567859246381,857.394474812969,932.357829471807,995.728275319872,1039.0798243009,1128.09888845227,1180.45341995952,1229.21510436102,1351.12072694555,1535.20452885187,1759.64684829386,1955.22262459229,2240.09273209788,2551.43546358452,2919.3734936373,3141.33193500774,2716.97436280471,2796.08143428043,2943.83687119315,3159.75860786889,3266.29882999873,3393.09252326884,3512.39350276709,3533.88503607007,3815.3747426037,4027.83393010979,4343.45839583019,4032.09043454955,4264.79961505187,4791.00481712183,5197.23509013575,5378.31799981682
GDP per capita (constant 2015 US$),NY.GDP.PCAP.KD,Aruba,ABW,..,..,..,..,..,..,..,..,..,..,..,..,..,..,..,..,..,..,..,..,..,..,..,..,..,..,17354.4211506779,20407.620205072,24143.1712840053,26573.6479138613,26609.3840748633,27358.0217070709,27662.2034052006,27798.3553265013,28563.2336087935,28479.6452657341,27701.0504117279,28526.0975674511,28387.1299566371,28351.3719022982,30199.6612772816,31169.7969138989,30662.3217145204,30651.9457560917,32192.7919471291,31249.2780373413,31038.8898666583,31759.8232024833,32097.0402243555,28157.1489891095,27324.5554259804,28037.8697927378,27341.2274279996,28668.7204196265,27914.8433440348,27458.2253310273,27719.5007310796,29671.13582858,30334.1162224308,29576.8097145074,21947.9953301189,27469.0056215511,29917.1280287045,31178.473678762,..
GDP per capita (constant 2015 US$),NY.GDP.PCAP.KD,Australia,AUS,19905.3134669222,19997.5450015954,19767.9570765171,20597.9260588196,21607.4922239031,22455.2509839049,22470.5176072033,23587.6281171848,24355.6282531611,25531.5365288498,26829.7630995603,26975.665521972,27520.0005055853,27812.4455074509,28231.0239084901,28258.0654813537,28700.2946314702,29399.0024788699,29318.7463550853,30178.3894488631,30717.7780327511,31251.8203349363,31736.0447520616,30608.3684024318,31632.3892749783,32861.4162378766,33674.1705521479,34014.7354121968,35389.4553320904,36143.1477787181,36886.1444273767,36279.7540525751,36029.4845675544,37155.5123959647,38264.146671105,39310.7982327944,40337.1060519133,41464.4982180697,42967.6616681962,44636.9418129494,45859.5162097045,46191.3142366289,47486.2783216389,48394.1269478095,49902.0187022536,50853.1976727529,51553.9685966991,52531.7611201084,53336.1012157008,53237.0077642312,53578.8125049759,54111.357240336,55257.5739287362,55728.0174035719,56327.8533063277,56739.0265346593,57401.0662268939,57750.6482221688,58530.7821697117,58924.733646242,58132.798523626,59276.503107197,61009.8077147403,61598.1776089916,61211.8967637303
GDP per capita (constant 2015 US$),NY.GDP.PCAP.KD,Austria,AUT,11894.7441321731,12484.8087482702,12737.1853700715,13179.3524498439,13893.5858435903,14283.9973821757,14984.5530346847,15320.3583304571,15922.6386654781,16863.5863487954,18001.7830752008,18838.3155993467,19891.8259854297,20749.343993787,21530.6342227432,21509.3123429813,22533.8803345008,23669.5086348985,23638.7784066043,24947.5270743961,25379.462993097,25278.295236062,25768.2192735584,26577.2454719789,26592.5469190439,27244.2148386511,27853.5049872765,28213.6633992636,29102.3222540003,30097.6512878468,31167.1857978698,31919.5573520278,32231.1216141522,32134.8299135937,32780.3419423369,33603.4278263558,34301.6562151382,34998.0321173934,36180.7490571265,37468.8698869794,38571.0858780001,38929.753800545,39313.7225107545,39569.2885567329,40333.3307183894,40989.0131778975,42120.1557002022,43568.8302243941,44063.8642019916,42372.4758254763,43035.4073531933,44146.1956805294,44221.4599530893,43851.3675497404,43838.8345892137,43915.228020857,44362.6702805116,45056.6385912412,45951.5819164034,46550.5622459492,43428.6983137234,45313.3988964964,47250.9695999523,46338.9570588922,45562.0406911157
GDP per capita (constant 2015 US$),NY.GDP.PCAP.KD,Azerbaijan,AZE,..,..,..,..,..,..,..,..,..,..,..,..,..,..,..,..,..,..,..,..,..,..,..,..,..,..,..,..,..,..,2866.41060612613,2808.72744341073,2141.34003757856,1621.91809335648,1284.95555025956,1120.30867750928,1123.44793802972,1177.19685946713,1282.68413702085,1365.56585096546,1504.73106650409,1640.93664218988,1782.47318953927,1949.60609246235,2111.45338332183,2674.36885551094,3556.83212041859,4412.20325719633,4778.12451579136,5118.43395103717,5300.11049447988,5149.20665199301,5193.175009361,5425.99558858555,5508.6026585312,5500.50364628486,5272.71816973266,5229.25259747579,5261.92938170171,5346.95319282755,5087.50022691293,5349.5822595965,5599.58525100539,5668.61020477202,5871.13221811331
GDP per capita (constant 2015 US$),NY.GDP.PCAP.KD,"Bahamas, The",BHS,18778.7110408897,19781.8519506381,20778.8494207682,21844.6061507743,23040.0726401102,24337.4530632902,25358.9019713219,26526.6149465213,27437.9891241542,28576.4511631793,25941.5537101091,25551.9687335975,24004.5650117993,25212.0914390925,20522.8423042949,17106.2763397806,17606.1423188973,18809.6855294124,21034.9120708384,26013.7383025123,27191.5737681498,24256.3227456983,25450.9759177255,25926.4055293631,29105.0780138108,29993.454947858,30012.9250216149,30389.5789204699,30564.8729348828,32052.0823593039,30995.5842618402,29193.0895663411,27566.0684563191,27137.2669366627,27503.7251817767,28236.4675592416,28967.1426145358,28902.6662544207,29837.5355885474,31544.457042578,32424.8330349383,32870.1991409669,33374.7116432175,32559.4178505392,32444.1798761845,33144.8960860599,33541.9602520154,33549.4455284788,32331.930166479,30581.4340580326,30657.531992584,30492.7734015434,31553.6206928091,30368.3622669943,30658.7356351188,30719.405417469,30152.2354644699,30974.774621871,31537.4437497052,31117.6825430577,24791.6538067733,29114.2279448407,32186.513975715,33009.8743188408,33968.3863434756
GDP per capita (constant 2015 US$),NY.GDP.PCAP.KD,Bahrain,BHR,..,..,..,..,..,..,..,..,..,..,17423.5246702283,17249.0124224571,18258.3131142924,19724.6516534591,20304.8174616131,17582.5754413652,21815.0764825317,23475.826642995,23251.0531134084,22978.2198018726,22551.9860925815,20521.425016103,18310.9908591644,18811.4380955493,19065.3191478664,17516.6361043991,17091.2903016984,18193.2073441956,18774.1395172075,18183.311929769,18345.8379968815,20882.5058640472,21701.2220342029,23858.1931245824,23180.3322555659,23465.7129170227,23795.2092538862,23893.1335655763,24386.5916523491,24773.8464104044,25407.9694054552,25106.2869742612,24149.0156013799,23857.6403579769,23688.1121059225,23439.6704353038,23095.0181330228,23112.4888058398,23127.2148040048,22206.9371985225,22224.0736166249,23288.0449398313,23894.8804447088,24271.6278814506,24135.4991304849,23734.0551143019,23715.2791328712,23606.8867501313,24059.7838641562,24873.6640060134,23586.9309581516,24086.7847803428,25234.40256182,25342.6226641572,25916.4641634989
GDP per capita (constant 2015 US$),NY.GDP.PCAP.KD,Bangladesh,BGD,429.398700910166,442.754802776645,453.534880895558,438.497510023828,472.526377856783,466.297416230715,464.560595017134,442.631515109653,470.576662620963,462.973250718686,476.495758008963,442.581266509865,373.483189983357,375.01209712721,399.510508130505,373.260373696999,384.509552028714,385.08552032014,402.385595931712,411.669266520237,405.226770259517,423.537122867473,420.872004532951,425.646571168568,434.782351604307,438.382478828439,446.08025306417,452.659756923731,453.839236883479,457.254334777705,473.444821021085,480.673358976087,497.371173735323,511.193509421294,521.323144726555,537.931946643983,552.077107138767,566.271140847632,584.448175174047,600.232323162952,620.560472822105,641.288922876274,655.672139362272,676.826252046427,702.656357081873,739.203718353409,779.419570444998,825.508229964537,866.45815762135,901.729626251937,943.66422864236,995.579947155662,1050.39140404066,1103.15695907123,1159.40753475981,1224.38647668165,1299.83091360792,1373.75363740186,1462.25050255713,1564.20802445636,1604.6659234742,1702.08028414189,1804.3493461776,1885.37733613545,1941.27874360025
GDP per capita (constant 2015 US$),NY.GDP.PCAP.KD,Barbados,BRB,7381.7971438422,7873.04780157899,8510.6252183952,7999.08328047661,8315.38348028868,9172.24086694893,9439.02087637346,10354.4256371948,11006.5952048034,11791.2280425428,12915.4547220798,13432.5964951553,13577.0012203599,13722.5311626719,13060.5783482268,12792.1253941318,13335.7131391662,13811.3204153898,14489.2088041061,15650.3880247556,16318.2291040224,15960.8845873917,15129.1744290501,15151.3117660042,15639.6736406066,15755.808574781,16508.5149592767,16892.7326143465,17452.0562043171,18056.0932027769,17426.9351835134,16696.2273252062,15691.7053287391,15770.1013323922,16050.739777563,16347.8193774325,16982.0087941939,17779.6524769281,18439.4683949688,18495.4686279131,19351.4638405481,18867.6490259856,18892.1732114238,19184.9280414739,19344.9607873556,20004.7667416753,21117.3141130415,21454.1971109767,21477.2080592359,20294.7826712927,19763.952363572,19555.7321072204,19438.2179113021,19191.4375467197,19160.122299023,18954.2913724506,19251.9834223357,19237.287488428,18974.8571786909,19064.9975884863,16166.6559507829,16099.7749737734,18959.3351638653,19734.2380260921,20474.6391845607
GDP per capita (constant 2015 US$),NY.GDP.PCAP.KD,Belarus,BLR,..,..,..,..,..,..,..,..,..,..,..,..,..,..,..,..,..,..,..,..,..,..,..,..,..,..,..,..,..,..,2888.81296605767,2852.83086063697,2573.29955022496,2372.48516815155,2097.38186932057,1885.36062544268,1944.68700414122,2175.40374089066,2368.78331042337,2460.36944358801,2615.36376954661,2753.03369842472,2910.39937536991,3137.26261585453,3520.40452567199,3877.71738863193,4291.68647063136,4682.20676622607,5177.64534830453,5200.77418521241,5616.09411651767,5941.68999107287,6052.63737227717,6115.43288138613,6212.91667355075,5967.05595058777,5811.20159245258,5964.89668930991,6165.91320184691,6267.7350887999,6251.98898903127,6457.73053774952,6206.61909735439,6497.78450735958,6791.32648070557
GDP per capita (constant 2015 US$),NY.GDP.PCAP.KD,Belgium,BEL,11715.8268363285,12258.2997442373,12845.9668652549,13305.1271367531,14096.6676916521,14466.6269342815,14822.7175245478,15310.6184988568,15890.1322014885,16895.704839012,17951.3223757272,18632.8422933665,19542.8867391462,20724.7405753826,21602.8018308189,21116.9915506255,22270.8535641559,22382.648446366,22997.2737603991,23514.5117930815,24532.4569582102,24464.5869932428,24616.83722877,24695.5649688117,25305.0320542767,25715.3579688704,26174.7550878409,26755.6980811501,27930.4858968463,28794.6548841575,29609.6207516724,30040.5508404095,30376.8745342462,29967.3944241601,30839.2414336465,31508.622663522,31862.6693868132,32991.5010116146,33566.9875919507,34676.6051555263,35878.3153586195,36148.2880924306,36600.862592332,36826.2699296094,37976.6972967442,38645.2605193362,39371.0858277448,40520.0843207009,40380.9075004042,39293.637546825,39991.5646206286,40236.9596308558,40074.492800399,40007.8997891411,40533.9135027898,40893.804537772,41172.8862831209,41619.328629169,42208.3625650272,43006.4042308863,40769.0218072962,43121.9429709785,44596.7859981166,44722.1955283977,44837.7242665704
GDP per capita (constant 2015 US$),NY.GDP.PCAP.KD,Belize,BLZ,1554.73650901524,1590.49534112485,1626.44946137565,1661.02467035008,1694.31090585267,1725.67330207481,1753.86597663694,1784.3741331061,1858.36452184413,1898.20625159724,1945.04198293153,1987.98750307575,2158.24409919594,2241.94064142594,2511.38843624041,2557.68159806883,2504.71434531537,2612.70757763821,2762.21027233446,2907.6940487945,3183.73545687114,3139.22709388774,3058.54265733743,2921.07446456512,2909.06007780466,2871.03040262932,2934.26574957884,3177.26856009795,3411.7709927208,3771.13384766321,4111.68186005974,4498.65988154226,4966.68328051626,5165.5406214628,5055.70052469135,4966.79958676435,4874.55662204451,4914.25622252639,4930.24629363195,5212.36550357123,5662.33419045965,5763.67721322443,5893.70035034857,6273.01058592748,6381.59597801024,6335.67777675053,6434.11864385377,6465.21936364157,6183.93891771798,5997.24330826644,5919.55662085777,5777.83112948952,5866.25148992843,5998.17830945783,6109.47778375326,6154.49593498217,6016.49646985703,5772.92692023491,5729.21045186202,5886.9622354935,5003.87784847193,5824.30394264153,6269.37997445105,6212.26051785042,6622.56381381691
GDP per capita (constant 2015 US$),NY.GDP.PCAP.KD,Benin,BEN,655.913007563868,665.431250366532,631.42071510316,649.260123067951,679.356446871351,701.332145059658,711.858170524999,704.838581809146,716.640156003181,721.532496801575,720.605098618137,694.034044850035,721.876315776552,731.313119718855,737.948326243781,684.962291595042,674.040866533898,689.858786250037,680.651097993039,706.10443231183,733.490637341118,783.925193667226,778.638765032765,723.483520668885,758.361165674301,791.727164830118,785.143070110497,750.403840602099,752.704034985609,709.188907710243,749.459666582926,757.403145107877,756.080888165851,765.479914438342,752.277508740764,781.0647884601,793.7950526962,814.901395438676,821.459971433599,838.976786975768,861.213292013209,879.854463773645,893.137100961634,896.146763201736,907.624431209378,893.91536869992,900.62053578735,926.740113754071,943.203380303862,936.565651071554,928.246655329144,927.716412836707,943.918771531001,982.399206290516,1014.4330062135,1002.41886879614,1006.03926633023,1032.90471194182,1071.50452156932,1114.17304526443,1126.65404122154,1176.37727637273,1218.49668929091,1263.62158336368,1324.78312597434
GDP per capita (constant 2015 US$),NY.GDP.PCAP.KD,Bermuda,BMU,39906.0219422945,40887.2553277031,41637.3631417601,41060.9761296957,44570.9985986152,45658.5944548796,51062.4081514285,56696.1527093867,56867.5774623567,57787.6562270768,60471.255277804,61975.665563665,62864.8733493888,63625.2779332653,64050.3241864199,66372.4924551379,72195.1610959722,76292.2393841989,77242.7029002796,78775.0614273019,84785.7462251032,86283.5987978388,81137.1319313892,82177.8355724679,81986.7194401669,79797.3827166062,84596.3528723121,87182.1874028497,90024.0922838766,89743.0558156557,89089.7346423608,85311.0494288592,84642.6084927299,86582.8344997142,86545.7823557807,89849.1250139813,91743.2962338679,95383.0225110365,98347.9089816051,100867.914579743,109502.763102809,116809.925253071,114574.433608566,118018.831592635,120432.12052555,122143.799577518,128662.931924261,132595.482654866,129525.177139097,121727.584908744,118382.908990645,113937.835700983,108040.575659203,107860.394791964,103941.982606956,104855.366822135,104190.876720334,107734.608357327,106843.163739391,106709.881238843,98999.5076617935,103134.729483915,109642.671877743,115124.71719745,117661.27172681
GDP per capita (constant 2015 US$),NY.GDP.PCAP.KD,Bhutan,BTN,..,..,..,..,..,..,..,..,..,..,409.39951009812,406.291418918553,397.262037485288,389.593921511192,395.97778052767,370.056039481574,389.665426064711,406.33736880742,420.682203225947,426.159561589084,432.838643488682,482.235722777153,483.023534472283,516.678056159163,523.422165152942,527.791600354552,570.054288192741,713.587145838936,725.554916193497,756.380975678321,812.671325588739,795.191842865383,863.46389569327,917.291292689812,963.016574291679,1043.38748981674,1099.85817824831,1138.39922318847,1182.98781073316,1248.61600842811,1259.6237645235,1321.09878230279,1427.25693317315,1506.4152751782,1552.73915195801,1632.02169500573,1701.11878173586,1952.25734603779,2017.76018913403,2148.56480375034,2378.72810760985,2552.48871073094,2654.74798946027,2671.07460201171,2797.81883971908,2954.04081911097,3173.36773217431,3211.80903275593,3300.55006461736,3467.38598979356,3092.12428399363,3206.20366997254,3349.73309632799,3488.84449072501,..
GDP per capita (constant 2015 US$),NY.GDP.PCAP.KD,Bolivia,BOL,1276.9657715815,1277.28494593155,1321.00916232303,1381.64409711371,1406.29044577179,1444.22712416391,1514.70697846773,1575.49636082554,1672.3321061932,1708.50359447714,1758.01016293026,1805.97392277793,1906.55558458659,1971.13272217132,1983.71650337589,2081.06944161944,2127.83294822408,2182.67536956769,2176.90982825676,2130.75447610936,2054.79726876086,2015.24576085901,1894.05947259826,1778.78743463265,1737.68727843476,1672.78978169913,1595.835034234,1601.01834701117,1613.04847142773,1639.11334007933,1679.40847934245,1731.39514180139,1724.36334508876,1762.66830888368,1809.57065085889,1858.78185183798,1904.28702147603,1962.8640425071,2025.50334651633,1998.94534010593,2014.19024658446,2013.84581083123,2029.66993638623,2050.07133411878,2099.99081063701,2156.18670325307,2221.42722587104,2283.4273357151,2383.25032578229,2422.57579390006,2481.40700850945,2568.5205166368,2657.23884915854,2793.51457098675,2900.90241586338,2996.01289811344,3077.57057564767,3160.16421228968,3246.76434820658,3272.38171029956,2949.81955038243,3098.35062383781,3172.91046695036,3226.08756009169,3226.18807550031
GDP per capita (constant 2015 US$),NY.GDP.PCAP.KD,Bosnia and Herzegovina,BIH,..,..,..,..,..,..,..,..,..,..,..,..,..,..,..,..,..,..,..,..,..,..,..,..,..,..,..,..,..,..,791.211670918053,715.689938075882,704.999683364069,747.930428983879,871.142724291713,1012.92705452504,1497.56624773882,1973.47801454223,2261.36869447791,2452.13193858336,2566.58782060588,2616.41412523094,2742.33362647095,2854.84504596813,3062.93618997193,3216.86881717187,3418.75501252184,3663.94488965387,3927.87965579966,3876.39718028292,3980.04128344756,4093.05152243746,4138.70218363601,4305.4675564178,4411.38102277262,4662.25883724069,4876.5347244666,5099.81613758953,5360.17443893099,5583.29732033466,5490.75367062899,5995.44817572385,6327.06293910437,6493.22233959649,6698.04067371484
GDP per capita (constant 2015 US$),NY.GDP.PCAP.KD,Botswana,BWA,393.861742487166,409.502166469248,426.901637851857,441.728045569419,460.824434130607,480.490649773385,508.141727280139,535.405247145742,588.907189594904,674.389989055809,785.474884442778,971.592899383618,1184.47370056075,1370.73282732856,1419.44206854257,1464.68785200858,1539.17387299982,1635.51259140874,1760.57070364001,1859.49457887642,2002.99615272235,2111.34563888905,2276.04982459673,2484.51795571067,2603.44865679004,2693.78188151685,2816.7693715823,3050.23176245012,3536.42325387877,3888.73045113925,4039.46544455099,4224.09857544948,4226.73999498293,4186.14547358363,4219.4408088678,4399.1388580936,4543.2105349273,4809.4439184672,4724.93670942028,5070.94772048729,5062.64289173588,4971.96371794188,5175.47655317231,5320.440295139,5369.42516766112,5514.21742664705,5865.00026521361,6085.6354476126,6158.61629368051,5179.4138607146,5584.50343260122,5850.07858485864,5742.919242654,6284.97677820877,6547.12253923766,6141.20394726616,6490.83463593483,6662.5764477869,6843.84612121161,6951.73188985979,6254.24806377545,6895.91184943107,7159.5860618268,7269.05170664457,6937.33180990267
GDP per capita (constant 2015 US$),NY.GDP.PCAP.KD,Brazil,BRA,2603.51901042994,2743.38888844205,2838.47229916639,2772.5799490463,2785.07443212682,2772.67176390786,2878.69979349639,2921.3724263796,3126.53548183139,3338.76247436022,3595.95086280878,3907.01225977893,4268.38384697753,4748.26246385619,5013.81724730208,5148.9106187339,5543.43637942576,5679.78590996985,5821.49131249962,6069.05474310333,6472.85214591952,6055.09781428103,5967.77899586532,5664.96368501244,5841.74986464143,6167.51343658643,6494.28087914562,6591.60882870649,6463.00545238554,6545.42575572846,6149.86788926381,6107.64883675747,5973.98285622586,6167.46092178931,6427.16901943704,6596.33572674819,6640.7270065575,6764.85842091319,6687.49523550242,6621.63676249539,6817.784240857,6823.03396999891,6944.62337495755,6941.4404574508,7258.78185165912,7409.56913232718,7622.04007133264,8003.25413096047,8330.76459841304,8246.09706995094,8792.63436120342,9067.99316348047,9167.49923929815,9366.73932434359,9338.34278278114,8936.19661712113,8577.84376650911,8628.25308908043,8722.33630317935,8771.44051292177,8435.01143254978,8799.22945810901,9032.08481566299,9288.02701470069,9564.57607719223
GDP per capita (constant 2015 US$),NY.GDP.PCAP.KD,British Virgin Islands,VGB,..,..,..,..,..,..,..,..,..,..,..,..,..,..,..,..,..,..,..,..,..,..,..,..,..,..,..,..,..,..,..,..,..,..,..,..,..,..,..,..,..,..,..,..,..,..,..,..,..,..,..,..,..,..,..,..,..,..,..,..,..,..,..,..,..
GDP per capita (constant 2015 US$),NY.GDP.PCAP.KD,Brunei Darussalam,BRN,..,..,..,..,..,..,..,..,..,..,..,..,..,..,64932.0840839357,62303.4678936059,72760.0835955631,77308.8627850426,80082.6791351614,96517.1332928907,84483.3893541681,63568.3322142571,63000.6739515813,61220.7077917469,57811.7718396773,54270.0843329089,49618.4645310336,49057.0845185838,46889.4913868888,44296.3388663286,44179.8276912649,44201.1393897195,41672.3707444004,40342.0502418347,39721.4342531039,39274.4977645821,38331.6574507639,39820.2106577615,36331.1811884432,37045.9342090551,37509.5983267664,37269.3097506594,37976.262662486,38595.1686901058,37948.6589495693,37312.2777967112,38229.3564968534,36174.5163676434,34126.6940866315,32855.6020295133,33121.3176732283,33754.3639675001,33544.538880398,32381.0738305277,31148.729616258,30625.128732694,29492.4145383772,29524.65904505,29200.1951241759,29996.2405849189,30015.9587299585,29256.1832859253,28549.175527547,28645.9644636922,29605.8776054965
GDP per capita (constant 2015 US$),NY.GDP.PCAP.KD,Bulgaria,BGR,..,..,..,..,..,..,..,..,..,..,..,..,..,..,..,..,..,..,..,..,3428.40954376737,3584.44140688049,3657.28780040972,3773.31601958921,3892.35687131007,3996.86483929046,4166.14170840155,4411.88626374858,4889.25636553241,4784.05469076387,4427.01075492783,4093.47671632427,3836.76398921195,3810.24375574593,3892.7111037595,4021.99531244432,4253.23468174483,3675.1808576225,3839.97684089572,3537.34545607716,3717.92891507381,3937.70165394319,4260.40482745795,4519.18444688932,4849.87144447444,5231.33817610444,5629.80131778982,6048.74234259616,6464.72203037118,6288.72548913763,6428.71747401797,6605.30857880385,6693.42776100824,6792.73551393835,6941.01854679167,7268.65445473873,7586.50414873238,7898.70694583532,8211.93640364397,8644.24951911477,8450.60388758371,9168.85176416607,9601.43271269533,9810.66890602451,10089.9202053232
GDP per capita (constant 2015 US$),NY.GDP.PCAP.KD,Burkina Faso,BFA,244.167257873365,250.394091012667,261.880916903197,254.731183016035,256.568911549561,262.001316967784,259.130285238002,277.313189171404,280.960315015046,281.73763833434,277.184105813715,276.290476527029,277.846496112942,274.152506421818,291.303145502961,294.050755641012,312.385989060691,306.319820987094,312.546378441226,315.71696837442,309.805283645997,314.286582559959,334.96046501527,326.730273513319,311.788334185274,328.715164630481,344.993912306641,334.888996959212,344.904464201203,343.089820260752,332.153276660935,353.206720757378,345.401816823349,348.581211032689,344.371184069503,354.841188502861,383.973583031147,397.838955257373,415.273513470241,433.104727597234,428.309796566198,442.914122870048,448.128856317091,468.263047790124,474.086412333459,499.192797571217,514.113131757062,519.26101218434,533.471299938288,533.470084831931,561.847221302489,581.603658737407,600.731343697818,616.741331164082,624.576885187665,630.124750752312,648.420480176012,669.276310328333,694.492813126351,717.021595096634,713.8421779224,745.472563435144,739.363021191451,744.165760639938,763.911780313875
GDP per capita (constant 2015 US$),NY.GDP.PCAP.KD,Burundi,BDI,288.878981794325,242.941546520881,258.32430129828,263.40036642487,272.062735830387,275.137917931711,280.9791596902,311.798763802316,303.540804264871,292.685745718482,347.474495973999,348.446416961289,326.146546923774,349.110750686492,338.001655805809,332.021353354811,350.45300889241,380.747850621793,366.426911477842,363.382611221262,351.900419860718,378.943663862466,365.710192122894,369.268854137523,360.98937587784,394.902104849267,400.156015299278,412.654046294404,423.919810604935,421.287694857326,427.030031561228,439.186232093461,431.918861835852,417.919297574139,399.309631526324,346.321302413385,318.395682563648,313.357142719203,322.030961886279,311.230622126912,302.219163799824,300.799882759047,305.4383585397,292.318595090044,295.235119511615,287.030688980174,291.866399549575,290.979116170807,292.793764973044,288.941917826614,289.856950614392,290.948032142504,293.232620547249,296.816900573427,299.077479357732,280.966831311923,274.513363399011,269.47688960656,265.672394335817,261.750180238427,255.078218433565,255.917950730796,253.69164159159,253.44565118586,255.598395837897
GDP per capita (constant 2015 US$),NY.GDP.PCAP.KD,Cabo Verde,CPV,..,..,..,..,..,..,..,..,..,..,..,..,..,..,..,..,..,..,..,..,581.755065828323,622.175843789433,630.373215165836,680.309270761066,696.047255683761,745.620229080143,756.26010041403,777.830957355952,813.037458467319,846.574036092057,835.120723175504,826.681399309547,896.519359558541,953.861011115729,1113.93806476467,1248.28104350759,1365.49820603623,1492.01847422507,1652.11117220593,1809.80582624137,2037.31720912714,2051.21733888102,2127.70872296502,2186.89500422765,2379.79636224135,2514.16779255327,2683.83943856892,3056.97102851154,3238.44159287498,3159.58698693977,3194.61667734233,3309.20121643898,3341.7421054836,3361.09387702205,3383.8422809791,3415.06266730931,3560.1400729534,3719.71306047915,3853.67940035241,4115.90283469406,3255.93628984058,3471.6553421786,3997.76763250653,4192.40126436212,4475.45299739992
GDP per capita (constant 2015 US$),NY.GDP.PCAP.KD,Cambodia,KHM,..,..,..,..,..,..,..,..,..,..,..,..,..,..,..,775.61301310347,832.046370021047,768.349009368511,835.709043830217,746.08572413472,688.762215998489,678.011250962987,659.062242599126,663.885539072704,671.730248753369,679.989551081934,678.670094090388,790.553706971779,852.223975284837,849.279049748096,824.051655825487,850.610221173097,862.478030887335,845.382004291868,513.967147967874,520.926883186145,511.670349597704,496.770551310941,499.016649050833,552.901492232643,598.561915252147,632.833573980849,662.188341283454,719.333494240509,775.847139030978,866.340290123209,947.065220050691,1030.23117620792,1090.57475806147,1117.25834194514,1155.85236856699,1221.38839852454,1295.25271477893,1376.29557595926,1464.53115866927,1547.32010444393,1645.46671578126,1753.93530504662,1884.28374817086,2008.32094006706,1908.63427518336,1938.76436741791,2011.27433313199,2085.05748462072,2183.55682401667
GDP per capita (constant 2015 US$),NY.GDP.PCAP.KD,Cameroon,CMR,935.699954812011,932.280026939942,942.759289850998,956.891728661397,969.229047665523,966.950594049791,988.594437772544,860.08689924625,892.491104144478,912.754108454771,916.710625779195,923.604760607703,922.880502053864,945.932707437732,1018.79726418801,1102.17636716094,1014.07667154038,1124.03776731799,1334.48750457376,1375.91817432986,1305.68366184321,1475.98950174546,1549.61272438048,1622.46829304371,1695.95061001327,1778.88090277491,1842.96431745669,1749.42466570751,1565.13475286994,1492.28176078781,1360.47765296011,1271.04658608388,1196.85081918895,1070.98275377636,1060.87326552909,1062.01607349987,1077.38925202961,1096.69757735007,1118.50819963079,1138.36298546565,1151.27689302947,1169.92670464984,1189.96707897027,1221.09446141454,1271.74326874167,1264.74345218659,1277.32990712342,1295.73067471287,1295.02211276052,1290.89961351149,1290.9013745759,1297.3064962694,1319.66961634054,1347.2130636706,1381.81938454907,1415.00009710569,1435.61830727839,1444.90682916573,1461.01969999317,1470.31785276187,1434.51913723409,1443.57600237663,1458.66180431693,1466.76885819356,1481.39595083063
GDP per capita (constant 2015 US$),NY.GDP.PCAP.KD,Canada,CAN,15432.4717490557,15605.523188594,16455.7535452389,17007.690713787,17800.8641385665,18585.88144194,19476.027074606,19715.0936501258,20371.1440869411,21114.2870593259,21428.9091307708,21642.5407846389,22573.5662893211,23799.695529436,24257.8168034862,24275.8127510644,25369.4634351839,25960.6392016614,26663.7706981097,27384.6779329775,27622.3734030629,28215.530855259,26999.079084851,27418.4916111044,28762.9722015849,29851.6432940057,30183.4087940958,31001.1298465676,31951.5504658265,32116.9233234971,31700.5462613508,30654.3331550624,30563.3788132238,31032.7546058282,32074.1562636226,32595.4515150443,32801.3018574024,33867.0079071879,34894.6134264056,36391.535343959,37906.8601321366,38200.456120621,38921.6673033743,39270.0234577749,40108.7587456658,41006.2229523971,41663.5123057295,42106.8724378248,42067.5687072607,40376.4153847836,41164.3399119626,42043.6419795513,42320.6431330726,42851.170527104,43643.2356440047,43594.1941045394,43551.3425975115,44339.3886689254,44907.3436912123,45100.2915069262,42366.1285377884,44639.193269037,45677.686578804,45048.2842408265,44401.7153908386
GDP per capita (constant 2015 US$),NY.GDP.PCAP.KD,Cayman Islands,CYM,..,..,..,..,..,..,..,..,..,..,..,..,..,..,..,..,..,..,..,..,..,..,..,..,..,..,..,..,..,..,..,..,..,..,..,..,..,..,..,..,..,..,..,..,..,..,96066.6290832355,96202.7379415493,93115.3168416314,84001.4215657607,79483.0972813604,78233.0187551876,77074.3890872511,76038.879554035,76104.6215727416,76379.2095108681,77031.8643873625,77717.1752058822,79305.769672996,80714.5718222987,75199.6450417809,77285.7966767064,79587.3887913705,81411.6457813075,..
GDP per capita (constant 2015 US$),NY.GDP.PCAP.KD,Central African Republic,CAF,575.894391468806,593.189558332525,560.326768152575,545.581408664112,545.874892158702,539.817040213822,531.90309134597,544.747072768765,540.093413129288,565.30834319678,565.812174200598,560.464655722271,549.598711724139,549.35454984184,573.024209010012,564.260762473446,586.137157573357,602.199701083141,603.119667759043,581.982298397451,549.851069399498,535.271803204363,569.909860587753,517.400561236801,559.576063736741,574.324850721819,587.348322352386,551.039434586106,551.209370152878,547.973638780833,519.786735961912,500.991150890901,454.148968239471,441.384907508364,448.784442959801,468.150527620686,437.925054761723,448.634663639551,457.148858416438,460.827900216085,437.168928414826,446.658634192083,452.808702217035,418.240532289858,433.825227770233,427.968043155237,439.294330902768,450.762785401893,450.313616886022,492.215398914836,519.141456408484,532.38295493852,553.729578314912,349.821171688973,351.561554911625,366.322853938121,376.858254120398,387.35795131742,395.020015455909,401.82582161435,398.834274122139,396.020622931961,398.915397976511,397.467795727686,390.090566274594
GDP per capita (constant 2015 US$),NY.GDP.PCAP.KD,Chad,TCD,798.903056875694,793.902104942246,819.690432670766,790.326588978904,754.973457100007,744.526651947738,716.904546203233,708.483915631293,691.503460575667,724.334592296831,722.62143852215,691.632027177143,684.14119695127,612.23334700116,628.044931446613,670.031722133696,676.360008407041,678.644466468524,663.254008649591,510.17200603682,478.249651499359,482.648876976385,485.113211509701,534.050627731447,537.861632659426,648.505099313552,603.697856712232,568.987981296974,635.204573980029,644.025132143813,600.276187628904,628.115135165801,650.191392560677,535.275325824833,576.125343212834,558.105168632108,545.748810715064,557.037835216989,575.613454821804,551.947186722004,528.492179115295,570.530862613474,597.786883652378,658.928454990582,842.158764877398,949.086011648517,910.773451555824,918.265540053882,914.250602943879,870.353795767171,956.724153813537,965.593242567789,1016.65896756228,1008.54996552116,993.25648925195,993.990730610869,923.494348293965,878.913785540893,898.669040353434,917.085339933556,884.730874687626,857.290294251454,934.967732795261,929.941347591119,917.386448017067
GDP per capita (constant 2015 US$),NY.GDP.PCAP.KD,Channel Islands,CHI,..,..,..,..,..,..,..,..,..,..,..,..,..,..,..,..,..,..,..,..,..,..,..,..,..,..,..,..,..,..,..,..,..,..,..,..,..,..,..,..,..,..,..,..,..,..,..,..,..,67622.4695883823,64727.4333131603,65010.9566350941,60866.085192313,60784.8479832989,61897.0637706602,61852.0735568957,62438.478592806,63397.7524683734,63864.3732883742,64598.9625726294,58640.735167679,64272.111712561,67513.5800895208,69822.9531432725,..
GDP per capita (constant 2015 US$),NY.GDP.PCAP.KD,Chile,CHL,3222.68320691095,3330.52707974518,3391.27067852121,3512.5701002739,3528.8579265412,3485.3610467235,3813.4880420372,3879.66399521903,3948.30026572163,4040.0058011806,4039.58221003868,4353.53619549239,4252.43567121887,3973.5039726836,3959.79582475475,3419.8279711603,3488.60951805533,3818.62804303532,4063.41850322282,4341.27884005509,4627.19349061049,4866.12669776366,4244.09899383271,3975.62230556306,4072.50464907353,4153.37019930025,4310.54362901388,4528.6333769652,4783.26035220905,5192.61380044824,5290.53694835535,5606.86557277047,6151.76546454326,6461.73217350303,6688.29717704707,7201.13100361441,7605.28953010603,8058.94228801535,8287.45061096547,8161.45168872186,8465.35303258864,8632.0148244056,8810.69052712257,9130.7842621819,9642.37478651228,10104.4208391373,10611.6144012877,11051.3450717678,11356.0922105983,11116.4093443103,11649.2897090856,12252.8441074615,12882.834417927,13182.7329619856,13285.9540361192,13433.9202987032,13505.097711133,13473.3458532934,13763.0068844795,13630.5935435578,12679.024004022,14051.4713630677,14283.1489501524,14280.3475638842,14579.4001071307
GDP per capita (constant 2015 US$),NY.GDP.PCAP.KD,China,CHN,241.38865640518,177.353933927811,166.089290187301,178.749038517739,206.39971909742,235.704122134957,253.637443822626,232.936829969655,217.629498896299,247.617408237114,287.360990977917,299.312840926518,303.174293759294,319.325276730838,320.021423931396,341.835493900954,331.302441675199,351.558278512051,386.173258026462,409.983402451709,436.591787138212,453.072706510383,486.894420983869,531.391311022454,604.354027423819,676.279975098168,725.829362656239,797.34114295479,872.659353617186,895.53052635227,917.270661782581,989.548540519036,1117.27329480169,1258.34946089635,1406.85845705008,1545.19429404212,1681.62743528935,1819.09789302268,1944.43719705771,2076.81812919622,2237.44298500334,2405.89396743215,2610.72960252379,2857.0373538115,3127.86276523632,3465.81734409951,3883.35412942474,4409.75700836878,4811.47471804961,5237.76666540352,5764.86534987407,6275.90956436258,6723.19443752823,7198.06876478162,7686.57792954381,8175.33285077393,8679.37704460133,9221.51403820573,9798.6528523316,10356.4804194995,10573.6420059282,11469.5707134928,11830.5983703496,12484.1578844175,13121.6769905565
GDP per capita (constant 2015 US$),NY.GDP.PCAP.KD,Colombia,COL,1961.2291441726,1998.42316206119,2042.63527704771,2046.30756363644,2108.00878137941,2119.99498736563,2167.35670771429,2194.44365471957,2262.17424281179,2338.10714398443,2421.22502270787,2504.49731055786,2634.72068551099,2748.14553426071,2841.38134772396,2843.73101842111,2914.01196628327,2968.66258052749,3148.23886798572,3244.08651685293,3300.51170195765,3298.73218883264,3253.88046917188,3228.35593102948,3260.28459182748,3289.71209715409,3410.15965281641,3520.16261987219,3588.96963573165,3636.07569199887,3714.1849928328,3713.17727535576,3787.5942918216,3912.6590835796,4059.32146113882,4189.72770913999,4198.69126252708,4265.6935185646,4213.82800470051,3967.11339937681,4016.80951748167,4020.50789754842,4058.28493578738,4154.17528523618,4311.91591255233,4457.27537460443,4694.03442939175,4947.25260813108,5048.57187245249,5046.97121757727,5214.24547620131,5517.1011086899,5675.75617978305,5910.80592301166,6121.83982019825,6248.51490534512,6316.07067782542,6309.67745292518,6353.5464285392,6439.96359812647,5891.95523215403,6457.16921807086,6856.72590505374,6828.59753791113,6873.42302427907
GDP per capita (constant 2015 US$),NY.GDP.PCAP.KD,Comoros,COM,..,..,..,..,..,..,..,..,..,..,..,..,..,..,..,..,..,..,..,..,1005.65620754953,1015.47496830874,1050.78238258151,1071.16981060172,1084.47409823235,1078.59581109137,1068.56640049116,1056.63980992105,1056.09369084384,995.555317484544,1019.19559721551,941.006198383295,1000.29824887648,1011.72827202575,941.525836670771,958.726199589545,930.186016212105,951.151466490866,946.902597436713,948.077367118187,1030.93947568487,1033.51343021937,1035.39872091786,1037.00510726154,1037.06257910624,1044.94496999226,1051.1859194001,1038.68653866198,1058.62282121214,1105.09838128939,1135.3590787937,1178.42049434859,1227.8383415516,1309.47579833416,1331.21227800861,1329.3704808998,1338.59046548627,1385.61417581045,1413.98188639216,1437.37135466649,1465.89782581729,1476.38688314725,1488.85613490824,1505.25419206172,1527.09890788139
GDP per capita (constant 2015 US$),NY.GDP.PCAP.KD,"Congo, Dem. Rep.",COD,1255.69660853314,1091.02374380592,1288.32777649995,1320.03817859144,1253.81952670838,1231.99389442249,1278.48523292439,1229.48528952487,1245.68660892435,1323.0460114718,1282.64331582123,1322.99781988124,1290.35656703292,1358.50275240035,1364.0849388945,1262.2249737007,1164.70931403705,1144.26482649245,1050.00742208486,1018.10162802476,1008.33935841626,1002.41537708901,968.331830863816,951.358551446458,971.071374827525,943.793842641303,957.671957013036,952.77108292065,927.077247982041,886.860720480585,801.567015056407,710.032087422205,614.369536883349,512.954857325072,470.161734645697,454.200631347294,440.994059132614,409.588064385259,392.136003823522,362.993793858463,327.240142486849,310.380267408895,309.911785375198,317.778121357431,329.3490636773,338.980980805364,346.179697463638,356.886805082139,367.843747648712,366.830226544363,380.578038274352,393.616173563894,407.671076943679,427.458520350728,452.339650501681,467.9145805459,462.47214741215,462.482920889479,473.294077418165,478.632426258904,471.504423341186,484.784649973339,511.29926733563,537.507995280245,555.097201309724
GDP per capita (constant 2015 US$),NY.GDP.PCAP.KD,"Congo, Rep.",COG,1192.85616529576,1259.50432623652,1290.76325572732,1206.1534137723,1218.55873958116,1228.77600898682,1210.73883952684,1201.40130423722,1255.92951871902,1311.23001699027,1353.23817407044,1414.23871124911,1489.16526262926,1562.12627199102,1633.5218596222,1711.43754680841,1685.48230892799,1498.31802356781,1556.66717228441,1670.77966059118,1921.96861829766,2211.31674185091,2674.95109240622,2773.62663758927,2894.09973517119,2776.76428489105,2511.48682046393,2443.79019878646,2415.94091643835,2408.14159896257,2363.76701814587,2352.52754080776,2346.67913794406,2255.94360801961,2069.79640456567,2092.54337905245,2122.62819294837,2064.7536042465,2095.34403570595,1986.8478922289,2057.01922023551,2056.16505922617,2100.16876714574,2058.88683675038,2058.88402946896,2140.03686200251,2226.0233547376,2004.10103961966,2061.55829880574,2211.31572382028,2332.28508055953,2307.49384399715,2467.06102906839,2390.65754938662,2488.68118548992,2439.35189403696,2174.19310251224,2003.27121075187,1909.9560382117,1885.51080877731,1725.51040049963,1701.79060456872,1686.00234391385,1677.08549205924,1679.58056113856
GDP per capita (constant 2015 US$),NY.GDP.PCAP.KD,Costa Rica,CRI,3609.40919815712,3542.67400372842,3600.83309317377,3713.74115874139,3718.23603135995,3890.27312321486,4029.53384187838,4127.67381607679,4348.20735762894,4459.9882501269,4665.11649140379,4850.53963683383,5112.64690735059,5368.03692355095,5523.18884522814,5496.15761723951,5650.75233987113,5994.14245381707,6202.51126996896,6335.45848048835,6211.82989065546,5908.21722372551,5329.87185376346,5333.85210198158,5605.37574946238,5492.835429685,5641.94390937043,5756.51906802924,5802.82891464055,5979.07410560201,6037.0511166847,6018.68283702082,6408.20531541844,6693.49083166558,6826.32273426217,6940.83702069857,6871.60941046828,7085.98834302657,7430.17241063333,7584.42136978245,7726.51985682502,7854.23395802299,7989.55926102644,8207.45746763548,8445.52914946306,8655.33965419113,9160.29437453794,9779.51149390415,10104.9092039753,9883.675670469,10285.0856660482,10612.4694861206,11001.5192856643,11151.1437869836,11422.6735793246,11714.7105980803,12084.4351325708,12468.5654531785,12679.5253643093,12877.6501010869,12242.2098908608,13146.6927918545,13686.1614090906,14318.8389652286,14866.5823676279
GDP per capita (constant 2015 US$),NY.GDP.PCAP.KD,Cote d'Ivoire,CIV,1495.16746754194,1584.79700802047,1544.73084077175,1701.85098116155,1925.78185183022,1795.15446525207,1927.01291240163,1939.09574002605,2099.19940540587,2209.89957239449,2340.31065205636,2453.14652785489,2445.07611276194,2475.02677039287,2466.81998522238,2551.2970644557,2765.86772079083,2861.15876809449,3055.94030479339,3010.66074752137,2576.91660095729,2562.42591923373,2466.30363782942,2276.86700017061,2128.64190478015,2138.06011188618,2123.07460132975,2035.62090959375,1981.38877451772,1962.42170003804,1866.0785698741,1794.12062566918,1719.71261335163,1649.47036183619,1598.69239055813,1647.08777075504,1706.97650014485,1801.13163122133,1808.42289027986,1770.86540389357,1717.95385651231,1636.57318705218,1551.27925902838,1441.58801755037,1451.86547141894,1431.73320203111,1437.77453798586,1420.1738958245,1454.62731800082,1473.9183699329,1540.52927270246,1426.46463864534,1503.43433046682,1632.32712787006,1742.53693001178,1814.71855088017,1889.27777949938,1972.81431788947,2013.32307598499,2093.09994335779,2055.08483996432,2146.47635317946,2227.09845246984,2312.13337034704,2390.74710632192
GDP per capita (constant 2015 US$),NY.GDP.PCAP.KD,Croatia,HRV,..,..,..,..,..,..,..,..,..,..,..,..,..,..,..,..,..,..,..,..,..,..,..,..,..,..,..,..,..,..,9753.60487836725,7841.71300315166,7094.46747950951,6490.1397943525,6794.98507415394,7304.45852898653,7857.72262122232,8383.1827782947,8577.21251426078,8541.23941776512,8879.96498049361,9515.40905552687,10061.694309434,10618.9433102196,11058.7184484755,11522.3950059819,12105.053757832,12719.0032844824,12970.9291075827,12099.7971276004,11965.4854792127,11995.1325319122,11780.5330067439,11839.2458156921,11863.8584044911,12285.3032582105,12849.34640034,13485.8816667037,14060.7189510749,14641.2298817935,13544.9715102628,15394.4707328085,16616.3915356348,17147.1660226623,17770.8686584043
GDP per capita (constant 2015 US$),NY.GDP.PCAP.KD,Cuba,CUB,..,..,..,..,..,..,..,..,..,..,2620.08770849073,2795.975227427,2884.41117375584,2941.1069301794,2932.40455689131,3174.5497646957,3314.86184023098,3574.73735429822,3785.5968529222,3806.65442247557,3606.74390099913,4297.33730540661,4650.66605560812,4863.89364258073,5206.71097026126,5246.13530193757,5206.52966743673,5036.67220086788,5174.62120636915,5160.02681276118,4961.45738860948,4395.45493473446,3861.87437370304,3270.55047645542,3280.38453264476,3348.88763214863,3599.32498555978,3687.42530352589,3680.98418008951,3895.54643322661,4112.26168350671,4229.90309433356,4277.39565642359,4426.96599591833,4670.18802138025,5182.35283601732,5799.41163668615,6215.76603727772,6469.08507847668,6561.25305093006,6716.49048497058,6902.16397571139,7109.24834185635,7307.82004410741,7392.48324633027,7727.91997207998,7774.0698462623,7927.27769340823,8120.43123558256,8124.75282059108,7252.31672155863,7379.01400369289,7552.33152218841,7433.42885399673,..
GDP per capita (constant 2015 US$),NY.GDP.PCAP.KD,Curacao,CUW,..,..,..,..,..,..,..,..,..,..,..,..,..,..,..,..,..,..,..,..,..,..,..,..,..,..,..,..,..,..,..,..,..,..,..,..,..,..,..,..,21523.6458973702,22171.0655460422,22231.8793091625,21840.8913168396,21512.1116035171,21112.3219220136,20913.6630394407,21011.1570622011,21202.4305115575,20952.8998451864,20706.4374577658,20518.0986087103,20277.5111916571,19921.4770634064,19529.5286704975,19361.8130008678,18953.0537415003,18651.4798142441,18355.1767135889,17980.5299262806,14901.2436825212,15787.3376825672,17307.719460018,17363.1343697039,..
GDP per capita (constant 2015 US$),NY.GDP.PCAP.KD,Cyprus,CYP,..,..,..,..,..,..,..,..,..,..,..,..,..,..,..,6173.318359375,7484.83203125,8708.4501953125,9350.990234375,10197.662109375,10667.8388671875,10756.2568359375,11269.8154296875,11801.1923828125,12669.4951171875,13127.52734375,13458.5263671875,14253.5576171875,15322.6865234375,16306.328125,17144.46875,16829.912109375,17928.541015625,17623.28515625,18281.021484375,19453.845703125,19385.287109375,19617.185546875,20562.296875,21349.75,22383.96484375,23019.25,23604.189453125,23930.783203125,24799.6484375,25631.3671875,26395.50390625,27156.818359375,27449.2265625,26183.685546875,26090.048828125,25538.78125,24285.49609375,22738.490234375,22581.828125,23487.228515625,24916.6328125,26105.5859375,27406.4765625,28625.779296875,27391.591796875,30228.03515625,31967.541015625,32340.841796875,32998.671875
GDP per capita (constant 2015 US$),NY.GDP.PCAP.KD,Czechia,CZE,..,..,..,..,..,..,..,..,..,..,..,..,..,..,..,..,..,..,..,..,..,..,..,..,..,..,..,..,..,..,11900.5844581421,10543.6195982395,10479.4918667877,10475.0849147458,10775.9443891717,11453.3800188807,11944.7171474526,11886.3480904927,11850.8396211995,12026.4688076608,12543.9364342367,12958.4667607533,13179.9878092741,13618.9349633164,14259.63342798,15147.7214417611,16107.3042502688,16892.542854974,17190.6470333289,16272.8084766719,16665.9317825137,16926.2846674435,16772.3539223328,16759.7808635642,17118.0425571578,17931.5987670768,18359.0978103904,19257.6930680911,19736.6295261285,20360.0599221814,19233.1469549829,20373.8783043424,20627.348651011,20251.7485519779,20444.5430676362
GDP per capita (constant 2015 US$),NY.GDP.PCAP.KD,Denmark,DNK,17520.7464776552,18508.6964401749,19405.8956842218,19376.2803360642,21003.910993375,21790.2312308939,22208.4289164776,23330.9951603698,24546.6538531,26071.0399461977,26356.1270235795,27005.3650723112,27871.0435404766,29010.5191457583,28597.3223069695,28112.9709503213,29723.0911052326,30218.9600410319,30853.3720106472,32025.1913498041,31745.9167880971,31519.6358133961,32770.4867216483,33663.5864707769,35142.7674562678,36587.4452915,38268.0683940959,38396.5670749076,38482.6663594586,38727.7183764143,39306.7939232431,39776.5961774467,40447.2328284958,40280.8935863909,42270.6520867615,43328.5293418439,44331.6199637443,45546.5896151864,46437.1921069175,47657.1731901716,49266.9882757886,49557.1509962227,49624.5965359582,49708.0909084109,50956.3045398814,52015.1841169021,53823.1590295482,54113.9771471341,53572.5346568185,50635.9118061988,51209.4492757775,51667.5313210425,51470.689845427,51970.3909324806,52368.3625969272,53094.0133607574,54300.2039621991,55601.0145717787,56355.0733084714,57114.6227336347,55934.5555945523,59803.9202218941,60248.671222365,61295.9818625045,63229.9479713724
GDP per capita (constant 2015 US$),NY.GDP.PCAP.KD,Djibouti,DJI,..,..,..,..,..,..,..,..,..,..,..,..,..,..,..,..,..,..,..,..,..,..,..,..,..,..,..,..,..,..,..,..,..,..,..,..,..,..,..,..,..,..,..,..,..,..,..,..,..,..,..,..,..,2140.13769442336,2253.14082249768,2376.12554719873,2502.85181449431,2596.45134698268,2677.1650334451,2781.94350113484,2773.40661780097,2854.15987035097,2959.78673011268,3134.30076618172,3276.07867821377
GDP per capita (constant 2015 US$),NY.GDP.PCAP.KD,Dominica,DMA,..,..,..,..,..,..,..,..,..,..,..,..,..,..,..,..,..,3222.03445602807,3545.92645492317,2885.5951976828,3266.22842715523,3624.75009709886,3789.84213980664,3904.07087573657,4085.35549372837,4161.42448954896,4476.86828445206,4784.91430397708,5189.25475375496,5212.9284610785,5536.87901663923,5638.30709879675,5750.3255972116,5865.4762401527,5863.78283825603,6042.20177483025,6235.05937303941,6381.53987307809,6639.15945984419,6687.23996694847,6879.59746131755,6897.65674086518,6676.97271467957,7047.66189595946,7323.8530008275,7381.74728529453,7698.53701483824,8106.18951878325,8682.57378179773,8582.71481435718,8574.27308682238,8553.8384670104,8532.34388117289,8459.6586988024,8576.26367623609,8282.59874702141,8499.52291903149,7985.6341102129,8261.16492553236,8624.51695993537,7302.94454951254,7738.31730070386,8590.92209069816,8946.98822588042,9172.71049624795
GDP per capita (constant 2015 US$),NY.GDP.PCAP.KD,Dominican Republic,DOM,1375.70722441446,1302.09311295911,1477.33268421226,1525.89213859357,1580.5448060214,1343.16948780225,1480.13901665748,1485.05706405048,1446.25743538776,1558.83667851989,1791.74554486529,1931.67320638194,2073.93932780423,2277.57291281564,2349.43576348151,2406.52288317358,2502.18412803502,2560.10264345997,2549.46562523603,2599.28947919132,2738.15968545396,2787.51516595226,2769.43026558087,2831.5437390584,2802.38052005369,2682.5999751972,2717.57529794529,2929.52596237452,2930.1670825539,2995.08174979838,2772.77065608381,2741.93908143923,2989.60630229953,3147.67060324766,3167.94494108567,3286.36149249382,3419.50600399521,3659.50819044162,3840.8718026365,4004.19876842647,4123.10573163115,4158.98430282429,4280.80182397408,4162.66686117661,4212.01044121773,4549.24957008857,4904.71715839398,5204.78500652254,5308.92664966814,5294.64953374426,5666.45633430206,5773.57403459156,5860.29893321013,6075.03399972737,6430.27811051339,6800.95309395474,7177.75376475488,7379.39978067137,7818.70593240469,8117.04639185786,7395.8734262396,8344.90510312395,8698.13592094395,8809.96335385949,9168.29474681395
GDP per capita (constant 2015 US$),NY.GDP.PCAP.KD,Ecuador,ECU,2391.68004251383,2444.25902868187,2492.22622730745,2472.24896775318,2578.95935355031,2586.06761738802,2501.91557877735,2540.66169170091,2513.00216143129,2553.05924747148,2648.64798630584,2733.31598864156,2787.37877576185,3085.04290357147,3333.36860850118,3595.34513644445,3754.40921384736,3710.30597994154,3815.91235332704,3852.47842136509,3889.17817173943,3999.2219866679,3918.96098102769,3804.53281852482,3803.57698971645,3852.89105504248,3888.31507228661,3785.72228032271,3916.01015186151,3866.16747717704,3919.71758067093,4000.56819787678,4000.03146191686,3996.99377481811,4087.34069011974,4100.68735341031,4093.84154476335,4192.85523208483,4252.04348649475,3979.19293611513,3953.39879728357,4049.0001889951,4174.89793579965,4220.21298466638,4430.23717984188,4589.32849203452,4706.98056823816,4715.30359842555,4939.90215021789,4909.33681705683,5022.20374387205,5359.45724615639,5579.85624282158,5893.32172683036,6055.04172761485,5976.1596805651,5849.13587933672,6104.27253521751,6063.0956178776,5971.38938386723,5355.68934196443,5815.09477390949,6107.49495006543,6174.81822806637,5999.39391066593
GDP per capita (constant 2015 US$),NY.GDP.PCAP.KD,"Egypt, Arab Rep.",EGY,754.665127408056,773.359952691562,782.464128955335,842.326112348388,915.128632875069,935.954213451495,958.850656911766,942.860658091527,905.16466450931,930.030902264785,959.056055292103,975.172435736887,982.105208413219,993.429316293112,985.86207772329,1048.96951157098,1160.79193679355,1235.69710073247,1309.77615131996,1335.53152120136,1431.40108168965,1495.85483053225,1599.40083221654,1632.38201364179,1738.32577314685,1785.07842980601,1817.07625746528,1835.1134262347,1882.26797772878,1921.85630400049,1972.13789303215,1940.10019358455,1979.02010131221,1989.9792002068,2024.95373805139,2074.8399114013,2133.64804177125,2204.66575942323,2277.28504834543,2361.86425101237,2458.60835003016,2492.03441188721,2498.48121191713,2524.80477192682,2574.42341789124,2635.70305227819,2761.62410769792,2902.06559804963,3052.21297844721,3135.09661303014,3233.84521246786,3222.37650111856,3220.99194203067,3216.3783902629,3235.66246235257,3306.98159414141,3381.22246306207,3452.90961245539,3568.63966286161,3701.2446345188,3770.86947867421,3837.31992324447,4029.78295457978,4111.3118478995,4137.60929232898
GDP per capita (constant 2015 US$),NY.GDP.PCAP.KD,El Salvador,SLV,..,..,..,..,..,2636.99661875982,2747.27195376382,2816.01216463995,2827.32143813783,2847.56496825494,2858.56429944097,2898.75101500994,3004.66954382527,3077.74959330351,3168.28127650095,3189.0656409164,3278.58861289779,3426.85616236824,3532.98751537256,3320.1122024217,2757.38812393103,2582.45156646321,2392.38390078794,2385.3964125653,2371.58493413585,2339.0115535039,2297.53500731075,2309.06459110733,2305.62179387936,2282.53716167277,2348.20460167761,2341.93382299132,2465.75989060719,2574.95134564317,2670.21278543567,2773.32529027549,2775.04629038695,2842.88487409077,2900.32064261101,2946.4330235012,2964.89346881406,2978.59734844669,3016.06307728602,3057.16467629097,3081.23629665234,3163.36118376833,3302.34817354347,3359.1623024135,3420.44927357444,3337.81150878211,3398.49346060363,3514.069144355,3601.44222914588,3665.1547327058,3713.94992016222,3790.34089108162,3875.84691357954,3954.84014277572,4046.16291720583,4143.11437097867,3808.53195436409,4247.54750394978,4355.96083888359,4489.17787712717,4585.22599757795
GDP per capita (constant 2015 US$),NY.GDP.PCAP.KD,Equatorial Guinea,GNQ,..,..,..,..,..,..,..,..,..,..,..,..,..,..,..,..,..,..,..,..,457.608857542671,460.694903212463,443.126779908143,436.571815905833,415.030661056574,443.495676350693,412.631312540002,412.790221907507,407.241360186669,387.128291910418,366.314404747023,349.352882285968,453.637813917068,485.392231712925,545.595470854948,617.294826128754,989.777266733629,2380.32106827232,2833.33184629343,3423.12126162912,3839.08642737128,5882.85050306586,6604.0054631081,7082.65489186921,9208.60566707162,10212.4545051498,10521.9996774827,11594.9172068456,13048.0703050168,12627.862381545,10984.3243932426,11203.9073679091,11650.7196270884,10731.6455729191,10363.4872473549,9068.91003238645,7971.83401904573,7259.10936454803,6578.90039765711,6018.12066321865,5575.26241511492,5487.92479201992,5524.24312418579,5118.21986148331,5041.94038551173
GDP per capita (constant 2015 US$),NY.GDP.PCAP.KD,Eritrea,ERI,..,..,..,..,..,..,..,..,..,..,..,..,..,..,..,..,..,..,..,..,..,..,..,..,..,..,..,..,..,..,..,..,642.072233527209,705.988405158037,829.915037227268,806.702995328956,838.660572635214,895.033773452053,899.082974199102,886.053679218386,845.132430060544,893.268735439193,889.009113592982,830.379672282601,808.591420184592,809.794793468889,789.402432018085,789.072701743247,693.398874212494,702.430936480778,703.877374381654,751.374899794668,..,..,..,..,..,..,..,..,..,..,..,..,..
GDP per capita (constant 2015 US$),NY.GDP.PCAP.KD,Estonia,EST,..,..,..,..,..,..,..,..,..,..,..,..,..,..,..,..,..,..,..,..,..,..,..,..,..,..,..,..,..,..,9341.22561480009,8637.20598149255,6934.17066642789,6706.56000129024,6738.99914418874,7170.94607721168,7637.25708286963,8732.99085657194,9199.93534127632,9133.89593384355,10006.7696280939,10662.9455020331,11474.6622721923,12424.0441535693,13348.5284463324,14703.6179707772,16234.5152041417,17543.4661785723,16688.997772178,14274.8511086787,14657.939813612,15820.922342204,16460.6843479001,16809.5326683781,17413.6867560212,17722.1557669523,18264.9873304279,19270.8141210511,19914.3454922878,20579.8756732376,19946.945696898,21351.3954794853,21080.6531409009,20123.4227027316,20046.0298759116
GDP per capita (constant 2015 US$),NY.GDP.PCAP.KD,Eswatini,SWZ,..,..,..,..,..,..,..,..,..,..,910.784208429199,1008.60294852022,1034.53753012706,1096.6435151894,1126.81525902092,1246.40998870135,1183.4933205344,1157.79192192753,1135.13787682105,1132.37989283727,1231.85117109818,1366.04547510364,1336.88546580947,1309.21650135762,1345.32723351628,1346.09900331122,1452.49839878611,1601.28376544207,1629.70175790553,1756.64800104808,2041.48164515822,1995.61859906821,1983.08126044872,1985.94278077641,2033.84108765919,2133.69858719419,2172.23324650355,2202.2689236188,2230.7681479368,2271.79977854135,2288.1859079469,2291.0910767816,2372.53399061179,2447.82157729362,2521.26197648362,2657.98544901873,2803.19134323489,2910.69700039141,2914.87429866549,2941.57575783243,3035.32777964884,3086.37215510448,3235.47890805132,3342.18695835877,3371.35427308353,3420.75357067279,3559.85099149342,3584.61802626857,3560.81449068718,3742.38415901165,3596.06416104047,3676.8490229898,3680.42326804666,3771.33819773849,3832.56834216458
GDP per capita (constant 2015 US$),NY.GDP.PCAP.KD,Ethiopia,ETH,..,240.267722018069,244.424431692123,248.969086386249,252.419740478843,259.915857989767,271.60348215663,275.270284643403,278.861265577108,275.061434693947,276.902884011507,287.023195789028,291.268461064723,298.112378618236,300.010118382265,296.414426867228,289.454156996896,291.670235643472,294.622554732376,287.089780464543,303.847990909372,309.296010987799,300.24593712377,316.020252495738,299.134295590365,258.416525420403,275.128117611222,302.765063691614,292.637021285122,280.592968440485,277.768887497322,247.009335840842,216.292535524802,236.266715425068,235.4623750444,241.526301068537,262.724718922724,262.411339258283,245.504476745904,250.235771300168,257.412698845664,270.451435406908,266.316614456911,252.806674812798,278.648105685268,302.475022727211,325.543392093065,352.360703147015,379.238310448137,401.068729929542,438.78661648794,474.159034335212,500.91935528473,539.072451759432,578.632922927814,621.845673808133,662.32729587522,706.164227383539,734.227726647201,774.512169656681,799.47559527955,822.305881122416,843.648005300445,876.168528913325,916.294136810201
GDP per capita (constant 2015 US$),NY.GDP.PCAP.KD,Faroe Islands,FRO,..,..,..,..,..,..,..,..,..,..,..,..,..,..,..,..,..,..,..,..,..,..,..,..,..,..,..,..,..,..,..,..,..,..,..,..,..,..,..,..,..,..,..,..,..,..,..,..,44623.0315871975,42378.2165335393,42333.5215714088,43946.251738291,47303.8655939098,50120.7530887167,52644.7898999399,52635.0375463609,52757.3960429144,53831.0294952424,54433.5931539501,56028.4173545459,54299.5934165413,56495.2991897127,57829.4905587025,58711.4748690929,..
GDP per capita (constant 2015 US$),NY.GDP.PCAP.KD,Fiji,FJI,2135.00105878315,2143.81526502037,2153.38612356857,2219.48310152695,2256.38661484794,2129.25178551159,2068.36187305753,2286.316195918,2413.46577481769,2424.80442802394,2679.36141139878,2811.3707688654,2970.33175273769,3263.55933965875,3299.67026025868,3268.68433677138,3302.90292538947,3426.10601182162,3408.49389477843,3735.04197584409,3588.63390261933,3725.85925523999,3420.1735595179,3206.53995665644,3392.64401369916,3159.91257016951,3333.21187945192,3066.12840815133,3062.15306450557,3257.20435665787,3414.95053196367,3295.72685663525,3471.43143724941,3522.84228065119,3682.00013774057,3755.26833560298,3910.82963547547,3785.466848893,3787.48702167735,4073.37708743896,3960.88903149999,3998.79729208866,4086.10434130576,4087.72449101022,4264.59723774175,4255.45097421846,4295.40679748343,4223.44800626706,4240.77265686856,4164.29314800855,4272.35915090198,4375.58085420338,4427.97844455036,4630.35126544716,4883.24300436249,5097.53106864695,5218.85823412744,5500.67840152348,5720.21447177107,5701.10435269429,4729.3813108251,4489.96060809938,5362.78680848613,5736.82886448243,5926.74107099777
GDP per capita (constant 2015 US$),NY.GDP.PCAP.KD,Finland,FIN,11153.7786172296,11917.5854933381,12189.7889339765,12501.53941724,13083.4676780612,13731.4119088192,14004.6459933912,14231.1051616385,14493.6699352119,15893.3097483357,17145.4187747689,17527.3886120219,18771.158896405,19968.3795286842,20507.0182141903,20784.6883614587,20793.4910663419,20785.0684867374,21330.5987748157,22791.4236217199,23945.0603707378,24150.5782368449,24756.9389223507,25373.6804022849,26052.7867322716,26862.7992099895,27513.38864514,28412.4497948666,29811.9509398364,31214.6750164216,31291.5222587198,29290.9773950558,28162.3512348846,27807.8614663327,28785.9195720485,29890.5243289925,30883.8347237846,32762.1179107575,34457.4555939742,35886.4949080548,37872.6020343504,38784.1308115726,39343.0698997627,40038.9839702277,41521.962874476,42529.3506920884,44069.3958834717,46213.6898975737,46359.8732844055,42412.5133513534,43556.5385834368,44391.4535667984,43507.9345371578,42883.6384986417,42502.4880199858,42560.3456767103,43529.6761616969,44862.220404205,45337.2409550575,45898.5708448954,44690.9801103074,45792.0454180872,46016.1492103929,45353.4530466713,44855.3304642764
GDP per capita (constant 2015 US$),NY.GDP.PCAP.KD,France,FRA,10733.3038899459,11133.1470686108,11779.2903955997,12384.5365831477,13040.5666998507,13537.0486196745,14119.5206405049,14690.8074721676,15227.4770152884,16176.7441012594,17024.1166966733,17763.4267121853,18407.1540107699,19465.8926495506,20244.6170738093,19922.0019480375,20707.7547183879,21347.5558418814,22078.7228161384,22792.2359498683,23050.9255953042,23186.7612665684,23666.5121788084,23836.4018927227,24102.0176176027,24358.1382748825,24813.0302579158,25308.620924146,26374.1221811161,27372.0534763161,27992.9751471374,28197.2359540607,28482.5194675509,28257.0962487817,28822.5006495069,29379.6158424052,29683.7786067651,30325.522871824,31256.5073830655,32152.7207478734,33255.1379642335,33640.6738002565,33753.5782979758,33840.6175720101,34557.1471111581,34946.0372494703,35645.4162427116,36322.1685141004,36257.3658930938,35052.8510772683,35578.1968010183,36269.9561530888,36161.2918253465,36256.086680981,36444.3949089146,36702.4323733379,36920.5342846914,37580.5979329356,38062.4435961412,38705.2072940618,35709.2045925926,38030.8571685178,38881.2230613595,39117.4845032233,39441.2610467049
GDP per capita (constant 2015 US$),NY.GDP.PCAP.KD,French Polynesia,PYF,..,..,..,..,..,22551.4207622336,23889.2801942621,21996.5927710196,24425.352753903,22958.074991764,22533.6271085673,24396.1826734873,22498.9843409954,23481.7486775955,26842.4394459444,24748.5205023394,25989.8595696272,25747.4034494186,27425.7253266427,27609.580614755,26874.2991438109,26725.4158088119,26341.0551801214,26176.683754784,26078.0110684892,25129.1871483302,27814.2610581472,27460.4917774246,25828.9031876603,25798.1160369159,25307.7045477138,25731.776022059,24899.5108111715,24158.449666239,23373.7127446694,22928.4986555237,22434.729936296,22051.9807859615,22071.0627604129,22136.2587286349,22498.8285530328,22076.5919162624,21932.9195333418,22055.6419702196,21919.9410589378,21661.4244664054,21545.5997136473,21648.532237682,21493.4178311249,20499.7723032831,19913.0252687915,19241.6437951625,18968.4422157904,18930.1268887012,18928.1858620128,19166.9594761931,19516.0718353276,20287.7685831663,20687.4899594195,21305.5211608622,19790.8686331117,20163.2925023796,21019.8374847547,21592.7969445558,..
GDP per capita (constant 2015 US$),NY.GDP.PCAP.KD,Gabon,GAB,3311.29693814036,3756.64160763217,3987.37302717701,4176.14999511174,4307.94711821812,4601.58264952403,4738.29146948499,4857.54224653835,4899.79966024679,5195.79922572595,5527.63605078666,5969.45075181197,6511.21796044723,7026.71576594733,9594.10323180831,11184.7241895352,14823.8829930465,12653.3137502918,9377.06283780252,9187.35765811771,9182.52680219592,9399.27026015795,8866.93461619978,9113.43670535789,9533.31659324811,9058.4995497615,8741.05138607781,7044.15674885946,7730.9357484059,8162.58240779554,8354.26309000876,8627.38985737905,8138.86821905371,8237.7433874389,8322.61010843084,8514.94009899596,8603.00813400361,8870.12550864019,8949.1211008365,7944.64517936466,7596.09970650519,7556.76995314898,7338.75620613605,7301.67154442842,7148.98713447497,7130.22505771754,6724.08148977274,6908.67399162999,6468.38523357609,6264.83611480154,6481.49612073562,6699.23394606512,6803.22668079211,6938.25753862236,6998.60545439576,7047.12654634355,6991.3251446736,6840.05959347802,6724.5961429108,6817.56879468764,6534.27966529444,6479.0490069252,6527.48207901861,6541.69710787282,6618.78692368246
GDP per capita (constant 2015 US$),NY.GDP.PCAP.KD,"Gambia, The",GMB,..,..,..,..,..,..,541.080188773137,526.393360555569,560.868340169724,558.54686424948,576.3284949378,559.62991364986,544.839051932197,577.941930022901,594.161379584551,648.280119394208,674.974030161572,676.455417537658,696.184905331213,664.353754557366,682.144429383382,680.763235791179,652.066636208096,696.849478073282,694.302648852541,662.008143550023,662.002325492942,651.245092357426,653.000030965074,663.331309889547,658.711165332156,651.229615381431,646.421031932611,641.918738488002,622.551318791124,609.618491441846,605.40992484126,617.297597679527,621.226058231623,642.873705091153,659.911237641141,679.539755947951,640.03893213613,665.834222326194,693.563314497133,658.676285443081,636.596026908866,637.20930597537,657.675679192228,681.433469086571,701.014524591061,625.464360270983,639.139881889048,638.522368532214,611.879472952196,619.536364296461,615.193365494386,628.777299272925,658.127833258563,682.797642940426,670.758642891251,689.49323955737,710.686979384658,727.838723407125,752.336018219393
GDP per capita (constant 2015 US$),NY.GDP.PCAP.KD,Georgia,GEO,1438.21569444633,1484.57936873597,1536.95623492798,1578.11918589518,1640.50449433996,1789.99342199708,1902.99606549797,2002.25561911472,2072.58285278926,2151.35584495054,2387.46810183883,2421.14178156344,2464.77210236436,2601.53891669817,2806.25364402928,2991.21007276643,3150.85725796529,3345.20714904597,3572.82135997741,3808.01905885908,3948.86535079512,4122.87659127008,4169.97924413232,4311.29871587326,4506.66813674822,4688.0718652506,4266.72494637357,4285.87259530389,4479.40018281131,4146.2568079811,3534.03227732782,2768.81016089293,1513.85017404463,1062.09528080207,966.419596225484,1029.48054628347,1187.123206219,1354.78352202066,1431.79336069224,1503.46298776734,1561.19867638847,1661.83019106421,1768.5970116888,1977.46143338741,2105.00472843799,2321.60084285163,2554.81253503914,2891.13702331846,2970.15858282428,2887.25607935922,3090.06513662318,3362.1030031968,3609.780798626,3806.50600649051,3960.35080091901,4086.6223465965,4225.09154904806,4442.50744127374,4713.65354845303,4975.81148194814,4659.60925318234,5175.19865185825,5736.30449578597,6180.6206023429,6840.0090445366
GDP per capita (constant 2015 US$),NY.GDP.PCAP.KD,Germany,DEU,12600.3273992412,13041.1594720849,13524.6491075732,13766.5355388815,14562.8358894503,15196.3266164578,15493.8283796101,15372.215013494,16171.5531455437,17233.9697062465,18053.2877696478,18584.7134179179,19291.3926821626,20149.4771457641,20320.900896451,20220.0209844016,21311.9450152475,22075.2189133832,22759.1492956686,23693.2601863037,23977.2698576818,24067.4825489522,23995.2661838189,24436.5473264161,25213.38204825,25858.0588621429,26437.4177349407,26766.9600591944,27651.0362699101,28507.1621309974,29747.6909354385,31040.2935634693,31425.6476019368,30915.8728850114,31609.1102824496,31990.7949834569,32229.4778712612,32779.2802466297,33461.3192177074,34152.0032259735,35087.0891588694,35601.3628316391,35460.4121391449,35252.9745130135,35670.4870225493,36006.8578127742,37437.3918784909,38570.9146369495,38996.1434106777,36927.1920288238,38517.4397880176,40712.6577301892,40829.0348938423,40875.0262868442,41588.0763814971,41911.0109851054,42528.0637054999,43520.1864273682,43874.0130996238,44207.6320584483,42362.6472083477,43898.7713207389,44180.4298386858,44008.131158562,44108.7012570242
GDP per capita (constant 2015 US$),NY.GDP.PCAP.KD,Ghana,GHA,1100.76305218242,1106.49456785536,1124.53316411011,1146.37281080406,1144.13832736884,1132.30702640524,1058.32348060355,1064.83941805326,1043.06652540406,1078.40357133549,1152.05176710267,1179.06074375302,1117.82315272421,1117.34245836667,1159.77576208586,986.613046328261,924.779241630551,918.336702049617,966.366546263631,913.729023099301,891.578049368905,836.509660283615,756.294499573179,700.396045771895,741.569874205891,762.747783660855,784.937923659407,803.929610179043,829.017387585837,849.686579158456,855.85250708181,878.63570406594,890.313174799419,910.722897752222,918.428722656692,933.895311664356,954.325387944775,970.995739362631,992.20631798932,1010.88194916348,1022.27520714566,1035.22666053257,1052.46591644399,1077.69990866645,1108.30475353633,1143.31178934301,1185.26570738595,1205.31705804209,1282.63416886747,1311.63053760125,1381.2279503506,1537.81834019283,1640.54072088003,1718.59704769958,1726.36930134647,1722.77282833606,1740.81101902928,1841.44636153249,1915.4532323781,1999.55372220211,1970.19411460398,2030.04866500967,2067.20895910766,2091.8133564595,2169.66527337072
GDP per capita (constant 2015 US$),NY.GDP.PCAP.KD,Gibraltar,GIB,..,..,..,..,..,..,..,..,..,..,..,..,..,..,..,..,..,..,..,..,..,..,..,..,..,..,..,..,..,..,..,..,..,..,..,..,..,..,..,..,..,..,..,..,..,..,..,..,..,..,..,..,..,..,..,..,..,..,..,..,..,..,..,..,..
GDP per capita (constant 2015 US$),NY.GDP.PCAP.KD,Greece,GRC,4985.76049516035,5599.4972624979,5586.54223274246,6225.1293347158,6786.24148561981,7481.90330099547,7909.24507897853,8289.86933775607,8829.42258970423,9814.49791967552,10666.6208776244,11453.2123477243,12535.1276831236,13488.1243950179,12573.3482017471,13248.9212623097,13938.5385978162,14162.9910906399,14993.6891417866,15293.9313177537,15246.994403616,14876.1172004964,14617.2352230695,14375.6996589942,14591.8630536729,14900.0862258833,14927.7613419499,14541.8603092112,15110.414666476,15602.9733207597,15438.7937023583,15727.4735434744,15717.04638162,15374.8626265369,15604.0339944242,15857.4161930856,16005.9511569711,16501.0316491318,16973.8293714071,17358.4346978294,18002.9064613985,18742.4235780691,19548.3677447396,20632.2557041942,21688.1050959558,21880.5265835801,23220.5324419197,23973.6936091313,23923.8800731311,22878.1346644397,21547.724178239,19448.255802525,17924.6620496886,17644.8766635021,17903.5252440012,17980.7298238137,18049.928997892,18352.0884461258,18769.0389621976,19216.6759579785,17486.951333323,19232.9683327114,20595.4952639016,21139.1917042145,21654.3443122365
GDP per capita (constant 2015 US$),NY.GDP.PCAP.KD,Greenland,GRL,..,..,..,..,..,..,..,..,..,..,15375.1866638299,17088.6844499834,17731.0750292335,18667.3128228197,19533.1987515075,19619.7941752242,20747.1496877618,22714.6391462067,24179.2062679611,25149.988701843,27005.3259668971,26758.5557170795,25327.608421672,25901.4739745512,24280.2581215331,24931.4968474838,26551.2406001603,27705.0620966198,28883.818146464,30528.8015621406,26805.5496974442,26823.378375534,25544.2992633194,24303.8982888635,25604.5956883247,26416.5165028368,26772.6138141762,27117.3732945796,29169.0465812684,29570.9623369365,31623.0591501943,31914.1710964481,31483.6074780094,32787.9680355213,34961.9356097257,36681.8055890619,38828.8524943222,39896.875364094,42527.6668469766,42899.7441985862,43481.5161087805,42994.8790874739,43655.7004664255,43338.3839246907,45545.1429414917,44536.3549705377,46561.7831434013,46597.9452470348,47012.9860350276,48170.7896955512,48169.9406957389,48709.9339758895,49679.3365414895,49929.7755428605,..
GDP per capita (constant 2015 US$),NY.GDP.PCAP.KD,Grenada,GRD,..,..,..,..,..,..,..,..,..,..,..,..,..,..,..,..,..,3040.04156420967,3226.0984894223,3435.90423536845,3451.94417701718,3523.01454992859,3655.44815778464,3765.69268144747,3877.60851229182,4083.26775949669,4346.32354009777,4705.94265134243,4807.01372985656,4947.21594941974,5102.69172981553,5130.48257478522,5046.3110720505,4909.77076444883,4956.32245138997,5026.24215573734,5213.43103712383,5438.0445822801,6036.15899808614,6409.14591451052,6677.1265230922,6509.51660313374,6707.36873532777,7309.78547094579,7233.29494434962,8162.91232124727,7808.24358323434,8257.36225682689,8307.49221491819,7733.12990600058,7670.71165827663,7695.37616017287,7559.5628483956,7688.75297701343,8206.62862112333,8694.12438005692,8983.68397337899,9357.40728883583,9744.16919577204,9785.56040240592,8413.28335500372,8781.46248494156,9406.19337643226,9832.25221076638,10184.4028875327
GDP per capita (constant 2015 US$),NY.GDP.PCAP.KD,Guam,GUM,..,..,..,..,..,..,..,..,..,..,..,..,..,..,..,..,..,..,..,..,..,..,..,..,..,..,..,..,..,..,..,..,..,..,..,..,..,..,..,..,..,..,29576.221681311,29685.9531745657,31483.8141949558,32520.3729565352,31242.462900947,31385.0475162113,31941.2706025874,31988.7229358255,32644.1484056205,32665.3787483379,33404.9317636913,34044.3190415455,34755.2691107298,35165.7014644795,35373.8483143417,35850.9025520506,35731.2203743081,36830.1264410973,32884.8852646787,33239.4846327875,34627.9862781837,..,..
GDP per capita (constant 2015 US$),NY.GDP.PCAP.KD,Guatemala,GTM,1884.56056443374,1908.02908481676,1917.85323306065,2040.17130967918,2073.58812390759,2102.46662525948,2156.03832336216,2182.52498344355,2309.26040650702,2354.71144252896,2424.59976386119,2494.62949065215,2609.48872914818,2715.38695548122,2816.2639220601,2802.06425237779,2944.83083753657,3105.80777543407,3181.4680360863,3249.09614425271,3287.02403163916,3226.25966145647,3041.61606202344,2891.73069046532,2825.7206890401,2730.14361973812,2659.14135570998,2678.4880559523,2705.89964234904,2734.5568490264,2741.53805545416,2765.88205583741,2823.67204927184,2857.29620783721,2894.43108551789,2958.34832038808,2967.99349376183,3019.28714718742,3089.97586395315,3129.12068308331,3165.93228427232,3166.2034225502,3213.26828192736,3222.15459091458,3250.20396755362,3284.8096223167,3388.14993663631,3527.77817138578,3569.92850926098,3516.19217683281,3546.62571493701,3621.37399426819,3655.57305351208,3717.30452279907,3809.61576952923,3893.50522093509,3924.77883374916,3972.74046241476,4040.21201847257,4139.12192015295,4005.83899362197,4268.62845750072,4385.14877653813,4470.70711139938,4563.09576501374
GDP per capita (constant 2015 US$),NY.GDP.PCAP.KD,Guinea,GIN,..,..,..,..,..,..,..,..,..,..,454.021892849015,469.853004135626,472.476065773993,471.890918542322,488.622222643696,494.755008028771,525.693823301009,500.224866623139,525.818457287848,510.937903652384,515.075498240815,508.556746994401,507.412755095438,503.254700009446,499.099790230844,511.885502734728,514.948827108147,518.460706253598,536.935142790771,544.125289836889,548.371534819426,540.622747465388,540.768238017649,551.006742654772,555.962782286148,565.553359749505,574.302865750492,591.77353015526,601.907993085373,611.007685844967,614.137235083638,628.320554864936,650.554963973291,644.071217908894,645.182843390689,651.359606871604,645.472001923653,673.698997420626,684.775780377366,660.756701330284,675.736917327708,696.199991395571,719.505916794546,729.833143236326,738.272274481308,747.356966759448,807.236421043888,867.907502577607,899.907328045175,926.42221954853,945.570903389665,973.646890096159,987.502501465337,1016.88094800324,1049.08393842522
GDP per capita (constant 2015 US$),NY.GDP.PCAP.KD,Guinea-Bissau,GNB,..,..,..,..,..,..,..,..,..,..,530.038207842032,507.729108295228,539.728776699538,540.022721959447,545.743584355489,554.539611146607,545.716719833003,474.082444095876,502.503980418456,494.912807263144,411.228191061056,478.365016394864,490.618441344467,466.478485144929,500.948088022197,513.578560199997,501.441680283283,507.779967171681,522.568587226461,545.340640363452,569.169670374215,585.58551396824,574.852002556155,567.860072938098,568.168871993007,578.381849917403,632.160906920913,660.537774707954,502.81554020706,576.330795296558,571.094015178625,585.837980688333,594.040535151552,579.092506821836,572.526464627294,595.94255560187,597.257151722046,597.482020935948,608.958620496925,608.202131879882,625.904027290582,658.953470528116,630.66862302825,634.095456089352,623.610159103365,645.066837207039,663.242608032005,677.466131311367,686.456819839526,707.896202374227,706.600783420096,727.143395595501,750.731145294061,766.829225369396,786.210310987652
GDP per capita (constant 2015 US$),NY.GDP.PCAP.KD,Guyana,GUY,2733.67017377019,2795.91596559797,2765.60232706682,2373.894072225,2587.3374565389,2799.88924384382,2885.01083833356,2947.36722517736,2916.5864939663,3057.0032625233,3130.48106601695,3182.82907828322,3039.04595646039,3040.96521513223,3240.06449958436,3480.32677141053,3501.59054165487,3380.43034639294,3293.62021029982,3210.16797697625,3247.67276846022,3287.40767961686,2852.84256803946,2661.88012930901,2533.83411714106,2603.49640007679,2591.39934975717,2628.31843844379,2546.09160620841,2436.29631542227,2377.21795364949,2528.08038811696,2716.75893023455,2926.93693707006,3164.66777875426,3312.64996890674,3566.13499360957,3778.00652865741,3708.04637110615,3813.33057565798,3759.60789699989,3847.09461851367,3894.87107415198,3873.04123684261,3937.11435304522,3867.93308158647,4076.77981715707,4382.10449666813,4472.34517889699,4649.34144792756,4860.09110980566,5133.89539813637,5403.79899428921,5573.3421790463,5635.71704117947,5640.41560569466,5818.61682204646,5997.18271426826,6080.90612132746,6278.63054079553,9010.61000469878,10711.9973374148,17365.3336428642,23101.3538282741,32932.2135760422
GDP per capita (constant 2015 US$),NY.GDP.PCAP.KD,Haiti,HTI,1735.02657122509,1653.89922572987,1752.00306965988,1688.67112439859,1631.54071205727,1636.19814585485,1596.9765972586,1534.49796433614,1554.12753020636,1583.57820985315,1564.38895221073,1634.68963949244,1619.58759427436,1664.49081836292,1727.23666370029,1713.30379616486,1822.40734517244,1853.92218428991,1931.45229634864,2037.86816576864,2146.49092997378,2045.46255796987,1934.639428235,1914.43247559,1882.81789284203,1856.96811301461,1811.0858236738,1760.75045120756,1728.60254302384,1644.10374508487,1627.31264525633,1624.49598864977,1507.81872889823,1398.25464638175,1207.6605445003,1302.13491168553,1330.54039885269,1340.99702096807,1344.9390395747,1356.11344556059,1342.89490450523,1314.11419693969,1304.5293810385,1326.47161042212,1286.90282128221,1304.33303731231,1305.03813815611,1343.61111422048,1356.53400140048,1412.89653523429,1317.58389339746,1369.16921255852,1354.88546124499,1392.38204736859,1411.76834802154,1411.12684746796,1416.74881879698,1432.67228609541,1437.35251928349,1394.42114071112,1331.69778506932,1292.71954963551,1256.72143592448,1219.11871645847,1154.87300909888
GDP per capita (constant 2015 US$),NY.GDP.PCAP.KD,Honduras,HND,1206.66787324876,1194.76913521135,1228.42336850094,1236.80305038923,1267.1200588381,1342.51496538223,1374.4218253951,1414.99917821739,1465.08021353283,1432.03108888235,1440.57831629318,1453.78676002125,1491.54419629368,1561.16562638578,1498.0373465559,1485.20651103663,1590.73833699798,1702.08483039056,1748.67984266409,1790.8302162948,1747.33458626941,1674.49337660917,1591.31120399188,1558.69343094145,1609.30160914558,1651.29030993836,1690.2298031877,1752.0212527863,1733.09581607166,1731.04027011921,1729.83142779417,1625.63835833364,1676.07933528015,1734.98490158891,1690.04923489234,1744.49972831904,1727.67473897426,1757.25976292315,1772.76292776239,1714.07330337091,1789.47798512637,1789.18816032117,1807.97305547292,1842.29750018813,1908.90950050464,1975.85647913236,2056.53491469231,2134.19540639485,2175.14709403064,2076.30859895638,2108.47314459603,2144.56265540491,2188.39378817891,2205.40126728067,2229.24772232218,2271.20265980349,2315.72983058198,2383.37398439714,2430.13503657762,2447.61649282181,2189.43168668222,2423.76634916911,2482.22384904714,2527.27366333188,2573.37159995648
GDP per capita (constant 2015 US$),NY.GDP.PCAP.KD,"Hong Kong SAR, China",HKG,..,3956.04499798692,4333.86510028377,4847.36510379253,5139.84301227782,5739.61827935337,5791.11327872246,5737.14592330525,5807.43118117347,6363.76798081803,6782.72195748084,7122.12322387663,7728.33080545083,8435.94870970471,8370.90281509443,8254.09105536402,9468.58979029813,10427.2044259499,11085.8950391287,11709.2758408485,12553.1829547596,13397.3814007333,13580.0961456853,14174.7608802115,15436.0379710687,15386.7172144187,16876.3256481588,18945.7945099286,20386.3048781169,20635.6101401926,21357.3378673521,22388.7074746765,23585.7613541592,24621.7460403606,25526.524595054,25620.0813139656,25551.4312632185,26631.8462331837,24856.8095657653,25237.6873400037,26933.2625903122,26885.4586402706,27210.1053814274,28097.1363117749,30304.3273665324,32401.4023905402,34458.0453527129,36371.700188665,36924.1048376005,35938.6106493032,38090.0349982822,39656.3437262937,39887.8335718295,40959.9781577833,41796.8665669247,42432.1619740441,43087.5489578666,44380.8145772171,45280.5051888948,44195.2969768982,41451.3262581172,44530.9483473055,43281.7214533226,43546.7126755046,44724.5371370593
GDP per capita (constant 2015 US$),NY.GDP.PCAP.KD,Hungary,HUN,2083.73453150438,2172.00043807449,2296.96408080859,2421.36351492075,2527.17918682946,3589.00068091081,3842.95403341451,4115.82975822078,4300.99832211719,4578.61133669907,4775.63461335471,5057.23064571092,5349.7501812999,5700.48196481823,6009.926606028,6345.11763777185,6537.47467236477,7001.71841292803,7284.6242418966,7467.79903931781,7477.86543131122,7691.71541706686,7914.90849341219,7984.11697156818,8212.75572467309,8206.8823318677,8347.08001656719,8699.82535344135,8707.48356678489,8867.65103086672,8646.44754431988,7618.64029551674,7388.08229422743,7353.90020686221,7581.00102233039,7704.6409020455,7725.69980358198,7971.80554914825,8297.85419511945,8578.19506388065,8979.73578602949,9365.95393193015,9836.94065083321,10253.723920764,10786.4881991495,11272.7345428122,11734.4544729813,11791.7074416876,11929.7209867703,11142.885928524,11287.3686666108,11536.3578996772,11440.7622718825,11729.5720798501,12287.3779441033,12782.9412577973,13145.6559885563,13734.2442804335,14533.7783144312,15290.8085466331,14664.2971195385,15787.9535427563,16506.4721041768,16389.3914509189,16524.8168617828
GDP per capita (constant 2015 US$),NY.GDP.PCAP.KD,Iceland,ISL,13502.1906359585,13231.794784291,14068.8108209488,15241.5319011553,16452.5821725547,17349.7895996494,18551.1799846374,18024.2106066933,16801.8109804292,17044.1920044271,18219.601713222,20433.3194279648,21380.2926630147,22493.4173244737,23457.4403111313,23308.9967964204,24454.0623125512,26414.1002286636,27785.6351317837,28852.4774798344,30189.5207438145,31120.1230630922,31368.537041609,30290.028824868,31207.0423792604,31981.7362684234,33739.0880692994,36223.3545087286,35628.4410312692,35280.8854479061,35416.9516852498,34930.5329090419,33330.5288762782,33426.6881072134,34334.0958359996,34188.1600270419,35557.0790464561,37302.4600956015,39622.6045438036,40725.8860404808,42174.6650593404,43288.0763008799,43143.4605820114,43763.7756125094,46766.016848183,48850.7658808777,50731.6906753664,53646.3690104976,53821.4708095087,49527.3988380364,48193.7014101286,48933.5456639925,49191.5744141001,50946.816244297,51233.2440371844,52951.6815110898,55513.6423111384,56501.4576670531,57697.8044156909,57493.4195273629,52641.7234922236,54392.3831477619,57804.7610694483,59307.182202664,57954.5656713773
GDP per capita (constant 2015 US$),NY.GDP.PCAP.KD,India,IND,312.777847830375,316.739644666886,318.381945824671,329.641494853773,346.011883334459,329.392574458486,322.241317768205,340.080025744959,344.128288078914,358.966799420621,369.192480654411,367.03330975615,357.07792916052,360.637844062503,356.615069643548,380.159941374693,377.496025412265,395.443306821969,408.516944405283,378.219592785732,394.182239918298,408.153549798956,412.596737107488,432.429235395483,438.541705524351,450.966703866791,461.725611478711,469.209956302852,502.937342176693,521.073383845828,537.870269533789,531.898397841583,549.235069966802,563.372872328964,588.727892188017,620.699954330379,654.355928429641,667.598423095039,695.293709344799,742.53920839445,756.704109527449,778.507377528365,793.615912906381,841.278894571674,892.596614581612,947.732565646672,1008.23275343783,1069.24696813025,1086.50605251513,1155.10163274172,1235.15939133951,1281.61054354933,1333.09626557668,1399.4537980287,1484.31640682913,1583.99815907985,1694.46534973825,1788.69770318446,1883.35772705062,1936.03067741067,1806.50110583878,1965.30943437506,2098.2112447615,2270.9051808027,2396.71271858102
GDP per capita (constant 2015 US$),NY.GDP.PCAP.KD,Indonesia,IDN,597.734506697936,614.67800035292,608.672830748941,578.480952858822,582.039622009982,573.642474075567,575.863301570169,568.830963804607,614.066837154833,638.076485696931,667.649761220022,695.446971500357,724.833992058908,763.256635953719,800.65408027571,819.538910861999,854.39856737846,906.717766390934,944.755242951634,989.678300355954,1061.791789401,1119.39911020788,1118.38320739334,1139.00630123248,1191.59058771764,1195.12311547851,1240.06475649342,1276.13231995892,1324.37572952378,1396.699709074,1470.91822258528,1544.99580894527,1617.10954872218,1693.1074260189,1790.32729962455,1905.54236111238,2020.99148132509,2081.8416693962,1780.20049544892,1767.51466729756,1828.10265968361,1868.59172307292,1926.37435868149,1991.91820506473,2065.70617470842,2155.4478015921,2244.0802226202,2355.1528565328,2464.60193418272,2546.21969707767,2670.8129098953,2799.62468790318,2930.518445323,3055.24246006469,3170.72103011429,3288.22269725538,3416.81005170972,3553.51999262321,3701.32155461912,3850.90321738979,3739.44906563161,3850.68877253903,4024.91225288391,4192.65167890692,4367.86266621191
GDP per capita (constant 2015 US$),NY.GDP.PCAP.KD,"Iran, Islamic Rep.",IRN,2345.11087212964,2512.11791006453,2629.72819341092,2729.80655122362,2870.38012579818,3255.50135774215,3518.61621818272,3797.07696677173,4215.93673234612,4726.09252157202,5085.75681676835,5612.36301510843,6240.70077372589,6511.65454254454,6688.44521322136,6468.1223948876,7422.12860861166,6996.18431406878,5901.81296035876,5016.91486789934,3793.35429688212,3394.34358172067,3965.27550470444,4236.71681089405,3788.977628582,3720.53262273169,3234.88543131802,3115.61803177017,2833.18757791547,2920.36931132344,3222.20102704478,3534.65396419326,3579.73221786542,3514.51966573319,3448.25956880387,3492.17204968494,3674.0326860468,3679.27534912763,3704.56563043005,3725.31745830681,3885.30183362976,3917.29935490307,4198.95356080112,4511.4313402737,4607.45169101785,4650.3584147747,4778.79345868067,5084.71796041484,5035.94008526563,5023.89314380531,5249.06133359393,5321.75870744451,5058.64637811833,4916.97291948474,5093.20319702186,4952.73355532178,5312.61724954192,5381.18709991831,5215.34606957702,5000.98599002449,5127.95975696418,5325.54680453553,5460.69457075433,5667.52646126961,5778.65617219133
GDP per capita (constant 2015 US$),NY.GDP.PCAP.KD,Iraq,IRQ,997.925581506413,1045.35159413524,1061.12493114338,1051.08048848022,1167.09649202161,1249.76156739787,1268.03983724558,1117.05793442321,1290.03189560145,1286.79354274415,1299.35892720761,1322.70187022675,1325.75580274961,1337.44392023958,1501.23712514077,1633.76336398088,1852.73076542325,1826.17052819415,2066.87426184461,2419.11515236455,2924.31916822628,2817.12121531585,2833.0144210139,2390.54919750291,2282.72261735824,2260.87632149079,2308.44327504947,2454.9950238006,2398.23797711999,2262.47044477723,3526.57925126853,1254.6305738573,1615.03903542829,2005.56353163967,1985.79691950751,1961.09255088401,2108.82328338078,2478.84310444448,3242.95733892163,3691.74051342002,4172.78025105244,4116.09405320279,3660.92527507177,2250.06990123369,3354.26588756715,3310.86344473993,3471.98744698568,3565.58054079041,3781.78001712762,3768.17284328983,3881.94327045302,4030.01686860986,4387.90469058707,4504.82687537354,4446.97343234862,4440.14189252367,4932.9272911439,4736.32710809857,4749.00921836896,4898.14897652265,4213.99843766061,4182.5006404573,4412.99733146512,4337.08705324182,4180.29619477317
GDP per capita (constant 2015 US$),NY.GDP.PCAP.KD,Ireland,IRL,8532.5971195627,8973.93141487425,9224.52389363451,9605.96804983564,9921.30314738828,10075.3425110019,10124.8575827565,10660.2805241457,11487.2595383967,12089.9470094364,12308.3571809075,12587.3195623459,13206.4717890668,13609.9593397738,13956.6327301337,14505.4694307546,14487.4973257357,15466.2311094153,16344.2017812261,16623.5097520433,16939.3354902804,17298.8386014865,17527.3601657653,17361.0241830328,18005.0625288167,18530.9427455918,18443.1869551622,19301.2081991281,20395.2737407407,21666.7233990439,23481.312789082,23797.2065677985,24425.5976453426,24958.2199373691,26290.9314925337,28676.5104906438,30550.0362431282,33578.7616090635,36143.3423368902,39501.3763624908,42643.6343973429,44196.9160883397,46022.1411657126,46643.157670155,48906.9630689605,50599.6044822938,51710.3622722266,52904.4732631139,49512.4262943009,46514.5426665922,47040.3543944159,47607.8853496781,47217.44319652,47999.1238187925,52098.1049907962,64311.8234684057,64267.5727331783,69777.9773596176,73960.9612252979,76464.5428903812,80908.7924330406,92757.2299985155,98776.1598658208,91647.7687003945,91514.3328443284
GDP per capita (constant 2015 US$),NY.GDP.PCAP.KD,Isle of Man,IMN,..,..,..,..,..,..,..,..,..,..,..,..,..,..,..,..,..,..,..,..,..,..,..,..,18303.4356649234,18416.3589164412,21835.2224329301,23666.1501333527,26035.8540320139,27362.5680646573,28042.4441205102,28128.4485818915,28133.8324364624,28694.4160940259,29676.1422111499,30802.8930909929,32928.8324560471,35337.9128286621,39591.5712572814,44456.4562710624,46274.9709691403,48252.7638498277,50714.5824703383,53224.3527757804,55464.0220993356,58201.5990838178,62075.7601604994,66029.9755907183,68520.6825624937,69192.0258221691,70747.8417587183,71727.5055082703,77009.2978612012,80383.8273088527,84778.5806639347,84753.5187422732,90783.7647245394,93200.3108083857,95040.4061748938,95110.1385990737,86595.0676099275,89873.5420093569,86103.3379308107,..,..
GDP per capita (constant 2015 US$),NY.GDP.PCAP.KD,Israel,ISR,8790.7911554189,9458.13687828878,9927.99616951036,10592.5873830972,10989.8657539568,11567.4413031321,11268.0634561838,11115.1102526821,12653.070264187,13999.9455320671,14532.9793038641,15625.3671159096,17083.5581069719,17322.7350310729,17903.8626296703,18067.1479510616,17725.2502873001,17512.2191827589,18099.307037421,18735.4522789299,18596.520662948,19203.3160935231,19238.4914154887,19526.2738082057,19452.6027564961,19884.1001311996,20399.2126365978,21505.4867799468,21767.5933148169,21524.4315384511,22395.1118825784,22716.5668753642,23647.7824286474,23975.4686313192,25097.9901268886,26050.7265906943,26859.877460854,27143.4560040151,27620.6563115809,27814.0260563783,29413.4894578106,28808.1300136037,28195.8676389139,28092.6176251486,28883.247588548,29623.7172812577,30734.9619835354,32103.1628576567,32554.0413211945,32178.5727387015,33344.7213294093,34540.6749784398,34738.6587001,35489.5086561247,36129.3146105805,36213.1041481958,37093.7879065422,37963.0491190696,38729.6426036983,39407.2016076709,37935.5432717179,40804.9689802536,42516.3888090274,42011.6213954855,41845.1660567523
GDP per capita (constant 2015 US$),NY.GDP.PCAP.KD,Italy,ITA,9731.19625431272,10459.7143639693,11033.6888644808,11567.9458708023,11794.160836144,12077.4620220618,12701.1618810511,13514.7573630856,14308.5594212193,15095.4127884527,15813.2011158569,16025.7748802391,16523.1331589998,17580.9120841639,18426.9080027171,17934.3228648852,19116.6107624269,19522.996928617,20083.8802093996,21219.2669637857,21901.9268708549,22060.3287067697,22135.1628545397,22385.8416028019,23102.8115427941,23742.3854949723,24420.0802858599,25196.9881183266,26241.1619056876,27109.970559768,27625.1792306413,28030.7653841073,28245.4271054692,27987.4328969281,28583.6255328648,29408.3209572297,29795.6597750915,30353.3778243995,30892.1758654455,31405.2609007683,32609.66746283,33243.599343976,33267.4474482048,33110.1698494812,33348.9744820456,33407.6754716472,33873.0493680093,34159.9109244074,33550.6340800063,31587.0638416305,31928.5543621096,32039.5032494316,30953.4147447427,30330.0221599668,30325.0287793923,30639.8829751432,31077.6792675211,31635.52277108,31819.3971830067,32180.4341017428,29469.7989238626,32267.7091050201,33891.8866526216,34146.0232257736,34398.1976083072
GDP per capita (constant 2015 US$),NY.GDP.PCAP.KD,Jamaica,JAM,..,..,..,..,..,..,3921.00935309881,3944.82548798555,4123.87846904044,4303.63706969688,4763.60870212566,4815.24378258094,5600.57366955816,5213.25511148136,4918.3241866431,4837.51198317753,4454.98937395018,4286.71330252661,4234.95982449038,4141.33626862556,3857.06560523691,3907.58697446355,3934.02360959253,3953.61769742344,3841.5352461486,3685.98177190848,3720.50349185959,3982.11263584947,4112.19683175958,4377.06293161647,4526.50158033557,4704.01221131635,4748.8620376888,5142.58833722087,5160.43078083609,5229.03065650039,5172.78238096286,5066.85281118608,4906.41449499044,4919.41743283505,4928.33186965499,4963.06605880593,5031.19562964287,5184.14287189691,5222.09797276321,5239.67288765766,5363.82688785661,5414.9087912012,5347.63272984199,5094.03085966818,4998.66716716921,5063.19378701103,5010.45966015885,5016.03133158485,5032.44261647028,5062.8955502426,5119.03970443981,5159.34335938187,5248.77400708373,5289.65490884076,4752.33340904481,4958.84580039288,5215.08605772144,5349.71177670235,5312.40067919049
GDP per capita (constant 2015 US$),NY.GDP.PCAP.KD,Japan,JPN,6388.87810066035,7094.47046455559,7655.05526032496,8219.98739661789,9084.79518055673,9510.54956579433,10426.6399028169,11462.9263865777,12794.6236237979,14221.0523672628,14114.3158179311,14456.8211953298,15455.1369428917,16463.2791725063,16046.7846823735,16333.6748183565,16801.9250305932,17370.6165468128,18120.7284269863,18953.3339136853,19334.3747441799,20011.8292508515,20525.2958514217,21122.9648423607,21912.1518618966,22898.9942415029,23527.7125188746,24503.0845657844,26026.8648821365,27199.9399695936,28422.2131194472,29308.2740881269,29462.6539671073,29232.4397928009,29466.7552451648,30171.1637924153,31046.1701544217,31276.1930771989,30795.0888900919,30636.2661169604,31430.631130325,31476.0520665746,31416.1241772309,31830.217584972,32515.1158024695,33098.5474664881,33531.518563066,33990.0360341367,33557.6454041595,31651.0837739562,32942.2020783835,33011.1342301291,33518.4449368599,34239.8862473488,34386.9058552671,34960.6393843385,35242.199377148,35861.9728545672,36138.5290824814,36043.7844013518,34642.9718743239,35741.1601062924,36238.3294895302,36952.5150709861,37144.9142660116
GDP per capita (constant 2015 US$),NY.GDP.PCAP.KD,Jordan,JOR,..,..,..,..,..,..,..,..,..,..,..,..,..,..,..,..,2926.45125614878,3073.82095340642,3415.76551832763,3991.69034157644,4278.6328839702,4816.74408026333,4939.75537300451,4619.9825173175,4605.21127002269,4280.41643791534,4312.61101897606,4213.3547984474,4080.28749525417,3472.2250968608,3202.33686003165,3010.13731183677,3264.84472634328,3238.47541692105,3240.44545104214,3303.28717864788,3262.10615178904,3280.69793184873,3302.29942733776,3341.65644275163,3412.07673213708,3518.76635312228,3644.62434644332,3713.15193593268,3935.15704743447,4151.61313015439,4209.86864014361,4287.35229821209,4489.95545537311,4615.23067817324,4621.5742854131,4631.67703841605,4677.47613977192,4556.52023716712,4282.11872849239,4042.75678097555,3933.14704611068,3940.70199181145,3928.77026821205,3919.06426916073,3806.87949354914,3874.32714084633,3909.80228869045,3958.23043952182,4016.83429143296
GDP per capita (constant 2015 US$),NY.GDP.PCAP.KD,Kazakhstan,KAZ,..,..,..,..,..,..,..,..,..,..,..,..,..,..,..,..,..,..,..,..,..,..,..,..,..,..,..,..,..,..,5557.08215736977,4910.15324119135,4635.42154654073,4223.1282023154,3740.97810892024,3498.51454364229,3583.36908423331,3728.96386519689,3750.56494562659,3899.65723139778,4269.33016782791,4822.52862802669,5267.6990320263,5724.43199248054,6233.29439373307,6787.4115548789,7450.39687062615,8036.87599811505,8216.52181589585,8218.39912556048,8704.70655484556,9223.3021336315,9531.91477617058,9959.72586930534,10226.7100539683,10196.1226255982,10151.423313302,10404.2718646317,10670.2120148279,10989.6840718388,10565.0359816235,10873.3915275276,11058.3482413407,11453.395272565,11850.1694354961
GDP per capita (constant 2015 US$),NY.GDP.PCAP.KD,Kenya,KEN,792.958020207348,704.532413221054,742.214802683441,776.61405320386,783.777273902912,768.312009345226,847.028481793247,841.449011083599,873.396320093881,906.636182608442,831.801819281121,980.029449369286,1108.22714085008,1133.74828467608,1140.55255920466,1113.00977634208,1100.6565011535,1165.36861222478,1203.76787713531,1251.31913330141,1275.28269729355,1276.92778781689,1250.61396929068,1221.53485890834,1198.09437242046,1204.91932367736,1245.98851025394,1274.22087961614,1306.36433683504,1320.50774519897,1329.33312766232,1305.46415701447,1255.93870622359,1223.50616725762,1219.7841113305,1237.88250467675,1254.21025248674,1226.19542113337,1232.06658106635,1224.63404639886,1195.41296851656,1202.29348759987,1171.4262517349,1169.14433674051,1191.25443604556,1223.44738472019,1263.54164666211,1309.91092948216,1273.77226103073,1276.73503486074,1340.16467408856,1370.58000874482,1396.30178709756,1413.94142522583,1450.59338202277,1489.11959777284,1517.97796057742,1542.33773973372,1596.69045914945,1645.70961777862,1609.33414078281,1698.89578271444,1747.53198804428,1808.40479129677,1853.08785477603
GDP per capita (constant 2015 US$),NY.GDP.PCAP.KD,Kiribati,KIR,..,..,..,..,..,..,..,..,..,..,1473.59719824148,1411.81592169253,1552.54661185826,1844.90008784819,2663.39415031051,2816.41038860525,2073.59128957137,1990.87516087898,2025.51477996958,1781.69221291246,1734.33011069497,1811.68131048096,1763.17927004428,1565.11854060036,1754.01238303506,1492.76046834936,1422.51662118726,1406.31580236076,1675.63824975673,1516.91518751205,1387.65304955701,1283.34653145552,1564.72287611506,1539.30453918434,1547.62423440117,1566.47266832462,1539.33663487683,1529.24932474439,1569.02691581722,1482.19226993632,1555.58204812097,1477.95177621217,1467.99273241655,1415.54577869304,1378.9583696722,1368.99728765793,1419.38723031361,1433.35747805619,1361.83599775608,1340.27605600221,1328.78776438805,1348.0602369873,1405.5029344967,1493.49148676402,1492.8508200481,1639.85274740652,1731.43702001694,1769.51178893032,1803.94853904977,1835.2200203881,1777.04492498977,1893.52679117878,1948.24330263386,1968.80992017133,2041.87624139757
GDP per capita (constant 2015 US$),NY.GDP.PCAP.KD,"Korea, Dem. People's Rep.",PRK,..,..,..,..,..,..,..,..,..,..,..,..,..,..,..,..,..,..,..,..,..,..,..,..,..,..,..,..,..,..,..,..,..,..,..,..,..,..,..,..,..,..,..,..,..,..,..,..,..,..,..,..,..,..,..,..,..,..,..,..,..,..,..,..,..
GDP per capita (constant 2015 US$),NY.GDP.PCAP.KD,"Korea, Rep.",KOR,1027.65478060417,1066.80385223795,1077.11603032602,1142.0276294736,1217.94699410879,1274.2724441705,1391.67246263597,1482.99525342715,1639.75015442225,1836.47870739596,1977.42941286358,2143.28913020771,2255.20673616978,2545.77754274699,2740.58529939811,2906.15049933566,3238.2698721178,3581.46823922047,3913.83317387391,4189.18148771045,4056.5260070304,4283.11960147149,4569.08717491563,5104.44809742942,5573.84271916316,5951.87908924407,6560.47967201762,7322.71986885993,8120.63968724428,8609.42611390093,9367.09258686755,10274.4827454694,10798.561680692,11424.5851330612,12358.5180229628,13411.1119170158,14332.1367231987,15074.4883429924,14198.386270755,15714.4119484746,16995.5591864626,17684.0503773277,18940.3842233935,19435.4934104303,20364.7599656771,21197.1990880347,22196.2077459266,23365.1402064812,23887.0595538423,23952.8132191069,25455.6174843658,26191.6442615421,26680.2754448705,27399.6159477521,28100.0102759544,28737.4391706499,29467.124342556,30312.8888500809,31059.2668087927,31645.9498343307,31378.1579340648,32771.0724243229,33690.3788793046,34121.0211756766,..
GDP per capita (constant 2015 US$),NY.GDP.PCAP.KD,Kosovo,XKX,..,..,..,..,..,..,..,..,..,..,..,..,..,..,..,..,..,..,..,..,..,..,..,..,..,..,..,..,..,..,..,..,..,..,..,..,..,..,..,..,..,..,..,..,..,..,..,..,2543.59926351696,2680.86121521141,2822.63359634011,2995.64952029477,3021.35142613995,3163.47189486431,3279.02499043758,3520.62850699375,3739.17562318261,3890.17807271082,4009.12140760339,4219.06693858503,3990.94613053859,4429.87597525975,4666.3913779077,5102.74914613981,5869.82243326128
GDP per capita (constant 2015 US$),NY.GDP.PCAP.KD,Kuwait,KWT,..,..,..,..,..,..,..,..,..,..,68591.7077504047,68673.3293676652,67066.7403483246,58987.7701347442,48324.5310766098,39840.7602271075,39811.7355347843,35866.6058103569,36140.3247230879,38757.8069462611,29547.7550445138,22766.1033511578,19135.9124254403,19686.2019386514,19848.7794242152,18264.4445262071,19042.3789144807,19786.3645923571,17116.0657198636,20743.6868796089,20140.7835118905,14812.9201234405,22382.8421153151,29323.8533231447,31946.490324729,33156.8474184816,32417.9628632187,32152.4368098462,32306.6687914164,30798.0947758832,31341.9781474791,30573.42848635,30702.2162710115,35169.6336473272,37918.5406622128,40451.2552502823,41137.9700136929,41113.869480244,39852.5129949028,35124.0854675482,32568.4982426309,33545.346320878,33578.3310729295,32311.1800455136,31073.1537945892,29882.2126867068,29454.4426854538,27048.3707374372,26706.0192323243,26580.2264983898,25541.4107576862,26203.2617890389,26579.8322106354,24716.1968291611,23500.2594062965
GDP per capita (constant 2015 US$),NY.GDP.PCAP.KD,Kyrgyz Republic,KGZ,..,..,..,..,..,..,..,..,..,..,..,..,..,..,..,..,..,..,..,..,..,..,..,..,..,..,1022.86660449102,1036.71012984427,1153.02506583629,1160.67608073008,1203.47208279448,1089.90005451003,928.31552055094,784.564919201316,627.220989930123,587.298180667228,619.667768615001,671.25000816306,675.058248147575,689.414278205464,718.342832397662,749.423779561565,742.44300111832,786.350474964134,831.482103944381,820.709519437592,837.138026647346,900.02796489729,966.409971184817,981.220904665529,962.764789828724,1005.4831781815,985.8472865972,1069.78404438716,1088.58214229508,1105.65193844261,1128.3161612818,1157.18275758067,1175.0712778747,1201.87701429721,1093.32856461422,1132.5546781282,1212.17812721768,1298.25724482211,1391.15507879227
GDP per capita (constant 2015 US$),NY.GDP.PCAP.KD,Lao PDR,LAO,..,..,..,..,..,..,..,..,..,..,..,..,..,..,..,..,..,..,..,..,..,..,..,..,579.867782983835,592.627301998099,604.331788271833,579.022620522311,551.363163716143,611.822069881845,634.525297009385,643.410259077746,660.633861954064,680.964153708638,717.509245108717,749.234741728538,782.683156535545,819.205851313643,836.088098507116,881.634129609675,917.228038617529,954.123505414634,994.492241963795,1038.71192767783,1088.76034728831,1148.68153852071,1228.08927619923,1301.08597549864,1381.73754223953,1463.3379666846,1564.91068311647,1666.40086189871,1774.63585203672,1890.27861294875,2006.31195444447,2121.01339097363,2234.76098741846,2351.57441747595,2459.97874636195,2554.95638019245,2529.74622698761,2556.58912640405,2589.05015191628,2648.88726608035,2724.42462675419
GDP per capita (constant 2015 US$),NY.GDP.PCAP.KD,Latvia,LVA,..,..,..,..,..,..,..,..,..,..,..,..,..,..,..,..,..,..,..,..,..,..,..,..,..,..,..,..,..,..,7622.69825875963,6694.19894278367,4607.11379673414,4464.7211347223,4639.50565161418,4661.66840092451,4822.90414861125,5317.97997604979,5719.98918281481,5929.26767237825,6336.38296707987,6833.4354323157,7443.22944659059,8149.00183600084,8957.23393555082,10106.2626157732,11507.4648265658,12810.0409502542,12506.6945041012,10675.425174228,10500.8666223014,11018.5152421583,11971.0107466522,12353.5386135301,12731.6771959342,13321.9753140616,13787.3367440023,14382.8612727134,15120.0698171804,15328.3859933295,14900.7295718866,16070.1680032322,16404.9770631465,16890.6283099707,16951.3591613264
GDP per capita (constant 2015 US$),NY.GDP.PCAP.KD,Lebanon,LBN,..,..,..,..,..,..,..,..,..,..,..,..,..,..,..,..,..,..,..,..,..,..,..,..,..,..,..,..,3934.02937659685,2218.62643641084,2752.72442253257,4031.19474543924,4595.5808332577,4992.69878232449,5301.41584672248,5542.2265103529,6054.52911921482,6008.75855385657,6120.45672717024,5982.41788354308,5958.97836750301,6085.76041420146,6207.24133893746,6319.76518298647,6633.75258002393,6707.18024635316,6696.37428200596,7179.34520092306,7701.29823027979,8375.48851252821,8955.54336184707,8936.20027462737,8920.8056984673,8443.53856528784,7830.4151113336,7714.1099998804,8019.1416913426,8305.57405425721,8388.7235123835,8064.04873416236,6440.82843092922,5973.41933892988,5909.03651555028,5834.63415739394,..
GDP per capita (constant 2015 US$),NY.GDP.PCAP.KD,Lesotho,LSO,262.740430477896,259.766244822179,290.783296423173,312.241145215823,328.198191287611,325.590538885237,314.05528569707,336.08707480963,322.801616409112,316.095837742896,311.547635974626,316.016165909906,304.474412653521,371.74336550207,398.583050725907,333.011647916614,358.129667050375,423.805354129932,487.351455588325,487.16604508229,460.201617282317,450.102526288964,456.70895712652,452.520331729117,464.085693764499,462.892172294155,472.432855957162,465.473147313833,494.921891483579,513.106302889949,533.824964193999,560.884905718596,590.008212092485,601.55791413154,628.960051227201,641.758711944969,670.469581774155,689.806218455005,696.935973937753,698.441087182066,725.263668707773,752.243212493971,760.033443180306,798.540500554454,817.793597897186,853.960500629797,893.750686627156,927.26863327342,971.881366821351,952.747929746529,995.233432451681,1031.99721564343,1086.39034816283,1093.95323489272,1100.04993684215,1121.19851342518,1147.58748801671,1097.82166812752,1068.44462913373,1040.99351014117,944.834118658555,955.221236301503,967.51928598325,974.382482849023,990.180447487991
GDP per capita (constant 2015 US$),NY.GDP.PCAP.KD,Liberia,LBR,2444.31469526757,2443.49659480131,2415.69266041905,2409.4954202823,2470.56791446524,2524.01173421628,2650.22595716575,2758.08976875735,2816.84664683349,2945.89004216618,3062.76012670052,3133.08794246405,3181.18745918364,3029.07698774212,3089.60241101354,2902.91706211827,2974.92235227576,2938.3808063932,2991.43152973263,2999.25307157856,2792.03699789523,2653.14625045204,2514.92132162384,2394.57437804073,2272.71154024111,2185.92809767452,2085.95288219421,2005.365759545,1908.45304051582,1360.08049123405,754.134009462384,735.180658658157,450.538677691808,290.388920233659,227.742776021788,216.093554614513,235.435058248512,449.286058616964,528.670341826706,609.040903258705,754.850917360951,754.422355762017,762.716393927064,528.567395543421,535.995882066218,539.665378841936,551.377446611852,574.609394348543,591.185378141907,603.256211077605,621.783295071575,646.908727016597,674.360011422232,717.007280358975,707.157694930142,692.590082351257,668.031513175601,671.260899835355,665.875439637137,636.699384824869,605.025475431411,621.927983063426,638.005183858289,653.329188343162,670.031389616245
GDP per capita (constant 2015 US$),NY.GDP.PCAP.KD,Libya,LBY,2818.01054981575,2971.84367839673,3777.5309453831,4893.76778426124,6843.4814499726,8525.2050717474,9863.91368888797,10676.1021152589,13891.9893383714,15230.4046797114,15460.2338332372,14161.8807376114,14950.5563277566,14659.8970274195,17044.2198549165,16770.0269191519,19473.6763289922,20018.4295248634,19521.5919192401,20077.740120192,19090.5503735732,14587.3858912799,14580.8924435817,14242.6127542805,13328.5893545722,13975.0974777952,12022.664788855,9976.13024516634,10458.6701898418,10940.1407021471,11085.9439949716,12541.6926152482,11949.2275026865,11274.3452230872,11280.3829303475,10839.2802241884,10891.8055687803,11284.7780739062,10722.8700734717,10643.1452796026,10853.8059516526,10467.8776146012,10170.3095776338,11267.0627623548,11529.1086646221,12628.896152656,13176.7758911904,13712.9602583972,13403.0004645911,12549.0854345521,12913.9334939386,6569.59477578957,12599.258882136,10126.314927806,7644.24843947404,7458.48917756374,7236.16409923502,9435.60060040046,10020.9165751361,8768.4104874586,6102.79864032512,7733.39007562927,7008.20648391963,7633.45142779936,7509.73626794098
GDP per capita (constant 2015 US$),NY.GDP.PCAP.KD,Liechtenstein,LIE,..,..,..,..,..,..,..,..,..,..,..,..,..,..,..,..,..,..,..,..,..,..,..,..,..,..,..,..,..,..,..,..,..,..,..,..,..,..,..,..,..,..,..,..,..,..,..,..,..,..,..,..,..,..,..,167187.15730982,..,..,..,..,..,..,..,..,..
GDP per capita (constant 2015 US$),NY.GDP.PCAP.KD,Lithuania,LTU,..,..,..,..,..,..,..,..,..,..,..,..,..,..,..,..,..,..,..,..,..,..,..,..,..,..,..,..,..,..,8333.3507070025,7847.01734327521,6185.53523621407,5206.44266110742,4730.69631958508,4924.09667530707,5211.10025197912,5685.44901491024,6154.17245640636,6129.99843995634,6384.30865426374,6854.52512826671,7374.0979710116,8218.69336289848,8851.92598922347,9692.86853763267,10577.2145522871,11889.3545234657,12324.5197331387,10612.9204044582,10884.1161852582,11836.7200384033,12516.6184065667,13145.8069309969,13753.1895982305,14269.8039878287,14823.107153522,15695.9993288456,16604.9021440809,17431.7239081591,17443.65526328,18569.7057246217,18884.5152531698,18685.5523679178,19094.1193485745
GDP per capita (constant 2015 US$),NY.GDP.PCAP.KD,Luxembourg,LUX,27861.1679070037,28665.7557364816,28701.4954112765,29381.7005412596,31339.866605355,30757.6215276239,30874.7097008066,30840.0238285627,32048.534348057,35072.3817823232,35513.7997263244,36114.9755330155,38033.7372949566,40742.7935864238,41908.9736128336,38729.5596741975,39515.0325494915,40065.6913911764,41623.600560887,42500.2533186275,42705.3389920549,42345.0449745858,42788.9464588317,44056.2515835269,46733.9248214033,47945.8494294131,52496.6652811469,54218.2750802066,58381.7551747697,63481.5826226236,66027.0750081087,70779.9738182581,71116.9413609679,73116.1933406133,74883.1415751349,74896.0964542561,74916.5073926589,77993.0573693363,82170.2392472062,87695.3390885394,92527.7108705226,94243.7068360989,96269.5797484275,97597.9973184565,100292.566948333,101222.044353044,105614.178851764,112417.876989455,110094.791529429,104574.349049084,106544.057363484,105290.249021891,104487.744312565,105338.955521681,105583.937273429,105462.012584423,108351.451826983,107142.126672598,106788.728745199,107591.965850496,105274.2471768,110873.185245175,107469.755128407,104590.079769081,103909.189234256
GDP per capita (constant 2015 US$),NY.GDP.PCAP.KD,"Macao SAR, China",MAC,..,..,..,..,..,..,..,..,..,..,..,..,..,..,..,..,..,..,..,..,..,..,23023.21888558,23952.7051664987,24734.7287306831,24326.8388209328,25398.3689446911,28006.9602101934,29320.3453689938,29931.7026185858,31369.6174763851,30973.2895232307,33271.1629178489,33802.7025416034,34103.6943588625,34151.733944554,33533.624502371,33263.6447667227,31367.3520595719,30262.0722351583,31763.2937989367,32432.1146406589,34959.5328781861,38571.4910549323,47651.1070103642,49454.3091065459,53221.5656127923,58352.9908957074,58122.6075826405,59490.45124494,74158.8818324985,88121.7526560989,93164.0155206906,98998.0880384689,92322.1502647243,70070.2918001631,68570.4684561327,75807.8927510468,79378.1729826817,75835.6453208622,33952.4798688679,42121.7200893806,34121.9031101701,59602.4371924702,64078.2408248102
GDP per capita (constant 2015 US$),NY.GDP.PCAP.KD,Madagascar,MDG,812.250361890455,807.540073151815,804.713147422012,776.884057825641,787.058949603953,763.403670639472,758.928205137102,779.716062786951,810.5066908574,817.562921868275,836.540881714049,844.493878879637,809.524118883836,765.217007612961,757.532392832002,744.310095866488,699.987924820762,695.149219761086,656.398369596654,699.485480907614,685.100689761521,599.781047690351,571.230461402833,559.661168899672,553.131009938747,543.513684745557,538.491952606661,529.509105998087,532.03346958824,537.840431033529,538.536275056569,489.716098120013,480.810932444988,476.159733326381,461.397665709464,454.537946632781,449.6280870806,451.303199370831,453.886174768872,460.034389996571,465.529509827021,478.40561494987,406.70122213637,433.601040301214,443.278654985967,450.955230911228,461.540337897729,473.785462328449,490.963935389518,457.789754866068,447.417143030687,441.755158414121,442.641500123543,440.674658903628,443.343869908205,445.320069480568,451.15659433146,456.851859574031,459.330367799543,467.27741349648,422.924255422319,431.599103078558,438.516263353783,445.834551909615,453.383067004207
GDP per capita (constant 2015 US$),NY.GDP.PCAP.KD,Malawi,MWI,260.372803776879,273.671621408503,268.930590447321,258.785106001313,259.238122939762,287.429237122103,317.619584182681,332.425655375486,318.047172486263,328.552929300512,322.094520458592,365.077375924135,378.037141418137,376.728815500011,392.972432824442,405.377974102106,413.438148179235,420.514723667702,445.993639511543,448.71641753731,433.515183153301,394.77170082524,388.989575970974,387.845329799767,392.970121764045,395.418720697156,380.298046902206,368.458072161033,360.182864554351,348.201112852441,353.771303717595,372.997561772469,335.726543539643,362.930995399017,329.584099900642,385.279714072363,405.397063690478,412.4131068375,419.313245170577,422.099909963762,418.592985038462,388.260039763569,385.308980237095,397.224846758815,408.064916052765,410.267979592536,417.877689776503,445.254305419586,465.55147298007,489.631418790158,508.088650552846,517.833736624232,512.74031797451,525.357645516557,539.562601918057,539.605363240686,538.221990810959,544.795729220349,553.528790902088,569.866249371948,559.447086086067,569.968967322435,560.635759714941,556.744034805001,552.495385250281
GDP per capita (constant 2015 US$),NY.GDP.PCAP.KD,Malaysia,MYS,1266.31525712689,1327.77650865403,1376.65800987085,1439.55490061108,1477.83156448895,1551.33616738207,1631.47589814079,1654.76507573676,1746.69654709275,1791.13966548692,1855.24673850886,1993.49999498673,2128.90738683232,2321.73809965247,2455.31271360892,2416.5134488266,2632.12032089303,2768.88534365126,2883.07107029481,3077.7893337814,3216.28778690077,3332.82000559163,3420.21717115114,3518.79492112604,3670.36601236602,3515.25505625205,3444.11713819558,3508.00948571695,3737.26006906652,3953.81471255834,4184.76072928976,4456.93133148159,4726.13789172987,5062.5911043705,5390.10167606966,5771.35211956083,6190.46429134886,6480.55649455855,5857.96702940857,6070.95621987091,6455.61419792583,6334.92795651698,6516.90671560155,6732.92049458099,7025.34558004381,7234.02442689141,7469.8106921211,7769.59693350488,7976.11785374773,7700.46111294033,8118.92270511981,8400.32248683558,8710.52671359902,8964.80724896203,9341.73055971278,9648.6797937523,9901.47960179812,10293.7629205362,10610.1950240479,10902.9834855856,10171.4657842762,10388.2667120857,11174.2100761842,11429.5894122241,11868.3647368199
GDP per capita (constant 2015 US$),NY.GDP.PCAP.KD,Maldives,MDV,..,..,..,..,..,..,..,..,..,..,1525.45286509337,1556.6775140057,1546.53448672267,1524.56080044896,1565.19579185018,1398.10229505535,1364.84005088164,1474.39229582335,1645.11075228727,1772.85528893994,2045.05592530422,2222.32522330556,2096.02642346826,2371.53402508145,2927.92105269756,3273.18636060562,3456.59413862413,3632.50000436686,3819.63284923204,4044.45259824624,4582.26127991761,4507.19493028274,4671.99638823819,4803.90989371527,5053.64632510203,5580.26342115447,5888.07242928075,6254.75856395107,6599.87174611655,6889.01246326427,7037.08545152972,6647.65038915578,7012.25568637991,7845.29307268562,8174.41607710658,7141.88376878034,8620.72815257681,8933.17166852079,9396.49734252794,8313.40982952913,8569.52494527593,9005.81390804487,8907.6613557359,9213.32792208085,9612.07862077246,9644.90655028145,9909.07669383367,10263.299119384,10793.8941387462,11194.9253726428,7295.60221324907,9759.22193251033,10939.9963243616,11415.939508912,11960.9842410476
GDP per capita (constant 2015 US$),NY.GDP.PCAP.KD,Mali,MLI,..,..,..,..,..,..,..,368.5733743347,376.455913556311,371.539853947104,388.135645474088,391.773023008224,407.902988824579,395.059183876145,382.164661103348,418.990565699694,467.610233746068,488.180133055488,471.808981698935,510.573084431833,478.415878794737,475.391545090244,430.936057932383,429.268943570944,418.953297590688,493.95193280344,497.940239327585,488.661925998262,515.693881984479,527.330783598167,504.114585263011,552.249908754393,523.808780982775,529.275647266229,537.585120448336,530.906562069966,556.246993366561,570.006386255312,597.83126160922,614.586994870732,596.578639012468,667.920530395715,667.601809829487,705.686954046396,693.861121985899,721.897987084722,745.087500057101,748.926158364864,772.091975202052,781.972286784084,809.373887616452,815.12426700512,787.149724118126,782.702450304467,816.004655542979,838.11986940103,860.75307554569,878.561348378099,892.978322787306,909.751069706998,872.389721102137,872.332803686266,876.168301872624,890.613872535228,908.080398043774
GDP per capita (constant 2015 US$),NY.GDP.PCAP.KD,Malta,MLT,..,..,..,..,..,..,..,..,..,..,3133.22804159202,3209.58701027372,3399.78107611123,3543.66984083058,3901.96087832526,4631.05228695609,5391.61706473895,6024.97484350421,6628.07849837324,7249.55980064999,7679.67980708725,7875.88452539901,7884.85017545294,7726.88391030891,7798.07189749693,7860.36695258326,8030.44923460261,8303.16847852553,8928.21082257377,9564.9093512979,10067.6981595796,10413.1236380628,10789.7090762351,11161.1379075775,11682.0944899831,12336.7253635266,12718.9471724642,13286.6459846133,13877.1798798025,14446.2787288242,17178.2854995031,16920.7309078359,17255.4273597633,17775.5868136847,17728.4915052597,18123.2974963382,18479.2305078956,19342.3919067213,20064.439792432,19635.8764593794,20750.6053684063,20867.8390402328,21529.492771186,22626.4659542464,23865.980898379,25529.6813131565,25969.4410846379,28546.7780455971,29536.8950627078,29522.6524527602,27890.3651055057,31437.5030232122,31979.6090400598,32816.3252635461,33467.4584263258
GDP per capita (constant 2015 US$),NY.GDP.PCAP.KD,Marshall Islands,MHL,..,..,..,..,..,..,..,..,..,..,2038.67199289836,2011.13806385346,1979.85303434478,2587.94027907734,2900.13630613536,2806.68563126099,2726.44598645498,2704.13846484627,2766.69030511298,2737.49266931199,2454.9977903425,2511.56866664584,2524.11369284666,2797.12547757893,2788.85704831238,2510.70662853208,3005.51720714758,3162.8043989419,3288.88849507337,3139.41439911898,3148.09977817114,3085.93530547753,3247.85289298957,3391.38513154821,3544.13564721663,3791.20498901919,3365.11122501281,3117.27400069023,3067.73739364805,2997.54989841042,3040.59677355737,3224.7911898754,3322.41127856101,3256.97244330835,3234.15265200518,3284.78403267445,3285.12078781351,3403.47842798117,3146.26177205458,3262.26955535477,3441.31888402121,3433.06297801838,3420.91444796671,3602.92811901896,3620.77275283155,3764.34426229508,3946.8444109078,4190.93468589482,4542.34293916308,5162.81500670348,5172.57528216176,5405.2747359006,5516.88000598847,5470.42006850903,5813.50634066813
GDP per capita (constant 2015 US$),NY.GDP.PCAP.KD,Mauritania,MRT,..,1258.29089340116,1233.87062562594,1176.58206707027,1460.64612168482,1648.15508784285,1603.93873851294,1612.02915046702,1723.35775339553,1692.50794532791,1838.41001374306,1816.31114754056,1749.52293380609,1620.10877497697,1763.89532128038,1624.67349556081,1712.5637423748,1632.68713881863,1579.02167613992,1608.41044480032,1616.06630331058,1624.61577944679,1541.58055819249,1553.80890668568,1460.98164180622,1461.93452033511,1501.59342458119,1486.69636323159,1469.21194739442,1501.23289513922,1437.75048235693,1421.32599916128,1393.6010549879,1416.96725698321,1327.72304115123,1418.64664553675,1471.80330919792,1381.16274883447,1383.19229722759,1396.17220086364,1304.64439067179,1262.65567288639,1252.10300454131,1308.56307582578,1338.66768122804,1418.53202144135,1637.04191255803,1563.60628765192,1514.2655013629,1469.05426880813,1460.19179652873,1472.55245572229,1488.97177557214,1502.90142381083,1520.64621634902,1554.94897871782,1528.05152299375,1576.06857825162,1602.90225649072,1605.1352359742,1553.30615586591,1520.31117904613,1576.75624107308,1630.27171808744,1666.29104198888
GDP per capita (constant 2015 US$),NY.GDP.PCAP.KD,Mauritius,MUS,1406.14770605173,1726.35874439498,1691.59787796504,1877.02290336016,1706.12407651545,1721.80988793115,1626.22153693464,1664.81054193166,1521.96698841001,1569.53936870339,1537.49557916791,1577.92783830209,1683.89831532905,1857.82264890447,1991.0872181898,1977.68946286021,2408.27222344591,2524.53954704999,2587.21700200208,2631.98857661525,2327.60106821025,2428.26469051049,2530.62333903007,2517.08019899772,2607.92722114442,2766.59028710418,3012.98937220279,3256.42283644153,3453.72035086545,3580.40595041278,3810.48083308592,3936.7665085183,4138.34644932114,4297.40909221881,4412.9375663223,4562.74692775784,4768.68343568327,4977.19016757315,5224.18419650851,5292.86908859768,5671.0295504201,5814.74834570012,5867.77362995049,6170.64876733851,6397.59346169031,6472.87388554741,6756.22955969517,7110.69493851624,7466.69465771689,7693.76434353874,8011.45517219702,8324.78328337964,8591.96715947096,8859.2121832294,9181.61575362564,9507.87133656424,9868.32716641952,10247.6960577758,10652.4836886859,10956.9450226163,9362.87435896817,9679.12123882353,10552.2905595266,11093.7519139967,11628.6091285714
GDP per capita (constant 2015 US$),NY.GDP.PCAP.KD,Mexico,MEX,4145.79302187822,4219.18150872936,4276.14326512392,4474.727508681,4845.87442784428,5021.34799293646,5153.81469093365,5278.10822027157,5589.05119204824,5596.3968779824,5774.770459312,5809.39879123005,6099.20317395944,6385.19714678706,6559.30112742402,6740.62499358816,6845.37111757038,6888.57894651042,7309.60711430028,7814.54966740214,8290.28898934596,8875.07151196658,8676.57130978529,8098.51642180867,8207.92337543922,8194.16249394926,7713.61215372427,7716.49731743412,7657.72747552129,7783.80581019288,8036.86114419189,8197.0117950168,8330.26426809383,8411.7962134526,8623.48043015105,7970.64038502779,8320.6529570172,8770.84481560799,9161.89527790964,9264.97729267637,9581.96970218684,9398.35074363503,9242.27886137666,9221.9966670073,9421.28976148291,9491.51730283716,9813.82804202904,9877.69532652913,9826.34218464752,9074.1188146315,9389.06722045352,9575.93437796508,9782.51776268033,9738.71059677222,9862.4812527519,10021.2386124039,10100.5021214851,10193.7727202899,10296.8690920868,10159.4448356722,9234.64362409252,9728.05680082173,10013.366859074,10253.5262648956,10313.4868482109
GDP per capita (constant 2015 US$),NY.GDP.PCAP.KD,"Micronesia, Fed. Sts.",FSM,..,..,..,..,..,..,..,..,..,..,1710.08913488703,1699.9963980594,1672.83420355956,2180.62250273881,2447.41906565554,2388.24964549637,2340.49300880011,2339.5428497168,2403.52276427795,2379.24287451924,2140.90381086329,2278.80780128358,2153.62839220586,2131.39586930733,1988.53895563138,2252.26508855756,2364.53007951078,2327.85624405209,2331.79962300129,2367.54459100732,2410.22248315814,2542.21768899049,2592.34106438055,2744.19964633008,2679.25739314358,2837.15025158891,2734.95215490209,2560.83810825059,2626.59893890544,2655.47572825017,2774.79494666123,2826.84271814889,2840.20752247657,2889.04669625569,2809.06585903908,2879.62178695366,2895.03542297907,2863.83528755232,2819.07927372108,2875.73866449213,2952.11580223798,3041.77717927473,2979.68061790385,2863.90347357213,2790.77010690782,2911.16211045292,2915.62716763945,2928.72277934078,2917.31795034991,3026.12235068898,2958.48866022271,3030.84654184752,2929.91266261092,2930.55143045833,2937.80021414635
GDP per capita (constant 2015 US$),NY.GDP.PCAP.KD,Moldova,MDA,..,..,..,..,..,..,..,..,..,..,..,..,..,..,..,..,..,..,..,..,..,..,..,..,..,..,..,..,..,..,3740.10149814887,3137.8350172715,2225.17356234959,2202.16445303219,1526.42524496526,1511.95831765054,1425.9518091471,1454.80861555923,1360.18161095544,1316.43254916007,1346.91567176561,1432.2768928234,1547.57421231612,1654.36629303195,1781.19145323724,1919.44550763748,2017.17730062908,2082.51260097669,2249.22589719372,2116.94357544097,2269.51116145996,2402.94446306051,2389.08666147529,2605.85029986142,2737.80185056647,2749.55137054338,2910.95486872376,3085.33305844263,3267.9961042872,3438.67732670712,3188.91691602699,3688.16729442144,3611.95484829954,3760.70006337895,3872.51800214702
GDP per capita (constant 2015 US$),NY.GDP.PCAP.KD,Monaco,MCO,..,..,..,..,..,..,..,..,..,..,72837.7236189989,75563.5268306393,78166.3033413738,82591.5137380706,85729.8095579345,84013.7170561646,86382.0160151437,88164.4008364715,90506.3380580042,92704.9676890985,93468.0634012794,93739.1816077361,95085.6031046345,94848.727743484,94912.5173943415,95274.3117216542,96396.2283814114,97606.9499621531,100947.054448965,104091.09474987,105878.37276656,106020.717884683,106558.024151992,104739.794413175,106244.898612952,107691.087543628,108107.452988927,109747.029483889,112873.604489635,116084.581378187,120456.506337384,123122.12291461,124481.880220824,126022.239091348,129403.404955341,132253.218402608,140615.178788026,162028.480643444,163243.752211148,142375.532007071,141814.78664157,148272.711991792,146472.677860476,157167.975027858,165288.200345355,170437.101188261,173120.189785092,165781.779121526,173041.761057866,185582.7556905,161262.925884403,194674.777609089,213937.006283651,224582.449752101,..
GDP per capita (constant 2015 US$),NY.GDP.PCAP.KD,Mongolia,MNG,..,..,..,..,..,..,..,..,..,..,..,..,..,..,..,..,..,..,..,..,..,1425.47626748483,1507.62165500664,1557.43150759483,1610.00431155079,1660.20538347139,1770.29035350291,1784.58513378493,1827.38968091372,1860.84571911275,1823.45623781461,1613.69985423318,1462.6746723198,1418.0656069858,1432.28072706305,1499.26495210763,1509.32921132514,1546.08098489924,1575.67716165836,1601.31353865438,1598.31282040605,1625.46152259484,1680.65335337555,1775.64906676137,1942.36263694017,2060.26168223171,2209.74321787628,2403.72416258662,2576.71295838607,2498.72967493254,2611.67326563924,3010.81642672623,3318.16496597089,3628.90708069575,3830.35892049593,3838.92126989984,3817.91962716702,3956.2049437134,4183.85566447661,4337.8167085432,4066.03410882791,4063.53669849245,4205.88554513551,4456.53627552726,4615.43866164735
GDP per capita (constant 2015 US$),NY.GDP.PCAP.KD,Montenegro,MNE,..,..,..,..,..,..,..,..,..,..,..,..,..,..,..,..,..,..,..,..,..,..,..,..,..,..,..,..,..,..,..,..,..,..,..,..,..,4488.79462512197,4723.14338358475,4290.89684941343,4431.60047014419,4462.34990117884,4529.12330572995,4623.0760644615,4819.14785988608,5013.1959009921,5435.88622103627,5798.06497333447,6205.8212472095,5833.65954418904,5982.19928466066,6166.20322332653,5987.89159662568,6188.7584890435,6287.46282384571,6491.19280618646,6675.1345781084,6982.94131741672,7332.18614231451,7626.25402306444,6460.59163175748,7321.23528662053,7808.54763337242,8304.2554082997,8552.58863705444
GDP per capita (constant 2015 US$),NY.GDP.PCAP.KD,Morocco,MAR,..,..,..,..,..,..,844.244873046875,904.050476074219,966.91650390625,1020.01104736328,1039.61254882813,1069.3251953125,1068.21313476563,1079.19360351563,1112.03527832031,1167.787109375,1263.17102050781,1306.12939453125,1301.05102539063,1328.20642089844,1340.24670410156,1281.85180664063,1359.98828125,1343.30456542969,1394.10388183594,1442.95849609375,1542.61840820313,1507.19995117188,1654.0068359375,1669.73254394531,1695.63647460938,1786.76281738281,1720.42248535156,1680.71044921875,1830.88061523438,1705.4482421875,1886.67224121094,1828.96862792969,1931.74047851563,1935.47875976563,1957.14135742188,2078.96606445313,2127.50708007813,2229.576171875,2301.08178710938,2342.15478515625,2489.99291992188,2540.615234375,2648.58569335938,2710.66650390625,2767.04223632813,2879.53930664063,2927.45043945313,3008.185546875,3051.458984375,3146.24780273438,3124.42504882813,3242.64428710938,3304.7119140625,3364.73950195313,3090.89428710938,3309.130859375,3325.560546875,3403.31982421875,3478.99462890625
GDP per capita (constant 2015 US$),NY.GDP.PCAP.KD,Mozambique,MOZ,..,..,..,..,..,..,..,..,..,..,..,..,..,..,..,..,..,..,..,..,251.567549222861,258.850606099762,235.767482817497,194.645654684469,178.41568638255,176.854086200431,169.787799695594,193.956902454941,210.222304910608,222.043123475899,221.048981086396,227.4627362365,206.194607588583,221.624579964898,220.478583291331,212.086249862904,227.198486695187,247.184945629196,266.672705397492,291.560018665606,287.390630344484,317.185703581034,340.13537022259,356.521157404125,377.064958084878,391.699758163976,420.526462764726,442.049574057751,460.94729485679,475.788178051193,494.162859074785,514.869957191994,540.2945177803,559.393953685688,585.266716133984,610.563774706589,620.779714954555,618.397694360334,621.153734194787,617.13932000195,591.804059985932,588.215854695416,596.058889461466,610.174972826279,603.589744478104
GDP per capita (constant 2015 US$),NY.GDP.PCAP.KD,Myanmar,MMR,129.772040231178,127.564281190731,129.887941416412,144.000792900245,132.522439576165,143.41721780798,133.398254665006,122.678900960351,134.388136936628,135.702756195556,139.275133597401,141.823799627108,142.104344664286,137.829004501709,142.387514060567,145.457960079312,151.381528101688,157.337620355275,164.35842013127,169.599433098917,179.588600928215,187.439973498442,194.360862265949,198.973143501783,204.503943959468,206.179024168361,200.215576805336,188.871667527298,164.700416639705,168.113854204979,170.233436726449,166.710439947526,180.333227417253,188.680525344668,200.124788541397,211.265635944507,222.013359775898,231.587954116039,242.132148131424,265.455335144782,298.590464506047,328.973872708996,364.855800192477,411.498764121919,463.330135715332,522.099544784661,586.085579927418,651.729730890268,714.620419017338,785.634853157894,854.932478016035,895.512538750361,953.123081923425,1024.69060473254,1099.24387750099,1166.73305546337,1225.37913970989,1290.5640902569,1361.5683126412,1440.98988236734,1301.31386350667,1136.9956605414,1174.76697945755,1177.76649645563,1158.47928097728
GDP per capita (constant 2015 US$),NY.GDP.PCAP.KD,Namibia,NAM,..,..,..,..,..,..,..,..,..,..,..,..,..,..,..,..,..,..,..,..,3543.52830787347,3538.05908413962,3461.85974021427,3309.62139241894,3213.57377389991,3137.53895430851,3187.74903180322,3196.99658679727,3111.60654486305,2974.56787424784,2857.33777498196,2989.40001637296,3104.24536078011,2959.27503800966,2918.37740296161,2945.36226956201,2958.24060697383,3004.30804359997,3025.32668011049,3050.46098873323,3083.59657884697,3055.40444831936,3145.94566281247,3232.30589658857,3582.89503259701,3627.75059772278,3834.99894666178,3987.61796106565,4036.38187484707,3989.20711387651,4165.12990200988,4302.72451368462,4420.96741373862,4549.26759093897,4701.95694189098,4774.10650865775,4648.62713460213,4476.73324402105,4400.47537705743,4243.09274481966,3787.49943973286,3809.80753359714,3905.55135201003,3977.97779975114,4034.3505333519
GDP per capita (constant 2015 US$),NY.GDP.PCAP.KD,Nauru,NRU,..,..,..,..,..,..,..,..,..,..,39582.3065506372,40416.3434155485,41282.5119601493,42144.9483282333,43009.4175309,43850.6180374654,42150.9339703313,40397.4892114547,38533.3613966206,36595.5160921182,34723.1372669337,32927.1683576065,31199.7009943493,29671.3619370937,28281.3949367261,26925.5056720928,25595.3694757385,24307.1891855087,23058.0511758902,21871.6176576487,20743.0482255213,16414.2142688569,13510.6636338153,11242.2283579648,10770.2738951395,9889.57560368043,8701.31316171573,7911.35444888987,6978.08160289143,6526.78662159201,6090.65732404329,5700.16531174446,5156.21216512889,5182.71296574488,4958.59494194212,4946.36830865812,5366.34976796417,4181.64316901683,5039.43231005929,4751.28407417521,4730.93001061022,5382.45329963983,6632.10607690211,6710.62531212923,7649.08971293174,7703.43149943923,7898.2277010259,7309.38138643462,7124.01760358281,7655.24340340684,7769.40694625475,8282.3668394419,8460.34773930659,8461.97418049015,8559.03145912112
GDP per capita (constant 2015 US$),NY.GDP.PCAP.KD,Nepal,NPL,327.155239909957,327.106042340229,326.931761367814,326.647935131857,344.303003365182,333.249080677851,349.354951533981,336.664372577306,331.720617039361,339.099773054614,340.306833356848,328.993729996026,331.963144339485,323.260045911092,336.306374003459,333.76929822544,340.906119257416,343.403337654578,350.30570504545,350.320446364022,334.219179007322,353.700814105005,358.609920101425,339.778376746619,364.032308849685,377.725353860231,386.340559561214,384.659636696973,405.638929689076,413.894023064039,422.724738575869,438.15619419594,443.462044821677,448.13094087379,472.951082824345,477.741099613336,492.212428031946,506.426874424217,511.54871132025,524.27256909301,547.221082273632,564.28622920391,556.438454538796,570.28967363428,589.46992868617,603.190108570995,617.477638588722,633.226129136597,666.865095417138,692.400000816919,721.265221364302,742.617252662576,775.310578479839,801.039060847856,846.665541773599,875.543635474862,875.188943730855,951.857298563641,1021.91492204011,1077.11796498188,1031.53618783934,1062.7888430629,1113.55462341223,1136.42769313825,1179.81272768386
GDP per capita (constant 2015 US$),NY.GDP.PCAP.KD,Netherlands,NLD,14369.9782504069,14224.123319994,14982.6014928093,15317.7070528753,16364.8359498626,17536.8825572961,17783.9545025959,18511.9894261435,19496.2111128994,20510.8206478374,21502.1677859336,22165.2641987218,22717.6765218986,23757.1122495523,24382.224886917,24166.3402542361,25045.8849732601,25524.9215990963,26052.3514223611,26394.2639274121,26537.618533272,26149.6510424989,25707.0446398562,26139.8532389257,26833.4491203001,27397.7390694574,28005.4569475131,28365.751329384,29152.9132541223,30259.4323280832,31308.9134208148,31820.8313025199,32119.9518808361,32297.9766237802,33054.4495589641,33916.5007865382,34915.1715894675,36211.6492887576,37661.7337325878,39298.7334353319,40665.338169599,41297.3198832208,41135.4190736263,40981.8477039972,41663.1477772692,42411.3453838518,43841.1223404104,45445.522872349,46227.211156219,44304.4119317351,44659.272839058,45239.7318887962,44631.8745388789,44487.03063469,45042.0669545832,45793.8135434697,46655.0363382039,47670.1057253297,48463.0299739951,49254.0158854264,47086.5804192702,49780.8440526836,51777.5431588864,51305.6282773372,51471.0496318407
GDP per capita (constant 2015 US$),NY.GDP.PCAP.KD,New Caledonia,NCL,..,..,..,..,..,..,..,..,..,..,..,..,..,..,..,..,..,..,..,..,..,..,..,..,..,..,..,..,..,..,..,..,..,..,..,..,..,..,..,..,..,..,..,..,..,..,..,..,..,..,..,..,..,..,..,30858.7237060533,..,..,..,..,..,..,..,..,..
GDP per capita (constant 2015 US$),NY.GDP.PCAP.KD,New Zealand,NZL,17779.5357700662,18005.4122073344,18094.263293976,18820.7678536432,19555.450147485,20411.1514967337,21301.5761165437,19964.3460573597,19780.3241816442,21602.6976788854,21013.5531110005,21485.6610398904,22189.6527048373,23456.8469868204,24349.6280959155,23466.9656630273,23476.2922005501,22482.0764142658,22546.4701048063,23131.0514102156,23398.7605130664,24394.0884290782,24377.4837380871,24887.9686599598,25856.1001756935,26111.9336134112,26825.0380773859,26853.0259070502,26684.7073444704,26599.7799587614,26395.6955991067,24873.0116450683,24884.4957445909,26174.8337705197,27151.4717124485,28020.2488667404,28576.4399807986,28790.3001245608,28780.9341788,30169.7402015621,30853.807635459,31718.7628389095,32641.8202163485,33517.0893271345,34372.5891093868,35126.3341641095,35665.3533259784,36414.3173040299,35739.3584607571,35370.585185302,35489.7631519026,35957.523248516,36607.1493914827,37267.6586997514,38056.2646732554,38665.3723018158,39235.3695566636,39722.6068434219,40371.5456268118,40655.0837792873,39646.3466853422,41273.3820775381,42668.0420243621,42207.9695672422,41416.2848863503
GDP per capita (constant 2015 US$),NY.GDP.PCAP.KD,Nicaragua,NIC,1672.27644861118,1744.7208044908,1877.61357007595,2019.88717598921,2188.82131607494,2325.01525343397,2328.5857540659,2414.36617844551,2371.24274974907,2441.31574997698,2398.11905738633,2401.30052707543,2384.28263463196,2464.78252733539,2729.2971301556,2643.01314610112,2697.47745066256,2836.58656757735,2539.73418617049,1817.55422400472,1850.00093520346,1894.88127210693,1828.54514537516,1863.30005132263,1789.10508553038,1675.6223973461,1620.24861448766,1572.33304244354,1345.33743053301,1291.34380129627,1260.87382799969,1229.80604541878,1206.96231902297,1176.11536055025,1189.83516111818,1234.76828254706,1288.94097201516,1317.89046510399,1346.07276130615,1420.31830106942,1458.37490084556,1482.31517247279,1475.48635411179,1494.95618752566,1555.87425694816,1601.48770707458,1644.37193565251,1703.20780299405,1736.65740610408,1655.72028962416,1704.37875049059,1786.62863418308,1876.1759720149,1941.45628552626,2006.64869646533,2074.45620634731,2140.14405941606,2209.63273423213,2107.3396261623,2019.91518620044,1950.19181218473,2128.30881395452,2175.73899144405,2241.12235476653,2290.47162505995
GDP per capita (constant 2015 US$),NY.GDP.PCAP.KD,Niger,NER,742.408910760982,753.981029403906,807.672762509411,858.546951094184,835.221509892938,867.904426539843,840.539531726947,818.380472772694,799.123593259994,734.9092210604,737.081602875182,758.401953641467,700.360678791067,565.626253176058,598.962615904251,566.675700752682,555.074291271365,581.701168587623,641.441821701708,667.364414151822,631.839702011287,612.157290468376,607.151503137229,566.647875215942,457.605845032569,478.48763243638,493.804077148173,479.510568113117,497.164557867416,486.865683851794,465.923889536505,449.719266854731,444.632775312455,432.184449587188,426.267506763664,422.523153898523,409.039358698404,401.724988110363,427.086030331896,411.735699209485,392.898616941042,406.923493665264,412.123793192578,406.333757497876,393.398781453199,407.190931059924,415.852022114801,413.419126261066,429.195542798877,421.650901333136,441.079166112039,434.986264873953,463.066265496402,469.690214200878,482.74524741946,485.662574175279,495.017437216008,501.615305462902,519.546993483886,532.186024570389,533.194328910254,523.263179518652,566.797962983866,557.572652727864,585.01634755044
GDP per capita (constant 2015 US$),NY.GDP.PCAP.KD,Nigeria,NGA,1454.98091927783,1428.11709253028,1455.81737398163,1547.48395499883,1589.68156021192,1631.55987468263,1528.59450365696,1260.72712413534,1218.43317476044,1480.04711892566,1808.39459103972,2018.173214646,2036.69397821361,2093.63873175684,2267.04408449493,2089.85507779178,2214.32261606968,2278.69721767638,2082.55279909897,2155.789653002,2177.41578655323,1834.28760820914,1659.09814351168,1440.0174778262,1387.92176005588,1428.92742820366,1391.47877234541,1398.24883298999,1461.19132231299,1449.68017647113,1577.1961662774,1541.59066261036,1571.1902261783,1498.95895037787,1433.3886109229,1395.07488456856,1416.10189471212,1420.23877961207,1419.31770917955,1390.46921139078,1421.67987952013,1465.45720342309,1644.39518877632,1717.2145111176,1824.80269456773,1889.25175325817,1949.15856804565,2020.83316299454,2098.28339220667,2204.6072560373,2315.46676509662,2370.97657091803,2403.65387896923,2495.34106573748,2583.6155695814,2585.73360671797,2481.81490350326,2441.71236404487,2431.77857832567,2431.53528472982,2337.57587388074,2372.57314465346,2398.98622787065,2416.36198205178,2447.63869665864
GDP per capita (constant 2015 US$),NY.GDP.PCAP.KD,North Macedonia,MKD,..,..,..,..,..,..,..,..,..,..,..,..,..,..,..,..,..,..,..,..,..,..,..,..,..,..,..,..,..,..,3534.32265095546,3328.63950847977,3146.02235459166,2948.27151752275,2917.05894611342,2876.0722287817,2889.88516353778,2954.5238308875,3038.13983382569,3154.84918240006,3283.37934095351,3169.32514368931,3240.11064526089,3307.92040834712,3473.76544811451,3657.56307699216,3866.74650622977,4140.63354809364,4392.5507164151,4405.20045750867,4582.36517512347,4711.13027870081,4708.05168535923,4863.68088666968,5053.75001236367,5262.68671928674,5429.94678358359,5510.81862920922,5698.39334484489,5961.58475399191,5743.72649424581,6064.92315120022,6250.62720952063,6393.77346589147,6700.64452236948
GDP per capita (constant 2015 US$),NY.GDP.PCAP.KD,Northern Mariana Islands,MNP,..,..,..,..,..,..,..,..,..,..,..,..,..,..,..,..,..,..,..,..,..,..,..,..,..,..,..,..,..,..,..,..,..,..,..,..,..,..,..,..,..,..,24066.5361573445,24650.0405531909,24445.4618441919,21882.2927935415,20940.1619770428,20117.7037335229,18451.3905458787,15710.5807282039,16293.3059496259,15226.1308805108,15457.4258192247,16015.0349164338,16869.5270385638,17665.1007493109,23158.5744988538,28989.3470221339,23756.6075820248,21451.4401636511,15410.1186923944,16365.016735395,19461.8611129744,..,..
GDP per capita (constant 2015 US$),NY.GDP.PCAP.KD,Norway,NOR,19209.4149868198,20252.965141043,20656.251401837,21276.612196692,22174.3562311359,23165.6315351437,23851.6125771209,25132.662559761,25485.4948976855,26417.4081772762,26735.8304085133,28055.2761800734,29325.6487943286,30441.2763750485,31439.5970095727,32814.9156979978,34564.0686989618,35850.3348511628,37095.6138509086,38585.9873650226,40217.7481637267,40720.2148126234,40666.4051322573,42142.3366692884,44567.0046750609,46901.3242994389,48623.384680685,49244.9928264122,48855.8114000191,49159.7036147631,49937.4557649197,51233.0361206278,52758.9452546391,53938.0213035278,56343.0105353048,58380.568466801,61005.8800362747,63882.4765019539,65197.9463077391,66094.7354532983,67846.5968643534,68899.5268987833,69472.9836807311,69719.3122573679,72090.9862854901,73524.2549197612,74729.7365961068,76115.7066768285,75535.2118003041,73141.3073299889,72804.3956188398,72660.6754124944,73661.6785830334,73515.9144917472,74180.3238731011,74809.9658049898,75017.4944769055,76247.4116445341,76373.6474606092,76712.2871160349,75287.2059527598,77812.7115614383,79620.1635455079,78775.8494196261,79670.1420042301
GDP per capita (constant 2015 US$),NY.GDP.PCAP.KD,Oman,OMN,2354.84837826578,2340.35098184797,2761.22358425937,2830.31567381374,2774.30598973251,2726.45883180126,2803.36373992104,4549.4544111564,8071.18754392145,9884.06486534758,10961.4530607756,10760.5017745238,11489.2538016852,9570.57985616872,10302.3883519357,12294.9633240241,14168.4469653325,13631.6155316852,12472.0886586901,12343.1364832537,12406.641239648,13751.4981915284,14513.9813596912,16018.8528993149,17703.059313537,18998.6682034202,18173.3411741214,16524.1793523574,16544.4404102283,17522.6182543769,16629.4556601528,16805.7218402658,17404.1314569504,17694.1605143981,17848.8187662711,18398.7242065917,18639.2039411697,19458.9266441148,19167.755471589,18965.2142322448,19881.7364316776,20546.0554077598,20150.1131971413,19485.6441506077,19534.8601445269,19629.0451546015,20096.3965576134,20642.7489563377,22007.7338963517,22819.1977324647,22766.0503620721,20993.9079436935,19824.1215485946,19299.9400516869,18726.2026946971,18808.3077921839,18830.6057208608,18277.945563615,18269.6769435562,18089.586668488,17743.8858800477,18291.3387983888,18792.4460565306,17814.0223918279,17315.711063187
GDP per capita (constant 2015 US$),NY.GDP.PCAP.KD,Pakistan,PAK,413.961862462742,427.414442837169,435.1234635969,460.576971263091,482.253588996217,518.130266832876,533.122629474003,546.281789318268,569.341263423297,583.741428686659,631.587748383334,617.297392498723,605.334383311172,629.496808036671,632.894770036852,640.124357568775,652.838055213587,657.659383934214,688.190284180422,689.743593740588,729.775997454804,755.351886399493,775.040043703995,799.413201289567,813.98181157513,848.459508815423,865.38378020321,890.342222772156,926.557789336634,941.244309440788,950.884644833285,966.522495703734,1011.6250844611,1001.25854820003,1009.06429520182,1028.96592446155,1047.88663514614,1028.99804758369,1026.50033720969,1035.49888206288,1049.54229686852,1057.86767778646,1059.04171024589,1090.27523993746,1146.99632842666,1201.23359367214,1243.94142602543,1265.35567539842,1258.05188934452,1269.07432116444,1256.69482201323,1261.83161907857,1275.48806898966,1309.70080446386,1343.30778121043,1380.47020838317,1452.18658269177,1495.26187528032,1561.68169819559,1573.8330826937,1526.00597486307,1595.02792175422,1642.28066974826,1616.39670074066,1643.68240586564
GDP per capita (constant 2015 US$),NY.GDP.PCAP.KD,Palau,PLW,..,..,..,..,..,..,..,..,..,..,12786.1376974563,12376.6010310812,11975.8216649706,11657.7591014378,11545.8831243428,11578.0031951548,11625.5587808786,11860.5431503151,11883.2378708465,11937.6175039118,11956.9201954741,11786.357580434,11472.151887436,11413.2732412877,11644.4456605823,11962.6660717208,12310.8228241264,12699.3820454683,13105.4404058555,13540.5430958034,13982.8899177986,14335.2725985654,13103.1132104249,11222.5993741377,11756.0650207596,12715.2341889174,13672.6490118127,13636.4366132969,13596.8003546918,12606.0146844982,12100.4308019851,12771.1402365182,13307.9203374786,12776.7707498934,13172.175520174,13622.5563485424,13762.6406661494,14215.1687952627,13641.262015708,12853.6846434309,12955.2695878799,13857.9094931366,14278.8279095543,13937.0796775143,14546.652453983,15690.759707372,15598.0221837797,15076.816457849,15091.7076582015,15135.4875881995,14232.2419350844,12275.2710683481,12129.8009823299,12379.7884074482,..
GDP per capita (constant 2015 US$),NY.GDP.PCAP.KD,Panama,PAN,2809.09635546079,3025.05532015251,3177.40183990736,3345.64594329978,3389.55422433321,3590.43695377221,3749.33741417518,3952.07375864223,4107.09637772042,4328.31649576701,4500.46362211365,4796.87687678705,4879.84805400946,5004.08529485978,4992.24686476946,4948.79764940523,4905.04206487063,4837.27014523826,5183.5703549476,5289.37656995232,5840.96093713885,6229.52654445661,6409.68671715678,5979.5181686045,5999.68243599805,6152.7843025223,6229.61874146209,5982.34479877036,5069.86261679445,5039.88258973064,5333.21870442352,5712.98860533438,6053.46766447567,6252.48829508086,6299.53554013552,6280.46246501922,5799.88560096133,6122.6466478841,6504.97011881774,6709.72276088415,6856.14919005847,6787.86267897348,6825.17747437166,7037.08165700349,7468.76593139801,7935.87135060821,8557.9801770364,9507.64641073854,10288.1549911493,10267.0633151993,10698.0717633911,11761.4988547604,12668.2945474105,13236.8306754449,13611.5490809559,14082.6548502728,14474.1243636349,15045.5456426827,15375.6435074101,15602.5420867199,12647.082664124,14552.9401574302,15917.427539403,16872.8834654731,17137.3477882189
GDP per capita (constant 2015 US$),NY.GDP.PCAP.KD,Papua New Guinea,PNG,1312.56006039716,1358.94134628412,1412.56784779974,1437.51485607465,1527.22988798729,1648.27983167304,1705.99059094553,1736.12038081553,1771.43806840821,1874.00506195675,2028.5358613526,2105.15949919314,2171.49663633103,2259.80527474783,2266.53521520955,2196.98934842024,2076.43535316399,2048.9082542917,2177.15239817535,2171.05741868956,2077.58361339529,2029.42105281099,1994.61292972615,2016.07588072498,1966.70397098497,2002.02298435765,2051.25221816556,2062.9612180845,2077.6016087929,2002.68081599173,1892.30679279448,2008.35151943089,2206.99633305172,2515.6383945071,2570.33691061958,2397.40045298857,2492.07962762784,2310.98773975643,2147.04526266919,2112.0950973955,1989.57882204274,1920.78003889393,1854.41831737462,1832.67870314447,1821.84741071002,1875.82273480514,1915.2349405788,2000.9726186689,1934.03201558753,2003.24109727039,2140.50939027384,2102.03192060639,2139.48096660428,2162.10592595591,2391.3578028163,2484.5963398603,2557.09463030035,2584.8883636271,2518.45899317321,2572.56177967896,2438.61137922293,2378.3716816549,2467.23488790877,2515.29070398356,2572.03225701814
GDP per capita (constant 2015 US$),NY.GDP.PCAP.KD,Paraguay,PRY,1508.16141282722,1575.52406103644,1589.79545588368,1624.51869505985,1651.13204882209,1710.03289597261,1702.11401817257,1814.19962099789,1852.79561030551,1896.19771964484,1957.05006174244,2019.34109541627,2103.85688114327,2203.53402180623,2329.53831328205,2428.10852282564,2547.26283802519,2770.71211550828,3027.55721498509,3301.62489424794,3592.56127303015,3816.55409047898,3659.88259197454,3450.26584009734,3448.83908839232,3504.47829642444,3575.79690422229,3739.83410213482,3851.51631859871,4006.15999912344,4059.77343113311,4091.49044786451,4054.04426060844,4147.78440621564,4262.14495791711,4445.18978188914,4411.37280078232,4496.02336469138,4402.11110078249,4252.49065726668,4074.48953320404,3972.88427866686,3916.4402230868,4035.71833919883,4151.34584799368,4193.2808652562,4349.31197066182,4540.38235899198,4788.6631877791,4727.59685811395,5191.05014254402,5342.19015717376,5230.26244858764,5583.12274473463,5794.47644401603,5879.33792308671,6041.95879367268,6243.13363139058,6354.2392005297,6243.53620897773,6109.19608100615,6278.11006663828,6218.19790694024,6449.23028812992,6640.83816613139
GDP per capita (constant 2015 US$),NY.GDP.PCAP.KD,Peru,PER,2704.36949914585,2819.64448663957,3013.56779249399,3054.09341665986,3161.27865870871,3244.42752499768,3413.00557819899,3445.54689195427,3355.06834981307,3377.29242666322,3404.48746273535,3474.09968688628,3500.78314670801,3625.43301411272,3866.6634321787,3933.70255577203,3893.41831349783,3811.69775974603,3619.69303247044,3674.96184299482,3797.43621611508,3909.66676934412,3805.24470888803,3325.45532400634,3361.21738023781,3347.82743034644,3578.0009133316,3837.26769850321,3397.01630742059,2912.6643430804,2706.92253156841,2709.27754515647,2640.31373880219,2723.2842310292,2998.57693125514,3158.98338644792,3186.90077024092,3331.15151093297,3258.29746206218,3250.37802318947,3286.27308475523,3261.6642505136,3398.74991419297,3502.79165687646,3640.60299869744,3835.13219279722,4091.36268615581,4407.79121686416,4778.52642172313,4801.17153740507,5167.39259325937,5453.45718713631,5740.04346272472,6021.46142765232,6103.91864749969,6231.71150338894,6392.25474941014,6457.41940254721,6593.14437459526,6626.26083494969,5831.83024758521,6547.84718181776,6667.51695632036,6568.0002779793,6711.19403272527
GDP per capita (constant 2015 US$),NY.GDP.PCAP.KD,Philippines,PHL,1123.78209980486,1150.62906586528,1168.60880125748,1211.82149959902,1214.70925760191,1241.10921652117,1257.98440669165,1285.2931010298,1311.52148738311,1334.73174869948,1348.64912771152,1388.24899930969,1430.58532244744,1522.01742049488,1540.04224351715,1587.49928255808,1683.65998853926,1730.59409726768,1772.22820167607,1822.1450227022,1867.56862352125,1881.81520256172,1898.13930580212,1878.60173410166,1696.57673822151,1537.66555840437,1551.40892775445,1576.97337027736,1638.03682404026,1696.00236347127,1704.07568899121,1656.38349704781,1624.34939806129,1620.35505833942,1654.74613902838,1693.80873081644,1752.23800104559,1800.25913137613,1746.52590513282,1759.42105225652,1793.34761146436,1807.70892524758,1837.25429286854,1892.82161995051,1978.34489133113,2037.8776605946,2110.42044781284,2209.34651083329,2264.9462907288,2256.72554835463,2373.14312064664,2416.75212064542,2533.74141964959,2654.41506933978,2776.92005909479,2909.85818010301,3076.3374186759,3247.4503878362,3410.93647976109,3575.88170922922,3198.66690008413,3350.97587587776,3577.70136573244,3744.69763802928,3925.3048697218
GDP per capita (constant 2015 US$),NY.GDP.PCAP.KD,Poland,POL,..,..,..,..,..,..,..,..,..,..,..,..,..,..,..,..,..,..,..,..,..,..,..,..,..,..,..,..,..,..,5111.3453296443,4735.9276980893,4840.16858549117,5008.34908886395,5262.31523522496,5671.89573674798,6012.95806433166,6391.13172823376,6684.11477782234,6998.79475144289,7401.57697647848,7494.96089503246,7640.99307757777,7915.55424389704,8323.38773754587,8598.57681241557,9137.65850849801,9760.7042604352,10187.2017910883,10446.5289138524,10808.3975674238,11370.313427173,11542.2353368014,11628.2286809525,12093.1622787394,12637.5220324406,13026.1858988718,13695.6452848724,14551.0850277089,15221.3090624454,15090.2228440113,16368.6239689025,17303.64494323,17410.3830137066,17984.380010913
GDP per capita (constant 2015 US$),NY.GDP.PCAP.KD,Portugal,PRT,4066.96725464418,4257.6538691273,4506.63564476968,4752.1252885319,5049.21862719919,5448.51727942338,5713.62845312916,6183.79181931929,6761.48794851941,6967.12461185268,7669.77191208525,8213.10500344141,8885.14068671848,9877.28040421384,9851.78075239642,9072.05089107636,9426.10705985707,9849.08355251861,10017.7579372162,10469.8135612755,10832.5267890094,10912.7742953375,11077.8730054354,11007.5060765324,10759.1131242255,11030.9534865926,11477.2965396582,12212.9984451295,13141.2966542008,14008.1058857802,14593.2705310787,15265.8793258478,15444.2005375153,15110.1392805925,15214.9307775929,15811.717157492,16304.3794640731,16946.0868790705,17671.3135180573,18258.0911783113,18822.0933119456,19053.0899464433,19095.1102477762,18846.5411903004,19137.8370891182,19251.7145052945,19529.3122069254,19979.5706224764,20014.4749270815,19371.1318849497,19698.6836746927,19389.6395868833,18679.7626802294,18597.7214646143,18836.8967994149,19215.7813014347,19662.8231226536,20364.1963666527,20997.7744918249,21569.1874639961,19778.7138519007,20747.6991633543,22042.8682074432,22311.3052246654,22479.2027111103
GDP per capita (constant 2015 US$),NY.GDP.PCAP.KD,Puerto Rico (US),PRI,6307.40729273886,6634.17460480037,7037.95690981374,7481.3063755951,7854.21072427467,8445.13486921158,8971.25300484044,9455.06963790206,9883.65391549028,10721.3194257597,11476.950423649,12012.2119183888,12622.2837580479,13136.2534761284,13241.1544199625,12914.147028929,13495.6681144974,14091.1890829061,14871.8653023492,15851.8922762492,16329.153469581,16330.4184264981,15905.0194229893,15374.5117759022,16125.056991684,16463.0021217712,17117.4157619962,17935.0349328595,18815.9165317687,19453.7669223263,18733.6452536405,19030.2415359969,19770.7684693589,20515.5207259978,21176.6701749814,21936.4179114827,22193.5791326619,23061.3344942222,24197.3097487888,25374.101701053,26131.9630643584,27722.3671872748,27940.3826219734,27937.8165922567,30375.7895758237,29815.216422231,29519.7386759729,29347.8460041613,28976.1310520159,28565.767919549,28569.5077088001,28706.0207514856,28968.6942131352,29115.3549161996,29141.2038639816,29242.041465085,29326.5748761873,29061.5563802711,28808.8518638025,29185.0969964707,28144.7223184239,28416.6231262223,29643.7408907829,29943.3854973969,30914.3660454255
GDP per capita (constant 2015 US$),NY.GDP.PCAP.KD,Qatar,QAT,..,..,..,..,..,..,..,..,..,..,75772.7662679911,73839.0944989145,73532.8310010297,73744.3404408212,71286.8587304743,69330.9888458745,69382.6139783951,59679.7489355926,60529.9560378642,59542.2423253994,55253.8106422396,52401.4404787492,45982.0956020623,42654.7862100155,42309.9926342738,39368.8959543709,39682.2413016259,38241.8097772146,39095.6038311878,40125.0328862519,40125.4450320925,38185.1513329494,41171.7235066225,39377.8741609676,38744.0142152536,38526.8534768908,39095.0579501611,48844.9174942535,51513.6335015126,50917.3964102353,52234.4244373565,51633.9606840175,52752.7081230353,52255.3835016224,59990.3064867664,60416.7829217551,64676.3968892258,61423.0870888622,61213.7943874193,60781.874945265,72333.9848623762,81608.5716870182,80621.8607158041,76486.9692979253,71756.0649338302,68985.2946961507,67294.4585771356,64497.6987225375,64410.8171280981,63430.4607609581,57769.604104354,65488.5117911123,64315.6263643699,65111.033321485,62188.8278641742
GDP per capita (constant 2015 US$),NY.GDP.PCAP.KD,Romania,ROU,..,..,..,..,..,..,..,..,..,..,..,..,..,..,..,..,..,..,..,..,..,..,..,..,..,..,..,..,..,..,5019.43702748333,4409.1517208357,4059.09860455382,4126.76859277572,4295.27065788629,4572.25803354276,4764.63682106299,4546.66753054721,4463.60791806212,4453.78126046181,4569.30914768462,4875.30310600635,5248.54994632668,5410.30835796252,6008.64048461485,6328.09022324183,6876.77841417966,7483.97375820611,8318.00342795388,7924.87058070212,7660.70667630517,8044.57194920892,8234.28553425194,8287.95844089676,8661.47397274241,8977.01748158196,9286.87678236598,10106.2269557253,10788.015091463,11270.4758020159,10916.3126056493,11607.9771173075,12114.8715109948,12399.0008278388,12493.4260577329
GDP per capita (constant 2015 US$),NY.GDP.PCAP.KD,Russian Federation,RUS,..,..,..,..,..,..,..,..,..,..,..,..,..,..,..,..,..,..,..,..,..,..,..,..,..,..,..,..,..,8105.89501953125,7849.51904296875,7432.021484375,6345.912109375,5798.91455078125,5071.74267578125,4862.646484375,4686.86279296875,4760.33935546875,4515.50927734375,4819.38037109375,5323.66650390625,5618.95556640625,5910.171875,6370.45361328125,6856.67822265625,7323.38525390625,7949.89697265625,8640.40625,9093.7001953125,8381.8681640625,8755.1201171875,9120.8203125,9464.0107421875,9601.537109375,9493.8125,9277.7138671875,9269.3193359375,9418.9140625,9674.787109375,9882.0244140625,9632.3251953125,10231.318359375,10119.0625,10562.0263671875,11043.259765625
GDP per capita (constant 2015 US$),NY.GDP.PCAP.KD,Rwanda,RWA,335.440569188114,312.295048892812,339.04184815098,298.910296372133,255.692581872789,266.551579626314,277.262742571214,287.621605129581,298.387226887968,321.172800820756,330.236201525271,324.489941639818,316.070397043816,317.553390370859,312.732594761791,297.252682011397,344.884463971359,341.522818232493,361.897103653233,392.811021970489,414.885272342933,423.670748912464,417.422791903485,427.870791259589,396.15353784625,399.872395824799,407.894134140542,394.64824201215,399.466315450522,387.279968470326,368.219602681015,351.728543069516,364.809207173189,322.716818934721,188.65827860434,305.38782467458,291.210840684797,286.805194657672,299.60113990408,310.098130415931,333.355090374626,358.446058940421,400.270421542931,400.191620926691,418.780997568334,446.029809946207,474.364599792791,497.17162247587,538.325372439502,557.397805246373,583.371416824681,614.539650549868,651.852819118597,666.408789246049,690.61039542404,733.998630392314,759.606288682716,771.069238049151,817.578437867905,874.639659543485,826.391308275017,896.271034197517,948.413687606773,1004.33216719782,1070.45003845277
GDP per capita (constant 2015 US$),NY.GDP.PCAP.KD,Samoa,WSM,..,..,..,..,..,..,..,..,..,..,2426.50140905931,2713.75861507558,2718.01973633836,2876.83917859234,2519.47781408786,2361.78247984541,2520.01001063196,2459.15342216343,2586.58842793436,2842.21967740579,2642.83412063183,2384.5320209018,2350.19488924474,2357.06875047975,2386.24368254951,2478.98471196715,2612.12337560311,2615.34940653937,2567.13985910386,2655.65474358004,2534.12204893501,2471.07143007975,2452.18685335209,2531.28193070432,2447.20260205264,2589.40524057852,2751.65426684601,2746.33660844689,2785.31171323751,2824.55330392791,2945.37217923198,3137.46403765812,3291.3424477268,3444.99857743289,3535.73813824914,3755.78242822467,3820.92239453139,3818.25503804332,3925.8743329936,3875.94291686166,4081.15535978003,4201.45663738908,4007.91092846814,3976.39289268132,3967.23730470679,4084.36083819933,4373.23792440391,4393.37316255965,4321.00518344962,4466.08075482035,4283.07280337978,3945.71948874755,3710.62462714769,4026.10094270386,4378.05393678263
GDP per capita (constant 2015 US$),NY.GDP.PCAP.KD,San Marino,SMR,..,..,..,..,..,..,..,..,..,..,..,..,..,..,..,..,..,..,..,..,..,..,..,..,..,..,..,..,..,..,..,..,..,..,..,..,..,48409.5476837524,51376.4362163713,55318.4458342113,55806.9219720449,58173.2936031775,57615.4100635074,59090.2331058555,58393.2236678918,59049.5774485921,60604.3508911242,62776.9461598748,61572.7435735639,52873.2681862909,49672.6977770841,46450.0251706982,42082.5554467713,42293.4870685544,42492.8509160139,43146.8240435428,43886.2146896896,43057.7784775102,42818.6962696679,43525.4225717352,40506.8521137898,46834.1395065822,51277.3460993917,..,..
GDP per capita (constant 2015 US$),NY.GDP.PCAP.KD,Sao Tome and Principe,STP,..,..,..,..,..,..,..,..,..,..,985.09180236877,1015.74666793194,1017.08121320436,1011.34975679533,1045.17670623037,1075.52552217484,1065.93941593131,1281.27707655704,1283.3570836238,1454.96872023117,1405.76061531863,1234.82085380117,1249.50268222753,1179.55626040759,1087.44153359985,1163.80724250137,1071.36164381493,1014.69125831664,1008.24359402711,1013.50760361265,967.490807502814,957.946483063679,946.482495103288,939.606669438019,943.891404294867,947.331538535199,947.030151309961,942.971185295678,953.9855008639,966.2268289095,959.938180991352,973.424252100436,982.32906557627,1036.86196260207,1047.05796134884,1089.14778798762,1157.0861446542,1170.51612474435,1214.14114724792,1225.60541902997,1216.3502521663,1214.96130276731,1225.6945255615,1263.70423995281,1301.32146445028,1298.10946596396,1342.533807689,1375.59403284199,1413.84348618541,1420.66008316091,1430.84119299096,1428.28676097975,1403.23356704678,1380.60169416257,1365.43697645302
GDP per capita (constant 2015 US$),NY.GDP.PCAP.KD,Saudi Arabia,SAU,16039.2914861638,17298.293002979,18662.1709966542,19550.8030373597,20493.3238237963,22142.5223049519,23078.4502404354,24200.3423309688,25058.3006930606,25526.1820461871,37361.6585899953,41183.7863535133,46644.4807983879,54345.6747311957,59924.2484951345,53743.5631866677,58684.0931086193,58778.0556094879,55609.8360446202,58225.422273254,58094.2921854594,56355.6151035111,44478.9420537359,37250.5135148497,33693.40348127,29520.521333039,28170.2401365966,25788.646157361,26066.2475442659,24884.3319341109,25918.9650837526,26742.682261559,26709.0328186878,25649.064468644,24808.6528928408,23876.246129794,23699.1352161738,23406.0346643453,23179.8581162861,22214.4256445476,22247.8566987439,21193.0922894351,20025.4319998274,20765.9387688082,21545.894988606,21838.1915349374,21616.3355772516,21196.7926036633,21629.8405734551,20577.5453445336,21830.1424272816,23314.565137181,23643.028607702,23057.3562910391,23404.7306039825,23256.1549553531,22783.0389617254,23035.1199977707,24393.5188306638,24905.6634541027,22827.671935548,24922.6716948944,26706.917926066,25634.8237547841,24917.1860137319
GDP per capita (constant 2015 US$),NY.GDP.PCAP.KD,Senegal,SEN,1151.00213857223,1152.52290412241,1118.94105784212,1108.08162394471,1118.91076488152,1101.64022957194,1100.59486152036,1055.3388045333,1088.7452650791,987.490527976809,1040.51139206618,1008.44746972351,1041.19576478941,954.176200047314,965.741329994361,1010.12268801923,1071.68040327701,1017.81439448073,955.002175635959,997.714580570366,1012.16661480231,1037.70140590886,1091.73478914466,1002.79157255651,1014.21873121746,1020.46425733551,1022.55326037551,1055.32454152497,1016.8279275159,1027.27575950199,990.777522619822,988.63221583773,974.054860027128,960.506561720788,934.692068072302,960.84709282163,956.588791201654,962.736689457399,995.979085689636,1033.76396461633,1048.37474052363,1067.36886550595,1042.25509944289,1074.38578467686,1098.20064546027,1119.0505307548,1118.7830430051,1123.99862153285,1138.66883930214,1142.65317233964,1153.53431121583,1139.74447892639,1154.05677992367,1147.3859217191,1180.7987108505,1218.00613555438,1257.40906915928,1312.10932776049,1355.09610863712,1379.60875249861,1361.79143748646,1414.5395109385,1433.1991875241,1458.96642332589,1523.74520908034
GDP per capita (constant 2015 US$),NY.GDP.PCAP.KD,Serbia,SRB,..,..,..,..,..,..,..,..,..,..,..,..,..,..,..,..,..,..,..,..,..,..,..,..,..,..,..,..,..,..,..,..,..,..,..,3012.49818951388,3200.76826306115,3497.55046734497,3699.40387054927,3329.45173036535,3542.35373929055,3788.9822937535,4038.65254639261,4233.77646622459,4527.43497714122,4809.13847725945,5016.41284072937,5431.27888961402,5735.94771592691,5578.01198011964,5690.7032693018,5737.00119892159,5739.30750190714,5793.33614236087,5716.5404784933,5820.3215576888,6024.95753018527,6200.26060347164,6524.0796846826,6870.75746352687,6850.96677811138,7465.67530944906,7857.40327149497,8210.55401378745,8575.54773507532
GDP per capita (constant 2015 US$),NY.GDP.PCAP.KD,Seychelles,SYC,3169.8719362006,2931.52295872465,3094.82323303369,3322.94260496593,3432.56045494626,3311.93105019453,3679.30050746873,3608.07514941437,3787.78708615717,3698.74352837889,3934.10745937442,4466.48702153242,4635.19530046487,4978.1966610497,4952.09433656679,4992.67635279626,5689.07506488881,5226.17270451846,6294.51380248905,7226.36841156741,6795.44213443153,6453.04441345632,6282.31243363473,6251.16837292603,6481.83312252185,7091.31069778707,7100.93735358387,7137.55603586632,7489.74029923645,8210.90696953337,8779.85231337378,8902.83798776266,9497.7554107084,9981.2446035158,9481.8805265777,9388.81967720743,10177.0904671696,11284.8459766598,11339.3481297046,11326.9386083063,11703.7535246117,11427.9413083015,11218.2606464315,10677.9692081272,10412.0868936027,11297.3118190493,12105.4475265558,13112.8210098816,12473.2921769121,12116.3783687977,12313.5566919249,13843.7116081878,14135.0010570653,14050.3135581314,14395.6158118771,15333.1051727105,16962.6753972731,17921.5731976918,18628.1862276696,19481.6461053742,17048.361729788,17005.0422063679,15869.6738782504,16242.4365925219,16586.4074964781
GDP per capita (constant 2015 US$),NY.GDP.PCAP.KD,Sierra Leone,SLE,884.057109677123,886.038579044035,911.239720141178,911.161475061012,955.181698510419,1005.40380599095,1003.80265359623,985.455777250999,986.44073219059,1050.49379146851,1119.62920786369,1137.08055497495,1126.45855224582,1130.75817630364,1148.89179729739,1146.78716522182,1121.22071390809,1101.18995150596,1106.11941393464,1133.68037540161,1165.12783269719,1174.70023539592,1205.86429259504,1155.5985621559,1176.83294082111,1089.92411667933,1076.77818848429,1124.08995764348,1016.68318068952,998.840220254123,992.259351903398,1003.77238254224,828.51603528816,841.770438677327,822.218308559005,755.343468884393,764.924516910528,710.743788001185,716.346034494679,698.548065299734,727.240913361187,642.036644925852,766.788692402944,806.066488798349,829.759769213077,842.906031896422,859.824260714965,872.68836234614,882.54147817868,872.23959352481,902.769891411394,950.760763054593,1025.04366004502,1146.81973456475,1032.23789355905,964.575980888989,1002.77862282013,1010.54694071207,1015.6678297205,1046.96778078594,1010.25294614757,1045.7661615758,1077.08884538507,1113.86837500697,1134.09253363573
GDP per capita (constant 2015 US$),NY.GDP.PCAP.KD,Singapore,SGP,3611.95365142064,3777.39463491526,3951.76046995379,4239.9926615122,4004.45879353131,4214.50928654512,4529.52603020969,4984.78417700352,5562.32007695611,6237.25093664419,6997.19902931212,7722.8645117911,8590.60864812538,9325.56611338064,9732.7270627095,9974.22091805681,10572.5669041736,11141.5797970038,11863.6939677002,12834.1600895857,13953.890170834,14737.3005854209,15106.2507664821,16186.9145138401,17280.3703822303,17149.31550146,17396.0281363675,18986.7527003627,20595.9751389187,22031.8971300219,23272.7000932159,24132.7153290621,24973.4311358112,27139.9524278985,29220.2727915476,30379.8991144598,31349.3171805131,32835.2518506082,31043.108180076,32557.0469904063,34890.0811365168,33597.8690808226,34598.8267483781,36709.7965038255,39856.6356222613,41798.4880834671,44159.4101820552,46178.8139470199,44601.5799302699,43331.8746638962,48752.0515441859,50713.5326393594,51679.352717333,53298.9728558286,54681.9336458253,55645.6068614606,56986.7853102911,59485.3015873921,61250.3476672302,61345.5291820062,59189.70385743,67731.2610711717,68218.805333562,66167.3596303607,67706.8336149739
GDP per capita (constant 2015 US$),NY.GDP.PCAP.KD,Sint Maarten (Dutch part),SXM,..,..,..,..,..,..,..,..,..,..,..,..,..,..,..,..,..,..,..,..,..,..,..,..,..,..,..,..,..,..,..,..,..,..,..,..,..,..,..,..,..,..,..,..,..,..,..,..,..,37548.9474627441,38403.0705201664,39615.1371367338,39298.9873567827,38889.7715088035,38623.1999405819,37839.6283815163,37428.7027557069,33945.4185182499,31047.7241050626,33877.976645467,28920.3773007159,29834.6350068383,32316.8721521009,33066.2495331081,33749.0961899889
GDP per capita (constant 2015 US$),NY.GDP.PCAP.KD,Slovak Republic,SVK,..,..,..,..,..,..,..,..,..,..,..,..,..,..,..,..,..,..,..,..,..,..,..,..,..,..,..,..,..,..,8597.46391527645,7338.79874023232,6843.30017436782,6946.84564117976,7348.918397432,7755.6233338553,8212.83193942756,8647.39434311517,8966.21926231252,8914.68326467255,8997.21199594319,9277.35808851002,9690.68468262889,10168.02256533,10718.2101858841,11412.1593630008,12430.2015488557,13770.9602691527,14497.1114407172,13680.7537106597,14596.1477776887,14950.8735178599,15159.6570420004,15249.8824513785,15647.6491763517,16442.0760860018,16740.7413996428,17195.2888721963,17869.0149173679,18250.9802475637,17763.8563847352,18816.239379058,18952.4452860922,19381.2460735632,19797.8656757202
GDP per capita (constant 2015 US$),NY.GDP.PCAP.KD,Slovenia,SVN,..,..,..,..,..,..,..,..,..,..,..,..,..,..,..,..,..,..,..,..,..,..,..,..,..,..,..,..,..,..,13615.5858551079,12395.9177738027,11735.8460839822,12098.3414794506,12757.6301865941,13278.7428559643,13674.183297426,14400.670888341,14874.2904782546,15646.6885879812,16146.1216848394,16576.7158840406,17099.658209132,17635.3608581831,18425.2601213581,19102.2776603905,20166.5323431214,21485.780992381,22175.2369557321,20307.6188322273,20444.1201295876,20535.4155754108,19894.8697964548,19704.2186005128,20228.7081986391,20697.2748530619,21309.7122138949,22397.7634988337,23293.966665323,23943.1800949889,22811.8050540778,24659.2499382582,25276.9359105789,25708.8692594475,26045.885218566
GDP per capita (constant 2015 US$),NY.GDP.PCAP.KD,Solomon Islands,SLB,..,..,..,..,..,..,..,..,..,..,..,..,..,..,..,..,..,..,..,..,2211.58798966749,2097.67551414204,1992.78025273894,2000.7854676883,1937.46099936846,1815.03273059725,1753.11438313886,1840.38750654081,1804.42269759638,1822.71021603378,1805.7455346015,1856.38271673266,2029.96795439512,2049.29308753255,2151.04597183789,2299.99401501925,2270.47720120585,2186.42335260732,2153.37470167047,2086.02456092051,1747.73099551254,1577.66696008378,1504.85795225232,1573.85522149264,1664.58030147977,1755.72812344484,1796.71896309507,1830.23675931387,1911.19452897184,1930.45659372799,2058.95426620207,2132.01998399541,2105.90758922315,2136.72036781191,2085.15500132222,2045.47889485251,2084.24598380679,2075.36230008714,2061.89784418456,2043.07578936317,1930.64258596415,1933.17055918223,1932.78966817916,1937.16001505132,1939.81288626967
GDP per capita (constant 2015 US$),NY.GDP.PCAP.KD,"Somalia, Fed. Rep.",SOM,318.824826584247,300.513429927182,313.492610868767,313.980360234407,287.182893086447,263.102792359549,279.600767518561,288.543367817636,286.759457432346,274.575438546072,279.670909034064,278.264327679531,311.4164264245,266.402554956813,261.538388550601,292.525184353143,279.998608750808,309.814719435228,305.259525649075,256.278933202745,239.47024347351,252.485050366421,258.564156472592,221.453992833647,220.505292974976,231.96066199892,217.822044975268,231.385120661851,239.054073867161,252.360849486709,259.400021870078,277.598802350589,266.498410042764,269.40620462247,210.446194601656,211.087530841726,219.93638187358,214.852351289127,219.712160749181,226.444111028756,233.032393086367,239.839074088085,248.63645400073,257.910337235939,266.257271856728,275.457040797985,284.470789865218,294.210404466723,304.741448811017,317.038184814601,329.970504936986,349.577449077691,369.617204753385,397.108796344858,417.516796906395,445.583080073396,458.921476824606,506.50109887946,498.981065013872,494.559378705297,463.03252483819,461.842094673158,460.29964584736,465.160696448976,467.087176234542
GDP per capita (constant 2015 US$),NY.GDP.PCAP.KD,South Africa,ZAF,3993.43679652042,4032.2227245037,4155.85711467972,4329.07391977209,4532.23430548773,4664.09699107786,4722.49942007925,4906.85685086378,4953.80064833126,5029.64691362757,5135.5615026895,5200.7432180827,5137.37692437712,5220.82176643606,5385.83133677931,5327.51843473453,5301.98639575895,5155.68575875517,5168.06930314104,5220.72505658187,5399.54067871187,5498.59203384975,5291.38261097586,5015.37142372166,5091.71936365917,4865.05694085787,4712.81869464239,4664.13011613961,4714.22284174624,4687.291051902,4544.23023212165,4396.36069450543,4225.814328485,4193.59826135345,4258.26184733408,4337.29729686998,4465.50649854807,4527.04992403877,4494.85711232358,4552.85007973031,4700.87555500704,4786.482450463,4916.81498068625,5011.62223150169,5187.35683424034,5406.07581377638,5650.9883176549,5891.42069421698,6009.71963138635,5847.05811084505,5953.94506512821,6067.12482726885,6121.55783860713,6170.87670863373,6155.00589462516,6112.27382485974,6095.295060428,6125.6920507497,6117.2701406047,6032.82972598668,5569.58483319272,5756.19549409213,5783.86090401536,5747.41965026414,5708.96442241707
GDP per capita (constant 2015 US$),NY.GDP.PCAP.KD,South Sudan,SSD,..,..,..,..,..,..,..,..,..,..,..,..,..,..,..,..,..,..,..,..,..,..,..,..,..,..,..,..,..,..,..,..,..,..,..,..,..,..,..,..,..,..,..,..,..,..,..,..,2289.18415375563,2293.80166888543,2295.07026096006,2073.23981819145,1069.19619080938,1165.16202707495,1197.09491969479,1080.14718624765,..,..,..,..,..,..,..,..,..
GDP per capita (constant 2015 US$),NY.GDP.PCAP.KD,Spain,ESP,6284.85197897282,6963.89798499135,7586.92104922972,8242.39256135682,8594.11568014791,9032.89961283128,9588.73319424273,9882.54411828384,10397.6393444975,11212.7189280648,11559.5954799611,11952.1509075931,12784.2827351544,13628.5600609114,14237.9022757881,14161.1462399115,14475.2082357205,14733.6858232099,14805.9881866507,14682.1319378567,14886.4067025715,14761.3776341084,14855.9108518513,15045.4001753188,15250.4535062705,15548.0400421709,16005.9732611803,16850.0903528198,17670.9748560478,18494.9397646048,19174.77083233,19612.9766041957,19698.51176766,19394.4931411816,19762.3886289154,20217.9031940372,20658.8402775701,21310.4311888986,22135.4045018802,23017.838771323,24106.8818529374,24878.3784543991,25205.3154769045,25481.1653690112,25825.3106463315,26294.447384391,26899.0921497113,27338.79541774,27112.526293889,25860.8142592652,25766.2515825743,25510.5579678829,24763.568274484,24498.5559507945,24947.8512505913,25982.4416197775,26719.2442268615,27426.281015093,27956.7225466484,28301.4393949563,25077.019882928,26705.3629138959,28152.4661471586,28569.8436387056,29192.5674026312
GDP per capita (constant 2015 US$),NY.GDP.PCAP.KD,Sri Lanka,LKA,..,659.300823889429,667.9828225341,668.240297672251,677.506014588292,677.922047676145,694.98430708035,722.08263303294,745.825190701908,784.80440695474,796.868368807394,790.251933436674,771.199691231896,809.714794482224,825.386340352758,860.222496212867,872.94723472542,900.976974225708,934.57105877288,976.036292036749,1014.42362079808,1054.38566638778,1084.60957211565,1129.27072261629,1182.77526470107,1233.73418258244,1272.15733985744,1279.04223350911,1297.45961840579,1313.41060291847,1388.58951823335,1441.62996809528,1481.33110127451,1556.88467456091,1620.2912104558,1681.35053208093,1712.00815802791,1787.41017985524,1836.38946262206,1880.1067802774,1956.93310381072,1896.48251734068,1951.22522777045,2052.03045078787,2149.10628588002,2268.68801270049,2426.34873273046,2573.54362192705,2708.58594222506,2787.27350976338,2993.0141151074,3232.37350380893,3484.79049043958,3728.9358665501,3929.92062023571,4057.7158346231,4214.74117992085,4436.00789945768,4493.03575444544,4455.78189608267,4227.23315306594,4357.97225779491,4033.14561476298,3964.91987394354,4186.4986638365
GDP per capita (constant 2015 US$),NY.GDP.PCAP.KD,St. Kitts and Nevis,KNA,..,..,..,..,..,..,..,..,..,..,..,..,..,..,..,..,..,4474.44162151065,4664.55711811818,5040.41499881822,5489.17511917791,5593.93046876973,5646.52293616151,5740.25408985267,6281.96829091358,6858.00144737872,7649.33908016446,8203.61881033902,9022.84351759517,9588.26287871082,10136.986550185,9966.20374372867,10300.5415354294,10860.6034990877,11290.2168438156,11743.3784162332,12269.7967435843,12940.7852855874,12710.9629751883,12942.857504219,14039.0281125333,14610.9099610508,14727.3908829316,14100.3067967234,14619.795111247,16000.5658929826,16457.8622372067,16508.1437081315,18325.7612670282,17671.2547069735,17688.0690103409,17958.6813977053,17770.4963640576,18773.8926898397,20187.8061975481,20328.8003530109,21133.6575914414,21191.6047083703,21635.4972146482,22297.7644995701,18918.8263456611,19031.8211910603,21024.4472094197,21911.5163009526,22126.8772392152
GDP per capita (constant 2015 US$),NY.GDP.PCAP.KD,St. Lucia,LCA,..,..,..,..,..,..,..,..,..,..,..,..,..,..,..,..,..,4232.4586355695,4600.42587188172,4706.08425966862,4533.61559072062,4745.07534839001,4768.47313298112,4926.91157454487,5200.74079176013,5540.54774876871,6238.03997462967,6386.06815363835,7178.18209891858,7736.20939060312,8418.43121970586,8349.33748060159,8879.90075764079,8800.62691819002,8808.68294405759,8822.50069854295,8945.86353079673,8759.56755308065,9183.3516374622,9306.76032489833,9198.93894352203,8795.54582090658,8755.45939353129,9054.06778374517,9637.37801390276,9527.58469430542,10045.6504032593,10147.4432459936,10583.4310172598,10219.8024011561,10191.3146827694,10576.8979743596,10517.2777635533,10279.4155096001,10369.9382566513,10334.9860823918,10644.1612913407,10960.4843512477,11233.8883578457,11114.7785940338,8379.27495097388,9336.92127417129,11224.2899455738,11440.0829538276,11854.9517233237
GDP per capita (constant 2015 US$),NY.GDP.PCAP.KD,St. Martin (French part),MAF,..,..,..,..,..,..,..,..,..,..,..,..,..,..,..,..,..,..,..,..,..,..,..,..,..,..,..,..,..,..,..,..,..,..,..,..,..,..,..,..,..,..,..,..,..,..,..,..,..,..,..,..,..,..,..,..,..,..,..,..,..,..,..,..,..
GDP per capita (constant 2015 US$),NY.GDP.PCAP.KD,St. Vincent and the Grenadines,VCT,1886.32867615812,1937.69876264836,1977.81973044764,1826.94948823929,1868.12096538773,1860.23610428068,1837.50150191119,1643.36334761877,1731.76374528238,1763.78570808684,1934.87879878276,1973.63270190958,2460.13810369449,2167.06343180797,1958.74772085188,1794.73156560767,1965.11159232195,2207.58884292469,2405.13717985941,2469.59167179968,2512.073732135,2606.46896497627,2700.13153397121,2736.24784932873,2893.47310426376,3049.08141735958,3196.98770124886,3189.97346395772,3617.34725271639,3647.95195151703,3780.96337902128,3809.92855111594,4042.58490087582,4205.9756394851,4146.76955393898,4463.73517266995,4518.34640430572,4675.81188533373,4865.3845953016,4989.05262665376,5062.8308005303,5153.33775703972,5436.01127697085,5810.31291683019,6065.79528129188,6238.03062132233,6700.48065597991,6953.11709388397,7012.88002960716,6948.77356913743,6671.2735357515,6667.81702530981,6783.80062180219,6989.48254510922,7116.35480304653,7353.73556054184,7702.61696422722,7864.94736898375,8171.70522599219,8286.26735004137,7981.64858144827,8203.01335227809,8524.0898518317,9042.17816116696,9475.57408275351
GDP per capita (constant 2015 US$),NY.GDP.PCAP.KD,Sudan,SDN,851.732421875,828.766967773438,861.476318359375,813.293090820313,780.661743164063,808.854431152344,757.518859863281,746.402099609375,739.073913574219,727.628051757813,748.2431640625,742.029479980469,682.653015136719,661.991394042969,711.013854980469,795.953491210938,898.202575683594,923.200622558594,837.251831054688,765.673095703125,747.91943359375,773.544799804688,790.597045898438,782.225158691406,726.964111328125,669.103332519531,692.196655273438,776.530822753906,764.454162597656,823.076843261719,764.450439453125,805.367309570313,842.008605957031,862.978149414063,850.299438476563,877.693298339844,908.66015625,1050.31994628906,1069.27197265625,1074.88098144531,1111.11865234375,1150.17626953125,1185.21533203125,1226.42077636719,1255.67114257813,1290.24438476563,1336.1240234375,1372.10961914063,1381.62561035156,1301.34729003906,1311.22314453125,1388.21813964844,1288.25854492188,1283.45922851563,1307.3896484375,1292.37963867188,1297.15454101563,1261.87353515625,1185.94445800781,1126.55297851563,1056.86474609375,1009.54888916016,973.225280761719,677.723205566406,581.555847167969
GDP per capita (constant 2015 US$),NY.GDP.PCAP.KD,Suriname,SUR,3940.0813479359,3994.89569571431,3988.11140027838,4025.39761164569,4120.48612086465,4456.89702951005,5133.97497313157,5561.3080987637,5782.53661381848,5840.34086091936,5799.86722281584,5834.02486729504,5719.04237661422,5639.38579790557,5692.08851903754,5888.95396298107,6454.72147950716,7172.62107128024,7717.46333376568,7750.38885062687,7110.25141539986,7613.41613760027,7272.42377342797,6948.36988386005,6754.87416435162,6804.88235329589,6765.64454752431,6272.92938552246,6672.84558173621,6847.85742586796,6474.95571162121,6609.4013410012,6594.9041494915,6127.17764098658,6290.15749631679,6184.2834422862,6114.83571706509,6330.13718248353,6343.51344766536,6127.31035739875,6128.31602380553,6255.55274185687,6301.31731043167,6567.84309876847,7021.98919924338,7261.8171350196,7599.35696921481,7897.25648915828,8129.11464659446,8276.69079768793,8603.90786745855,9003.28597674886,9140.92898611536,9303.46008775809,9224.24378410547,8813.61705392067,8293.31553031406,8338.69235401862,8666.64870697797,8677.30522021731,7213.10766669943,6973.89941868115,7081.33357325783,7195.10209033209,7334.74148051558
GDP per capita (constant 2015 US$),NY.GDP.PCAP.KD,Sweden,SWE,16812.1516240215,17683.7975832265,18335.5525204348,19203.9132563583,20361.152432127,20941.0909368293,21176.4666194924,21721.8399875772,22386.0274390337,23342.7425074727,24622.9478688502,24685.1047759294,25175.5783823278,26129.4639426887,26887.0053884814,27464.0686199554,27653.9107263575,27116.006990994,27510.7438552082,28504.8851766187,28930.6720913254,29027.4269175514,29373.0783725982,29917.8065250357,31154.8675235362,31775.4021035294,32554.7804712341,33534.5321330053,34234.9882115333,34910.1676569683,34902.9205913017,34268.5547106112,33673.4365886925,32786.8795050758,33861.9713554808,35063.900901103,35604.9683668007,36675.207716884,38211.1186223064,39785.3801551236,41561.0967199358,42013.7004290176,42831.0188566865,43474.5792121957,45113.8308507663,46188.8411096468,48077.440868765,49261.2399479074,48427.7563790621,45973.5537677715,48204.6580769325,49355.6899477279,48788.8671210682,48927.5973079916,49556.7004954366,51197.9529341175,51746.6969646457,51985.9324672002,52363.3829129568,53156.8613139843,51715.7810359674,54458.3535629927,54878.2919499171,54557.129996126,54916.0303899717
GDP per capita (constant 2015 US$),NY.GDP.PCAP.KD,Switzerland,CHE,39907.2639267037,42297.9647164108,43214.5154916018,44364.4660281673,45930.2929567467,46358.4508378097,47005.6873401697,47845.6267018487,48942.1364870515,51120.4346329879,53989.1606421225,55895.352618331,57246.1296800907,58558.1925084256,59091.0840928895,54811.345563212,54351.7579734581,55863.553582534,56087.0461326231,57369.1432315502,59771.4492222028,60397.2732177708,59259.1608337892,59382.7013769376,60949.9323713349,62910.658161,63747.3359265378,64352.5552528981,65975.1065826061,68278.0621348358,70063.8517086247,68559.9382296082,67778.5475359796,67079.4643937643,67391.8444211439,67264.9113311617,67284.1091695976,68640.0745320635,70510.0256437591,71341.3428665645,73749.9389517966,74439.4637644735,73824.3849167809,73254.9529864219,74718.6836260364,76282.9840696619,78893.8078199046,81254.1701015272,82481.0680560935,79585.5216989959,81315.4228307049,81874.3362425008,81964.8864937809,82479.9215677304,83394.3712888211,83806.4476003837,84611.0998672721,84967.5886498224,86756.6022327472,87123.6604234257,84637.0132935333,88661.2029776281,90605.019427268,90084.8341661309,89783.1281377088
GDP per capita (constant 2015 US$),NY.GDP.PCAP.KD,Syrian Arab Republic,SYR,517.131104707469,556.254997907388,672.561494844598,596.198375304358,631.862193058275,626.628051461563,560.706901573536,588.017555419018,590.710133908472,679.257950875701,645.574906678052,680.206357438042,826.2108641919,715.160556387001,869.846666377176,978.291795882869,1061.23601879935,1006.95039324288,1069.74647788341,1043.21855688668,1155.12896457471,1204.04899602826,1197.25082120031,1183.93234814362,1056.12531364619,1114.96333160075,991.110343692121,973.620239150271,1110.62259949839,927.806683995465,931.885068358616,972.285831689207,1065.204692606,1097.11040673676,1142.06397841767,1188.17539496366,1270.05124654802,1299.29856564941,1352.12789604368,1271.32227335953,1248.38488334216,1230.87200021533,1249.00621359351,1307.4814585452,1363.61946683869,1411.63184941498,1420.72293121298,1411.6899137524,1423.59559425951,1484.40523742854,1526.36894402751,1542.71957174916,1142.29080150598,884.329813332104,847.659877206276,847.731631942565,802.969498335502,795.883216970859,792.413811698757,771.518695271305,740.811397013438,734.334236323426,712.272278200037,669.899693896028,..
GDP per capita (constant 2015 US$),NY.GDP.PCAP.KD,Tajikistan,TJK,..,..,..,..,..,..,..,..,..,..,..,..,..,..,..,..,..,..,..,..,..,..,..,..,..,1417.66822234171,1420.20197771086,1355.73849750343,1491.07389448452,1353.85336651245,1312.94701318034,1188.37461269952,827.586884623268,682.727259317268,528.04821736829,452.904385394465,369.934883507426,371.661243144454,389.089746664022,401.406381787908,429.537300984643,461.681195760256,501.80856647117,546.391479808684,590.957111385699,618.333702588577,649.163328755334,686.48090192413,726.185491338269,739.212878526331,770.604105393791,809.368229154093,849.519080831738,889.882383099979,925.970961482804,956.916310930656,997.352614556708,1042.26391757642,1094.8002018221,1148.34676712493,1171.90127480359,1254.06999592306,1325.75545290849,1407.1075436221,1496.33813395037
GDP per capita (constant 2015 US$),NY.GDP.PCAP.KD,Tanzania,TZA,834.492431640625,820.259765625,869.289978027344,897.041076660156,918.554931640625,929.989868164063,1006.95916748047,1030.11999511719,1059.94592285156,1058.02795410156,547.600341796875,549.467468261719,567.920104980469,581.759033203125,572.999633789063,574.565002441406,572.357055664063,552.289428710938,544.240051269531,539.403015136719,536.933166503906,515.711853027344,498.374603271484,480.399017333984,486.725524902344,476.979888916016,486.831359863281,493.825897216797,513.868591308594,519.22265625,541.544799804688,538.966979980469,528.781555175781,518.66259765625,506.972503662109,508.840423583984,522.333251953125,529.954223632813,535.363159179688,546.605529785156,555.348083496094,573.400146484375,598.421569824219,621.720703125,650.516540527344,680.051208496094,704.502746582031,731.52001953125,752.540466308594,772.929565429688,801.29931640625,838.999267578125,851.910705566406,882.8115234375,913.811218261719,939.127319335938,970.156127929688,1001.88745117188,1024.01525878906,1051.7666015625,1041.25964355469,1054.31726074219,1070.58532714844,1092.86413574219,1120.77416992188
GDP per capita (constant 2015 US$),NY.GDP.PCAP.KD,Thailand,THA,592.465635112506,606.205592712551,632.983035716153,663.55436582592,688.017307298417,722.392299176819,779.304978301365,822.065821475732,863.617164738641,894.636115562961,969.511716318085,989.909220029885,1005.14454673498,1079.19199094554,1099.02939594966,1125.83955126106,1202.74424654629,1291.9197681028,1394.18134022016,1438.53929504306,1482.08742004737,1538.43127414973,1589.42168596819,1645.99169094684,1707.9308019841,1754.62716249659,1818.90504659625,1957.75963674452,2180.41358654182,2406.26996824545,2631.51971095863,2810.56702001316,2989.85385369019,3186.99707103229,3391.48986604062,3614.93244016732,3766.86364433088,3614.60848543994,3295.36018381294,3403.08737356896,3514.71662970608,3599.02524877358,3783.75422073266,4018.15538187068,4232.77157261934,4372.25730206261,4551.5250018314,4760.66708464831,4805.76393990836,4737.45679763314,5059.35747831657,5070.23740191942,5403.87846036273,5516.61164164135,5541.46599361845,5688.85335397884,5857.78052935926,6076.74307700082,6314.19948412043,6434.53770518034,6035.18627737077,6121.52696529713,6278.7855138276,6408.41432577294,6573.44430044414
GDP per capita (constant 2015 US$),NY.GDP.PCAP.KD,Timor-Leste,TLS,..,..,..,..,..,..,..,..,..,..,..,..,..,..,..,..,..,..,..,..,..,..,..,..,..,..,..,..,..,..,633.182490483019,684.870530173927,736.5916481012,789.90069743491,823.062424783438,854.130472722832,897.360531368488,907.916565963385,865.831377976116,631.072912537913,1117.56429796112,1192.78575791112,1028.1319342253,964.322564618129,955.470548287377,964.026614173558,897.573763670928,961.848462090268,1042.86835443002,1120.09698448398,1195.38086241831,1237.48383284275,1269.41629276068,1281.92864092574,1312.96494079465,1319.59297370991,1333.6585468432,1267.08660142883,1243.00069226339,1504.54988585305,1947.8399413707,2014.78226729247,1578.51778365868,1278.4186467123,1235.8341095362
GDP per capita (constant 2015 US$),NY.GDP.PCAP.KD,Togo,TGO,449.342571123456,495.260470360098,504.980902456275,520.58164440682,582.294454390453,654.061732972202,691.451959641266,701.203612884496,706.573764739944,752.502896802327,744.017512363706,720.521016300951,753.67150790579,762.218127277909,779.009571600141,778.537116054192,744.302164516937,777.212650636677,842.402349661254,778.697805985064,867.453987999739,813.046118165912,758.250855831716,693.197430248275,707.57203386595,723.385264185823,712.728451572789,694.906734484293,719.001777895741,726.293484428614,703.623896219833,678.869787556389,633.668979961274,541.357021911529,620.182575480635,640.349863205312,671.504221462105,744.126581926862,706.68952385752,704.043789285316,679.533367700848,667.298281784325,675.440744386282,702.799200216835,678.287546160331,630.248628319525,629.079855938738,603.837896358253,610.405655722251,625.711836727455,644.563730311597,663.963778088896,687.495795744285,709.092304171157,730.291525419946,751.052405084336,763.276549113054,774.276909071917,791.59353236921,810.514132815471,806.956490395231,835.199051274184,862.763712696128,896.874686928368,923.476881404548
GDP per capita (constant 2015 US$),NY.GDP.PCAP.KD,Tonga,TON,..,..,..,..,..,..,..,..,..,..,..,..,..,..,..,..,..,..,..,..,..,2589.00431043349,2709.79083604504,2763.00220930298,2811.26351483563,2995.82264405074,3058.48239938638,3138.07903391439,3060.57558256904,3059.09419981652,2987.63694151968,3173.08632726861,3177.04257553004,3293.13542006864,3454.05483581131,3667.018949682,3668.59609669275,3632.11240437129,3689.21670248881,3749.82348312358,3866.68591314331,3901.1807203994,4050.98962313421,4030.19690552619,3928.06030724493,3880.07054158497,3775.24848570829,3665.89549972281,3833.60169058266,3630.76096995072,3653.97817265087,3892.76807750666,3932.59367180675,3962.16980948788,4058.81584447473,4123.90347238813,4419.8147470039,4568.62484962494,4590.84203663344,4576.85098496882,4656.93187493267,4683.29954861518,4594.63439155091,4710.34865662378,..
GDP per capita (constant 2015 US$),NY.GDP.PCAP.KD,Trinidad and Tobago,TTO,4296.41147677891,4796.18667306916,4832.26678688149,5008.57977147812,5295.34562562225,5243.28675492191,5372.02858555812,5404.48625706444,5612.46874830966,5696.94139568805,5834.20967763973,5829.55799857844,6091.57475346191,6114.57770625152,6268.66106161308,6284.5732015658,6606.57378206367,7120.77545384213,7734.96376897094,7910.214756877,8622.35061129029,8910.66491197768,9146.11606908167,8114.91478422795,7567.05563745844,7167.45642083819,6841.62593657154,6453.14760014556,6136.16206398313,6028.72230699722,6067.86314864846,6207.33211706505,6782.76879416034,6691.12372000287,6887.44965099521,7112.16218530811,7585.84714254914,8125.86302095341,8756.62238317502,9427.07017171799,10038.9826987815,10411.7588519995,11183.7422209688,12734.7487466187,13679.0031818903,15099.4261327974,17048.3310982428,17786.9809095843,18314.3935199626,17489.7729189579,17966.6620269257,17774.7712262777,18865.5467694986,19418.5277404391,20064.4798884344,19887.2337359338,18357.384885541,17437.5537752202,17233.1828669419,17253.6614512687,15686.0929022811,15533.5693580653,15721.830095148,15926.3168523122,16179.4599878217
GDP per capita (constant 2015 US$),NY.GDP.PCAP.KD,Tunisia,TUN,..,1422.01911791993,1340.3332507983,1180.78841140727,1109.84740732615,1064.734577967,1079.99692830946,1057.05200824443,1138.64491078789,1162.96415201392,1187.21474553589,1280.09146794825,1469.53829675624,1422.82584451781,1497.83527716021,1562.53068820471,1641.27430527916,1653.43901793638,1717.12278120807,1788.22383921429,1877.33704672611,1936.27745370962,1884.78471774582,1932.42642326986,1996.46587010646,2055.19411663607,1974.71524315474,2055.74166466697,2009.64036881522,2000.28930212012,2114.47309080904,2151.21130992292,2270.86744293948,2274.64477979221,2305.16426828743,2322.59508752734,2452.91248308547,2551.55386456589,2639.87840884849,2766.57366349293,2864.55075602101,2941.74275551058,2950.20794016332,3058.23292911168,3218.72738670507,3301.94245942789,3444.55582504699,3642.12450341045,3760.12316696001,3835.25509911786,3906.91133143991,3784.74620448381,3900.05126518371,3947.59276091668,4021.60476871861,4014.94773686432,4015.29664102169,4062.22677519573,4128.10393763368,4154.95861594283,3749.26722435797,3902.54258302726,3983.49130488497,3958.56222854122,3986.97109472543
GDP per capita (constant 2015 US$),NY.GDP.PCAP.KD,Turkiye,TUR,2433.64795766479,2395.05066814989,2461.13508397299,2613.44761423936,2684.79795187659,2692.14218409619,2918.88528464921,2978.66706448119,3101.20900932124,3149.65940426992,3176.00880883904,3274.15428162962,3433.85188995088,3464.79537209951,3578.49959691341,3756.48135434753,4065.58728135886,4118.25240481207,4096.63005790493,3991.93559037465,3817.19377054419,3923.74378235456,3977.6077588603,4078.35503979309,4253.1857646653,4336.22005151852,4542.53345551319,4873.09953000526,4887.59929309889,4806.64171466079,5154.62432505626,5101.20725011469,5267.51548598504,5573.56502081975,5221.80789335628,5541.74699484825,5861.70189076597,6215.40337957423,6276.80835064274,5991.37218649156,6325.0960882995,5887.68576603671,6192.18555011794,6473.46273839035,7028.75556387992,7579.37203227654,8023.15099265417,8414.25350387565,8376.14924620652,7862.87076474477,8396.92342026278,9201.33726059829,9519.81508910914,10195.8475785153,10556.1170411504,11049.9951100942,11264.6145749335,11953.6664174026,12148.2931275476,12073.8690708145,12179.6626536773,13449.9291299333,14055.1031460453,14713.5670729157,15147.8414851726
GDP per capita (constant 2015 US$),NY.GDP.PCAP.KD,Turkmenistan,TKM,..,..,..,..,..,..,..,..,..,..,..,..,..,..,..,..,..,..,..,..,..,..,..,..,..,..,..,2645.64151661642,2849.29129851136,2651.25204178569,3495.74838854006,3252.31233981197,2703.31865628693,2684.18035580245,2174.38821394629,1981.94402262254,2078.71862628194,1810.78048140778,1906.90538588317,2181.15938103368,2255.01496788934,2306.30057631688,2266.6336625636,2295.29620574541,2364.26725156856,2622.61796328876,2856.77457038028,3114.06330033038,3504.34843278483,3645.43522420841,3900.14237925855,4379.74943394339,4761.0792759807,5131.16736462999,5533.03528846527,5759.497903834,5977.83828113854,6222.55590558882,6460.94356849428,6718.16608056274,6965.11226889286,7248.70763225719,7551.03650143157,7880.44528570939,7919.01369508517
GDP per capita (constant 2015 US$),NY.GDP.PCAP.KD,Turks and Caicos Islands,TCA,..,..,..,..,..,..,..,..,..,..,..,..,..,..,..,..,..,..,..,..,..,..,..,..,..,..,..,..,..,..,..,..,..,..,..,..,..,..,..,..,..,..,..,..,..,..,..,32733.5782213662,33946.1854021874,26200.5391530565,25434.5575650799,25654.7909981038,23975.0352353195,23132.9857880833,24145.829335545,25736.101625461,26370.383676041,24684.2008432918,45311.9975423234,45798.379822337,29477.5729413857,37487.7844895974,42205.2888008806,47635.8641548012,49956.5967466462
GDP per capita (constant 2015 US$),NY.GDP.PCAP.KD,Tuvalu,TUV,..,..,..,..,..,..,..,..,..,..,2435.17474701489,2387.33440865195,2337.90270361547,2297.20893293803,2203.95816697513,2066.06812776167,1956.79791178129,1804.13909241825,1702.08841977479,1641.76535990535,1590.96075030684,1597.62775483214,1317.70001104881,1412.9006993372,1496.60501526062,1442.84746867701,1731.913772882,1908.42569769573,2237.59193215442,2157.53418798733,2450.79726036268,2502.27716517093,2540.7562718213,2619.69518382039,2863.67111176146,2698.96068050891,2521.22126914168,2756.31403388992,3166.39547155271,3102.1067626385,3056.55101983122,3043.15907920605,3320.16858154912,3152.22822039796,3042.6128529965,2864.90524160208,2900.92710155819,3069.67368184077,3230.22109521715,2987.80397939993,2879.29645720352,3028.2511217061,2922.07629963849,3030.55285189857,3035.24325598472,3357.83417700071,3558.61212970652,3666.20189700038,3757.85997284742,4345.99606453315,4233.0183205634,4396.04894488478,4515.29701517492,4773.34085526672,..
GDP per capita (constant 2015 US$),NY.GDP.PCAP.KD,Uganda,UGA,..,..,..,..,..,..,..,..,..,..,..,..,..,..,..,..,..,..,..,..,..,..,359.206285547545,370.539961015941,359.510382451245,337.997945432752,329.57852173859,332.185941474188,348.37383295348,358.769886121704,369.839286985576,377.780503685951,377.609612721367,395.163949168597,406.592301920177,441.226201168263,468.427898950193,478.250663988847,487.008977266219,509.455395054388,509.19755319016,519.456547890884,547.405338919875,564.720539196569,585.339489080616,604.404813057618,650.270540867444,684.542241787248,722.565167003452,749.342865535423,768.624091660131,816.516366587228,823.580468285493,828.988669729986,845.978664791099,862.934610355811,874.648370639216,871.093880017151,895.07512785438,920.939101515671,917.0350317644,919.401675217265,933.094056370423,955.745797275462,986.842075169699
GDP per capita (constant 2015 US$),NY.GDP.PCAP.KD,Ukraine,UKR,..,..,..,..,..,..,..,..,..,..,..,..,..,..,..,..,..,..,..,..,..,..,..,..,..,..,..,3141.6796875,3209.2822265625,3321.19091796875,3102.310546875,2826.06469726563,2538.85278320313,2177.23486328125,1687.48449707031,1493.38208007813,1355.57336425781,1326.27795410156,1311.59362792969,1319.533203125,1409.22265625,1547.2783203125,1644.28125,1814.25854492188,2042.44494628906,2122.6015625,2298.13232421875,2498.35205078125,2567.69409179688,2188.17016601563,2285.93383789063,2418.12084960938,2426.92944335938,2432.41625976563,2308.6435546875,2094.47387695313,2156.0830078125,2217.7529296875,2308.6669921875,2398.07836914063,2324.107421875,2426.6123046875,1874.66296386719,2164.26123046875,2219.04248046875
GDP per capita (constant 2015 US$),NY.GDP.PCAP.KD,United Arab Emirates,ARE,..,..,..,..,..,..,..,..,..,..,49105.8468198345,57374.9923798342,69436.7647905352,108198.81754161,110539.679019375,105792.829750995,108662.746597188,114430.052851223,98826.1017347121,106042.174176719,117949.376552627,113999.509463003,100275.259942024,90186.1769823312,88731.2195115527,81077.257002952,64745.486563105,62391.5519256817,56872.356997189,60031.8691020271,66979.1559151909,63905.6264701838,62667.1354478131,60391.4655841103,61614.3415911829,62860.2773251553,62334.4066586859,62177.4283818597,57785.0311409726,55354.9439610152,57365.3983287418,54574.8141677002,52607.6615102605,54020.4735669296,56027.6100386222,55777.9018314127,57053.7895596677,52428.0680690009,48281.347795881,42991.5535152856,42645.6359587867,43800.1593000919,42868.0975048418,43269.8404678577,43023.1904189899,43534.9972694631,43745.2881695314,42690.2147810875,42679.75191193,42700.1297938135,40776.6308713329,41778.5838767025,42687.7207209003,42507.7873410123,42512.1971726477
GDP per capita (constant 2015 US$),NY.GDP.PCAP.KD,United Kingdom,GBR,15136.0245848148,15427.1318002874,15464.8266210495,16095.4421267103,16885.7927511143,17135.0744825315,17307.9752128904,17692.8583887203,18570.5184604814,18852.0756521559,19285.6497705878,19878.3583978122,20667.2422127603,21973.0492038987,21413.6423467213,21099.6465690657,21719.0454960571,22260.1620046358,23194.7939594163,24042.7876941013,23526.2555043517,23332.8025676938,23806.7980916528,24803.4271519669,25326.1296660232,26316.7154348235,27082.9819543398,28482.8666757154,30048.820666255,30743.2275250086,30876.3706404357,30441.4813420211,30481.0348883355,31165.1544491287,32281.4801601039,33011.2945663233,33777.5280810971,35349.7906380412,36446.2616767045,37435.884438888,38921.896573883,39769.8719792093,40312.9824110757,41390.6062127939,42167.3557264259,43023.2277090836,43724.8957366594,44524.5706965197,44065.6156693521,41712.8319164411,42311.4329830247,42459.9630182272,42794.7752628767,43274.3377519631,44324.3923234579,44983.885522934,45485.6509977812,46439.8616757792,46862.9673585729,47379.8014800553,42429.1857996453,45902.8331986448,47682.7615349036,47251.4387159432,47265.0009525678
GDP per capita (constant 2015 US$),NY.GDP.PCAP.KD,United States,USA,18853.7217509669,19019.4652460385,19877.215292714,20446.9297323947,21326.9266882957,22430.6652310647,23635.4971627863,24020.7533179974,24950.882784753,25479.7488035953,25231.1271568518,25734.4828326397,26798.5336088951,28042.5519161983,27637.2997739418,27309.8688161152,28509.143056991,29528.9663680223,30834.99923167,31462.1003883959,31081.62163338,31559.1293373937,30696.0834358718,31810.9216083487,33818.8235524677,34918.1302027193,35794.8877745985,36701.9453883904,37889.3773472194,38911.5418949927,39200.0658103964,38637.8398159491,39447.9472847522,40002.4762262205,41106.9881841375,41710.8207239918,42783.8165710653,44151.6860411494,45596.4306860229,47234.2455275781,48616.2546267835,48597.4246130164,48967.3661209521,49905.5233079503,51348.3473392466,52649.5713058632,53596.3152369749,54152.8292653448,53703.9628962873,51863.6183424227,52812.682985453,53215.5362316915,54000.8410760833,54728.8601798884,55665.2411167663,56849.4697923159,57430.8499282527,58435.9707521832,59817.6556796969,61047.9648235152,59484.0335530935,62986.6563127547,64198.4324880296,65505.2557007675,66682.6147044553
GDP per capita (constant 2015 US$),NY.GDP.PCAP.KD,Uruguay,URY,6634.19064094179,6714.42564871062,6529.05672885775,6464.23937649481,6548.58687153197,6547.98299761764,6682.54699505643,6380.1382925838,6447.95879059088,6778.45463653142,6894.77166584278,6839.05314002361,6712.49475408714,6694.22057407495,6847.46769966687,7218.47356615208,7453.06660958971,7514.58267665845,7874.42397763508,8322.21087541239,8772.55429720278,8875.41372143275,7976.3987522595,7125.0572968269,7011.48236418771,7080.00108604848,7663.58167679033,8229.87299178332,8302.57484462415,8344.46966462033,8320.3559048693,8565.26927800028,9193.55122074713,9388.10939080161,10019.3479243955,9822.89680356996,10316.2027570949,11138.8676127212,11584.9491858277,11357.0866859804,11096.3309569487,10643.5574019273,9806.7713064359,9878.75684344081,10366.9067382871,11131.3984890038,11574.470540231,12310.482735502,13165.83628166,13691.71420689,14722.3780081191,15443.9961926395,15949.3176985435,16639.4054750651,17122.0364563225,17125.9016800298,17357.2349992841,17611.6036701032,17608.9441195037,17758.4384372986,16443.3635000843,17416.0052208869,18228.3558443761,18378.9833563662,18958.6033293537
GDP per capita (constant 2015 US$),NY.GDP.PCAP.KD,Uzbekistan,UZB,..,..,..,..,..,..,..,..,..,..,..,..,..,..,..,..,..,..,..,..,..,..,..,..,..,..,..,1483.85177843204,1575.30319486655,1582.00842582932,1569.01079980159,1524.20427668953,1320.59769274614,1260.7164965865,1169.86899033178,1136.35843596848,1134.17871135102,1172.71784381569,1204.09081234616,1238.36591553108,1269.72137546219,1306.60633175114,1341.95995981671,1381.8257280882,1466.6134889113,1549.04577531643,1643.14645619601,1773.75803693248,1904.45855506712,2025.04298646098,2144.6400056546,2271.00936223002,2395.84036755728,2530.68447898703,2659.99075095273,2803.19018021751,2918.67725852903,2995.76761437743,3108.1618786112,3259.36964632494,3249.05191094018,3442.7248445034,3576.71552716054,3725.67414578619,3890.41593075015
GDP per capita (constant 2015 US$),NY.GDP.PCAP.KD,Vanuatu,VUT,..,..,..,..,..,..,..,..,..,..,..,..,..,..,..,..,..,..,..,2972.18322865037,2573.70762644265,2627.56647131301,2617.9100692289,2632.26034871603,2813.70566969291,2771.10062345457,2697.32332256059,2553.07029917839,2446.21022134901,2421.12403497622,2637.26084848443,2653.42720315783,2655.2940056849,2610.15878517538,2780.06153250773,2743.74381618479,2745.60344738846,2819.04892316535,2793.2492130652,2745.16947292745,2841.73909435642,2676.92934450613,2475.16636434639,2518.521315183,2555.73432279339,2626.85057870874,2780.97475852227,2791.7418410919,2875.08524058992,2888.13715784739,2856.77377649901,2883.22689591881,2849.05448321427,2799.28262661802,2807.83422956759,2854.89412272653,2889.01404801498,2946.96186165079,2960.65376683153,2986.2036911437,2771.87098808052,2666.30269843855,2740.27545530661,2651.47349372082,2694.69807356803
GDP per capita (constant 2015 US$),NY.GDP.PCAP.KD,"Venezuela, RB",VEN,..,..,..,..,..,..,..,..,..,..,..,..,..,..,..,..,..,..,..,..,..,..,..,..,..,..,..,..,..,..,..,..,..,..,..,..,..,..,..,..,..,..,..,..,..,..,..,..,..,..,..,..,..,..,..,..,..,..,..,..,..,..,..,..,..
GDP per capita (constant 2015 US$),NY.GDP.PCAP.KD,Viet Nam,VNM,..,..,..,..,..,..,..,..,..,..,..,..,..,..,..,..,..,..,..,..,..,..,..,..,595.491333343053,603.977495797078,607.58999788783,616.715148033271,635.398203948006,668.323172497837,687.860316254161,713.747210806804,759.910853953724,805.606443630458,861.122422555836,927.625512005765,998.924907248853,1064.77802859908,1110.1126773248,1148.04465210832,1212.19657794381,1273.8052690094,1340.51670460271,1418.74337471509,1510.94449049599,1609.96268313651,1699.67620343393,1788.9485028957,1856.00519883979,1927.13427057454,2027.58184375924,2132.90453762087,2224.11404253256,2320.08431444934,2439.28655744423,2577.56885340113,2715.57887431272,2868.13680013379,3048.28327602145,3241.07648966529,3303.16949807493,3358.21734764714,3617.66311465012,3775.46375555802,4017.74604111554
GDP per capita (constant 2015 US$),NY.GDP.PCAP.KD,Virgin Islands (U.S.),VIR,..,..,..,..,..,..,..,..,..,..,..,..,..,..,..,..,..,..,..,..,..,..,..,..,..,..,..,..,..,..,..,..,..,..,..,..,..,..,..,..,..,..,43205.7246740388,43036.1815136022,44466.2872190216,46021.5905731819,47671.567182812,49598.1259079427,50174.7528938473,46862.8076001874,47162.7375570431,43320.176769501,36938.1682086351,34663.6460602129,34098.7109972738,34007.3529411765,34614.7482633247,34435.4944455756,35174.1019944986,36309.7438446842,35850.7433148653,37313.0484931531,36983.431060272,..,..
GDP per capita (constant 2015 US$),NY.GDP.PCAP.KD,West Bank and Gaza,PSE,..,..,..,..,..,..,..,..,..,..,..,..,..,..,..,..,..,..,..,..,..,..,..,..,..,..,..,..,..,..,..,..,..,..,2137.38928909208,2189.26513719427,2118.82007591199,2323.20642242172,2589.20364997364,2732.87293952355,2436.01207739636,2153.45735383203,1836.98042481351,2041.60484619659,2426.41565630382,2632.24627423958,2540.26763083127,2569.98434108953,2685.98601828464,2840.01594969395,2927.08101953403,3128.10811061384,3237.91619995789,3309.63120243098,3227.84934482645,3272.15432360708,3483.09903532972,3462.97986107136,3417.79440837962,3378.4346209191,2922.46801084844,3051.48607007995,3099.9609010368,2888.76306072177,2072.09019517685
GDP per capita (constant 2015 US$),NY.GDP.PCAP.KD,"Yemen, Rep.",YEM,..,..,..,..,..,..,..,..,..,..,..,..,..,..,..,..,..,..,..,..,..,..,..,..,..,..,..,..,..,..,1722.20806815236,1761.79475976135,1835.26371789841,1838.26525978335,1890.73717331382,1927.40470962865,1949.97906228698,1987.60773664459,2041.65172358424,2053.77839359696,2114.65260945793,2129.75249827522,2148.86823438444,2164.84030822123,2185.76927121773,2237.61641456454,2234.72148420914,2235.72956503041,2244.02364394697,2257.44762100803,2356.1996041581,1994.83663340185,1981.45800029867,2014.72890570528,1950.16254490231,1362.17381205593,1197.95865935857,1103.45634861492,1079.3293837659,..,..,..,..,..,..
GDP per capita (constant 2015 US$),NY.GDP.PCAP.KD,Zambia,ZMB,1187.70460116133,1166.74596436267,1102.4458219947,1103.10813202806,1199.39219025665,1355.45680953779,1239.68921603925,1295.60864749847,1270.07901687655,1224.90387889791,1246.65383007205,1211.70972726075,1286.57716971439,1238.05913338778,1279.53707253685,1213.57721788882,1250.5415032312,1157.75814389903,1129.47163480066,1062.9629308153,1062.93600223771,1094.46195855082,1030.04718157436,977.759709968015,944.930593972368,931.808263595704,910.944542362099,908.680042753164,939.599679398111,905.747380200891,878.589205998477,856.761723583768,821.850104215064,857.039669609389,764.639411345433,768.035201563368,796.018059633101,805.53240180321,781.663383813883,796.377985981253,804.48463418783,822.020935308251,833.021177549004,863.650190656785,895.475258534826,929.079255855905,968.563565019492,1013.08567432637,1053.58612301068,1110.71918102486,1183.41712409199,1208.46424569634,1258.78938578996,1280.77012176778,1299.01241762504,1295.87788680068,1303.57513869133,1308.76829240086,1321.25045711573,1301.18132976178,1228.73500113195,1269.10821808895,1298.8480495593,1330.85998216751,1346.27648863638
GDP per capita (constant 2015 US$),NY.GDP.PCAP.KD,Zimbabwe,ZWE,1141.96564304235,1176.71359401113,1156.64382657593,1190.72798081732,1140.99531303078,1159.85150419599,1140.9844948144,1198.14879276385,1183.82487915559,1289.44721668487,1532.61892442874,1619.97290577833,1701.80343821878,1691.80928574798,1746.51845369054,1659.33569015242,1617.08151546054,1468.21185312801,1407.93445614782,1431.60555516436,1546.4535704445,1634.02375365361,1612.99726978253,1577.48248236115,1493.34938760528,1542.75844365131,1523.27747414226,1490.67790037304,1553.3285486173,1587.4339028102,1652.7214986709,1699.29989360219,1503.0663801639,1496.83096041144,1633.13243349594,1620.59240010324,1759.04327298188,1772.60270909087,1788.43763430363,1745.33624759737,1676.49245294438,1689.28524565736,1524.30189058784,1250.28175915781,1164.95029123714,1088.07699515855,1037.69395049102,986.695816261281,802.635029439794,896.457890978913,1055.6699255673,1184.32960982582,1359.45829603738,1367.1204010724,1380.54927116793,1386.41855927575,1377.63927701563,1422.1934603003,1471.39488971183,1356.83821089692,1230.19155671068,1311.53099950094,1368.49841808934,1417.55775908425,1420.80317187812
GDP per capita (constant 2015 US$),NY.GDP.PCAP.KD,Africa Eastern and Southern,AFE,1172.24357629523,1147.24032922367,1204.70304444272,1238.36709210357,1261.02394594284,1289.34408443393,1314.06624819762,1345.84675667554,1361.80704498151,1390.38704716793,1366.1337371684,1399.98424890681,1398.4570644789,1420.769757328,1454.64381279131,1432.59572850616,1424.55247488417,1400.32715685614,1379.58686969055,1376.27040707096,1408.59109452572,1420.507869671,1379.89173282188,1337.86056241106,1341.55648539065,1300.09766288742,1290.4244702607,1301.85080794315,1318.62930936743,1316.45376668076,1281.50250276261,1245.54251372724,1184.33827550477,1145.08271181594,1136.57544469867,1154.87494174794,1186.07296437005,1200.46842325995,1190.26744135748,1190.1711033462,1196.92976594366,1207.22915865621,1221.24592539704,1224.80628548513,1259.13592068834,1301.66161668619,1350.73057684768,1402.25924781269,1424.16219679945,1398.07772680316,1431.21195789305,1449.85349970149,1436.27450997855,1457.67290748026,1475.73903934085,1479.61525980543,1472.69922995631,1472.97115180926,1471.43831747146,1463.43789056716,1383.72411941014,1409.04069884703,1421.79716897878,1412.62538438423,1416.25036869408
GDP per capita (constant 2015 US$),NY.GDP.PCAP.KD,Africa Western and Central,AFW,1122.26854798255,1119.45006236101,1136.67163668027,1190.56630444201,1227.32647012692,1249.70947107144,1203.42639555462,1070.97947507628,1062.9266582521,1195.3954795666,1370.04991364001,1477.13218187209,1486.81526898499,1507.08919179813,1614.90318356275,1539.60015908272,1624.67620069773,1653.08110646822,1576.70241209139,1609.34838599315,1594.22081786155,1445.64329571926,1359.02932576306,1239.71477421741,1214.02019865402,1245.00465677212,1227.55827551623,1211.48240821153,1233.79898975927,1220.79996667423,1256.45954971624,1236.74588673855,1231.40344613907,1182.25793325506,1148.02596393345,1137.96412338866,1158.68614732857,1177.25439688196,1186.6821217341,1172.35079961023,1184.3601376623,1211.60657416161,1295.46024656435,1330.01534966024,1397.57989325249,1438.7657371855,1473.575756798,1511.39802807784,1561.49690310715,1611.51321017603,1677.42793720229,1711.40576272057,1750.0258910552,1805.52643337702,1857.25875463317,1860.72769393488,1815.16869287797,1808.71649348956,1814.688734184,1829.07062009788,1768.31356500952,1796.60208538449,1824.95329630102,1841.75834617104,1873.20072424561
GDP per capita (constant 2015 US$),NY.GDP.PCAP.KD,Arab World,ARB,..,..,..,..,..,..,2395.75619861394,2486.82658565324,2676.90010123398,2794.35446071143,3338.00355645918,3487.22672126594,3862.0602130161,4249.92106447953,4560.02458869458,4420.47913694141,4894.92293700692,5057.66600285477,5037.66211888972,5382.06020658305,5526.29046893931,5397.73559682029,4919.53066083689,4587.74786719161,4501.38315541092,4328.17854873123,4164.91195007245,4052.68423707876,4070.95442261869,4114.8613256739,4294.62754043205,4167.43155950837,4328.63746365102,4347.09525319009,4371.53190492102,4381.98527912021,4482.41718381566,4614.32613100497,4718.46856157782,4734.74738020828,4915.07098418265,4897.85868212299,4840.41100234932,4931.73909920056,5255.59538824308,5418.23751648854,5621.03289229308,5733.49995086153,5900.67914827487,5793.59521671987,5953.89088311612,6038.37051066657,6196.73883024471,6200.05917460349,6213.19485330044,6262.04168490023,6335.74627340697,6309.55882237984,6362.19976190562,6351.40326996305,5923.37350684471,6091.32544269033,6369.41320452418,6321.01759091735,6282.43802445082
GDP per capita (constant 2015 US$),NY.GDP.PCAP.KD,Caribbean small states,CSS,4377.23331058447,4699.31703912199,4845.06669912957,4850.60484895353,5139.65190675058,5393.93039688392,5659.17072433651,5921.71220936798,6172.71519824496,6423.92418660111,6450.63655429418,6507.95873236334,6498.16017296918,6598.59879804378,6353.39393926986,6193.44179666696,6473.22447846062,6857.03250718821,7349.45746156816,7838.96988757503,8184.6384299546,8154.70640469187,8141.85704948059,7786.71525030763,7876.06520227766,7897.60262205601,7933.71740738226,7884.0102545834,7962.8831704258,8161.90909770743,8093.94662355093,8044.74400331475,8156.59487200228,8131.08887521403,8340.08990111732,8525.83720799272,8868.44599663312,9199.57164488962,9574.70996178184,9985.11930654124,10372.1053308649,10514.7724360658,10852.1489476006,11428.5323698188,11879.2531848005,12497.3875295228,13401.5929873654,13831.9907414897,13979.6334831429,13436.7013903097,13604.562899963,13630.0960001727,14138.3838872356,14247.7831117398,14514.3655264586,14402.4725779389,13879.4394084275,13691.8734663745,13729.8696430575,13745.4324449993,12447.4815923975,13195.181516013,15115.6283091077,16394.8707848282,18504.2321838281
GDP per capita (constant 2015 US$),NY.GDP.PCAP.KD,Central Europe and the Baltics,CEB,..,..,..,..,..,..,..,..,..,..,..,..,..,..,..,..,..,..,..,..,..,..,..,..,..,..,..,..,..,..,6751.30497211572,6032.20027304066,5753.13464744601,5768.79693430214,5982.68076606788,6333.35492581452,6631.84229593907,6792.73687589942,6983.35783072823,7127.69788667545,7450.84783060072,7730.93571388212,8057.20843158367,8405.61688234993,8923.84368154359,9387.57581776009,10036.5200313461,10712.5958772465,11177.0081279721,10792.8397629018,10998.6732543831,11421.8179722162,11544.5451357668,11662.0190543525,12076.2019030548,12596.9475064791,12991.5831012396,13696.4865078378,14427.2136400191,15039.0854339968,14633.6483797066,15748.7346962917,16406.3748705233,16514.4404393888,16859.840628506
GDP per capita (constant 2015 US$),NY.GDP.PCAP.KD,Early-demographic dividend,EAR,1062.36403767056,1085.0091821482,1100.03245603488,1129.14766181312,1192.33833575551,1234.52019626059,1257.04640257978,1295.73429212844,1355.27649606501,1411.37946692364,1492.86509059835,1536.92336497139,1602.75533072429,1673.93675858886,1745.75659625662,1752.29630402204,1829.1877775996,1855.95078739062,1851.04368277651,1881.03337881623,1896.57142698741,1916.70332792937,1875.80101277954,1838.41326009442,1829.50925783407,1803.04601599812,1784.25286680034,1791.29622586117,1803.59012428406,1802.90246225875,1847.91015161677,1882.84755763288,1917.08358259222,1944.27485087338,1971.53405612168,1980.50337445719,2051.88548611521,2109.69551509266,2119.42688987764,2127.91370469997,2179.57227094119,2163.98713900034,2166.91877715115,2240.12438513381,2338.11435994232,2434.67072282312,2539.94909752522,2641.61069904162,2689.5968649202,2666.76155884388,2796.60483926579,2890.64966596632,2967.59848958026,3043.82525423964,3126.23097443148,3219.68827173818,3317.06815926143,3427.77881974115,3516.28535725061,3556.47650660398,3365.39681686141,3580.09519085706,3751.2648671429,3878.45590307873,3971.40382511898
GDP per capita (constant 2015 US$),NY.GDP.PCAP.KD,East Asia & Pacific,EAS,1146.37105056723,1187.51109863149,1234.96256428822,1299.13826037088,1401.32245763826,1464.59410805374,1550.66113813042,1624.72481426548,1732.81357430787,1882.9107611637,1907.07779075663,1955.9906189851,2047.44841523458,2156.02888602976,2133.41022750747,2168.98666021095,2222.35968512485,2302.30422288586,2399.15129161383,2502.91547099715,2558.7072135801,2637.25034160501,2702.50821290713,2776.97377315871,2904.20221144204,3023.84120851942,3123.57852488451,3266.11205025377,3458.33825835105,3579.93595908856,3705.2594173267,3830.46350177407,3940.73213433618,4054.96299695186,4214.42114644668,4399.97619350545,4592.3489966016,4724.54035026264,4694.92808300995,4823.16161428701,5037.74846611186,5158.27566255205,5341.96598541057,5565.00241873511,5848.89608588104,6151.46241562103,6501.30587125695,6935.23063025292,7188.3884442262,7324.39505150941,7827.32592584171,8194.57043365624,8551.14311350086,8930.66566384547,9288.66786787888,9657.52889618953,10035.4566392464,10468.1195299222,10903.061725507,11285.3290344998,11233.1998729839,11916.6591236649,12249.7952074863,12737.6861447227,13212.1623897894
GDP per capita (constant 2015 US$),NY.GDP.PCAP.KD,East Asia & Pacific (excluding high income),EAP,325.324946454499,281.753092413349,276.178123017767,286.655314551394,310.052252377658,335.318970746652,352.511362133041,338.559778339832,335.560178105054,363.918517230717,401.983127709557,417.896462234134,427.714551869065,452.453364957251,460.25275875377,481.978792460367,486.80772372994,514.939906295622,553.497287702222,583.08366152919,617.112248555347,641.459738315803,671.292915420656,710.738305854281,769.594746605072,817.392316738513,861.286134090693,924.107908263998,996.991895976934,1036.24771395479,1072.20394289055,1141.34655478846,1251.76103658471,1374.44359294283,1504.55408715504,1632.51595561464,1758.61021150788,1865.21255340004,1898.55356437108,1999.2799015096,2132.39410423255,2259.81828605734,2422.47671732858,2618.81609426375,2835.25083360468,3095.23480174477,3410.6774971557,3805.18151972235,4102.13288402558,4397.68610978362,4797.25188466663,5168.4832165349,5511.82854369397,5864.64303651664,6225.6558853226,6589.77384002779,6966.47429558357,7374.82657013849,7806.58937392474,8220.70959573115,8293.70107855619,8905.88956214936,9199.99703074238,9665.46358474715,10128.0902648305
GDP per capita (constant 2015 US$),NY.GDP.PCAP.KD,East Asia & Pacific (IDA & IBRD countries),TEA,329.528483281562,285.48179835398,279.868080739329,290.481679522125,314.195063542549,339.803158991679,357.220345847433,343.094348453957,340.067156754033,368.809399077318,407.386038469467,423.490475403387,433.434738241388,458.481055934833,466.365386543748,488.353910318288,493.220562664976,521.680503534763,560.688909944262,590.614183029276,625.040404230773,649.666876218666,679.835672756201,719.735692229555,779.294925451776,827.658631229035,872.062574239797,935.614054002801,1009.34523244614,1049.04596082367,1085.41495610447,1155.36417004317,1267.09397234361,1391.24572680126,1522.95237127356,1652.44882623125,1780.00501396276,1887.80932998872,1921.46359113204,2023.30634156398,2157.91995931087,2286.76974781623,2451.2456739386,2649.81509481322,2868.75132044237,3131.70544851294,3450.72756651798,3849.69334017187,4149.93982471626,4448.74516272751,4852.74554176247,5228.04161101544,5575.04186656936,5931.59345201841,6296.46196673162,6664.48716537469,7045.21047272403,7457.88424094092,7894.29652931398,8312.91754012004,8386.64139973947,9005.7234915616,9303.27535177522,9774.14866793259,10242.1535214691
GDP per capita (constant 2015 US$),NY.GDP.PCAP.KD,Euro area,EMU,9942.62428699291,10421.2871549648,10927.8625446201,11363.6892302108,11922.871251591,12416.7606623007,12859.1955260279,13211.106517471,13866.584054687,14754.8863270976,15494.0878770847,15985.1060613858,16653.9416573647,17574.7683944878,18052.2434902845,17820.2663066716,18637.7510521926,19139.3479559941,19651.584521201,20333.8860437135,20685.9844494165,20715.5818155686,20806.0612175101,21052.6244899191,21523.8628721935,21979.4428972029,22478.5482192514,22985.0983192761,23897.3640631485,24772.160255442,25543.7837607357,26038.5661821519,26220.4711757431,25934.8634376993,26506.8522008258,27095.3263217945,27502.6452561129,28198.3839979382,28984.4996857808,29782.9747594825,30849.3495356471,31420.1683805001,31562.3981409532,31625.2705597974,32175.915256941,32573.6713955007,33494.9394151646,34321.2137008976,34291.7806492405,32642.9821300714,33250.7967323502,33905.2502330287,33521.8333777348,33412.1448579786,33838.9466036265,34467.5766635134,34998.5990485664,35837.1637318741,36360.4726315102,36884.8645609771,34605.7692985848,36782.7263539196,37922.8499997112,37908.5766945404,38145.122174851
GDP per capita (constant 2015 US$),NY.GDP.PCAP.KD,Europe & Central Asia,ECS,7250.07480352832,7539.05982335505,7803.74374784892,8090.83234540971,8466.35681437117,8748.37366632355,8995.28301064077,9220.16278520066,9631.92020509998,10116.2260363513,10540.3931361989,10849.202022274,11261.1333518612,11832.8561036591,12005.2104407012,11819.7233967133,12252.9618242802,12518.3273894856,12817.4251871552,13205.5595830797,13309.6723701635,13292.1921759503,13340.2581721596,13522.082024824,13799.4529975251,14094.5446361334,14391.7835085819,14743.3176651442,15267.2130870991,15705.431379383,15981.1959008605,15936.9508399971,15760.7240123173,15588.8492396771,15745.4330206621,16055.9510272036,16316.5435419736,16797.8112611953,17216.7662617158,17697.8532896905,18450.0762772974,18838.6832129001,19099.2032534557,19394.4395790848,19955.9260347275,20438.532593463,21174.7018038753,21884.4875686508,22013.8387040677,20954.5455472652,21426.2972328891,21885.9177792506,21867.202832463,21973.6951779781,22309.2877911281,22676.9494565466,23000.1152991508,23569.8160432616,23974.6926624587,24333.2531795548,22973.6125300555,24508.7640310929,25308.0306451487,25562.672060346,25871.1913584493
GDP per capita (constant 2015 US$),NY.GDP.PCAP.KD,Europe & Central Asia (excluding high income),ECA,..,..,..,..,..,..,..,..,..,..,..,..,..,..,..,..,..,..,..,..,..,..,..,..,..,..,..,3430.56505044111,3494.70720297936,3491.09234268782,3544.40162036573,3346.62492116822,3160.25354237425,3075.48631975764,2755.67690035356,2771.19043231909,2868.42163324226,3019.56252506491,3084.31543339255,3038.69162447879,3231.22350702211,3213.97710106797,3404.82271470876,3613.10787068172,3939.57822065905,4255.05385111552,4581.54648351216,4896.0767774642,5011.69308537755,4801.76155666826,5099.33119310465,5484.34972684392,5659.28510712076,5974.78987146726,6120.3820340921,6282.95418433325,6399.7112324524,6713.32686595588,6888.2510975942,6984.71829296284,6955.08813207363,7538.17706529109,7814.1063456801,8269.6558897835,8530.85449518062
GDP per capita (constant 2015 US$),NY.GDP.PCAP.KD,Europe & Central Asia (IDA & IBRD countries),TEC,..,..,..,..,..,..,..,..,..,..,..,..,..,..,..,..,..,..,..,..,..,..,..,..,..,..,..,..,..,5448.82367825736,5334.90233521457,4995.30768103626,4500.52499810707,4278.20380143522,3909.2857061498,3901.50436470632,3936.58463607112,4050.02681383308,4024.77875129853,4123.78212180326,4429.9940509236,4548.306239699,4778.6472177224,5072.88451326408,5468.1108728344,5827.0910348538,6278.75650488488,6757.45489352359,7042.67439752077,6688.53510135421,6974.54519480835,7354.23103419735,7571.49903748339,7785.79620589687,7926.82910857088,8004.56641973475,8112.55470045155,8421.43271307493,8698.32942822884,8894.08895327841,8746.45484939779,9395.16907894132,9622.94735198736,10043.4968559626,10389.2661401191
GDP per capita (constant 2015 US$),NY.GDP.PCAP.KD,European Union,EUU,8589.35533966653,9006.34491419639,9440.11391896136,9808.46125675482,10303.1033465212,10753.8551798991,11126.7591104353,11436.6503761217,11989.2464814597,12744.1699685564,13372.9687670572,13785.3263615818,14346.1025706243,15120.4582814211,15510.3358450521,15327.082447556,15991.7618283308,16383.4657058109,16805.247536997,17381.5086429072,17659.3019881286,17682.5677669524,17772.6788979249,17982.2472252877,18395.2309577568,18777.5097392714,19209.6827521481,19641.1471432191,20385.9160628166,21106.3579870071,21728.5161552166,21982.1414789983,22115.9672607282,21912.8794413889,22448.8302815621,23016.9520342056,23419.8381470555,24012.4815259954,24695.4058272121,25395.4108238307,26362.9094240555,26896.987862174,27128.2570443701,27281.9008904633,27882.9623955211,28331.9759556404,29243.0400160238,30056.5798645133,30142.6043994065,28769.7630265752,29351.7125948792,29973.0708103289,29700.6173366773,29666.138095714,30115.8058767786,30769.090644109,31305.5746438272,32133.7302385419,32719.6472999741,33290.544331928,31437.8963906325,33484.6721067007,34539.7533324,34564.095590823,34859.5996530426
GDP per capita (constant 2015 US$),NY.GDP.PCAP.KD,Fragile and conflict affected situations,FCS,1152.46925994137,1126.21266878523,1188.80591243714,1237.83212405989,1273.48017843889,1324.14657980081,1306.48486197889,1204.33514016573,1250.45112138306,1381.99787077116,1516.00591769754,1594.83149888593,1617.82318661264,1642.30505091596,1779.97101445222,1737.00181498099,1849.65921658458,1897.04665549974,1847.886403826,1915.62882176516,1971.33168553327,1803.06362199118,1748.89929749735,1629.44079403892,1573.27384560863,1602.49922754322,1564.15473418752,1551.14607987668,1571.86602492439,1552.11756147445,1588.81143125692,1460.3289003792,1426.88322902215,1362.00854494616,1279.23813900165,1241.77579473157,1255.23407130284,1283.85746869183,1316.67016462324,1325.86588131926,1366.26930852196,1390.520439393,1421.96303710453,1402.31982752347,1523.58971232149,1574.44483922903,1626.11293098177,1683.36816612022,1726.26658804099,1734.70002952683,1811.48078574662,1768.82799688443,1822.79460884141,1841.3902986378,1841.24503993054,1815.53207965872,1814.04601470785,1819.90998931539,1829.43249580468,1831.00990291013,1700.81574564837,1704.61803143629,1693.31285629188,1692.81563382839,1681.46853671689
GDP per capita (constant 2015 US$),NY.GDP.PCAP.KD,Heavily indebted poor countries (HIPC),HPC,742.617995313586,724.031360389632,757.546239097205,763.882564193807,770.263205655864,780.40919072998,789.891682695249,787.877350685299,801.713528897656,815.939559319015,794.859759577134,808.659423484858,804.230983352175,807.619120303935,826.323412868382,820.573993530454,829.348050588323,836.564230773017,833.878267978368,815.055862578026,800.705026281339,805.686927584765,790.334630163454,771.704688129087,760.171463165879,751.255829375418,753.896566873195,757.627851623805,746.461552652198,736.900071295776,709.760435299572,694.646386245768,666.381260612242,648.109991024092,628.22883626701,640.316890308681,653.952734979206,671.143999900341,675.378557930833,676.768828703081,677.558211848878,683.461240624205,690.001909431372,696.757837850112,716.611764579366,735.980077554583,756.97102782666,776.419476427812,797.720514308209,803.363974668223,829.717281093898,843.927481954543,853.478503714767,877.096553027641,900.190152354274,917.999801798178,931.66620711483,950.257423394052,962.546669755313,977.960356939643,953.597086826481,967.583078913846,989.774610294658,998.105333517896,1023.54282155208
GDP per capita (constant 2015 US$),NY.GDP.PCAP.KD,High income,HIC,10258.4284229602,10596.9015830993,11055.6165622834,11472.9390369423,12056.23034613,12581.1186645672,13146.930713832,13531.6013421042,14201.7775967713,14859.4848500543,15167.2671055646,15592.6812181678,16295.1792065129,17167.6414680144,17214.9176295364,17043.0029301551,17745.6238342838,18289.9036449868,18918.2346529333,19534.4378682193,19631.4529978292,19857.8584312761,19678.333408856,20104.0661569251,20907.6418105614,21506.5558157444,22033.2472000993,22661.9256545517,23556.0530111655,24299.1168828911,24782.0579798035,24815.177374391,25010.3906607759,25115.1613930413,25685.1254438244,26230.6178690405,26836.5756676862,27621.3723898378,28218.6190452348,29076.4382742911,30162.6065895713,30488.6042200671,30830.2734542022,31373.2515458979,32302.1929288384,33090.5639155227,33961.4450191266,34701.622087168,34694.1883246009,33325.5045496659,34184.8588436066,34730.5760290495,35030.60694981,35391.8047074026,35957.9385852906,36571.192904688,37014.9995373144,37764.2030217286,38525.156050765,39130.3015259849,37514.023100318,39753.1922462333,40751.2002459135,41191.9724958332,41716.0754566814
GDP per capita (constant 2015 US$),NY.GDP.PCAP.KD,IBRD only,IBD,982.752218661232,982.575885012935,995.049395986867,1017.90330341529,1076.38733005493,1117.66595243784,1153.30891131214,1173.66041196896,1219.8698735794,1286.33372700544,1353.78251173008,1403.76955727467,1464.62189243041,1534.36825363778,1589.0367240825,1630.42832555888,1699.56186647968,1745.89139061095,1784.25940894393,1836.30477341149,1894.27686693726,1900.03145671015,1917.54179686257,1913.70165084726,1971.0460307215,2021.12517245587,2060.14136772849,2120.28737674455,2165.42826891804,2194.48192999376,2198.76366628118,2187.81262569942,2188.26376959451,2236.2385570492,2284.42752347143,2343.49610360288,2438.04262775243,2534.5254352386,2568.51318918876,2631.41529537476,2753.40433818245,2819.83846181208,2916.83274092127,3057.43397482287,3255.23799402724,3452.89075349,3700.64963656318,3991.68298840586,4185.87416996123,4260.12805053394,4546.65487571937,4786.10696847077,4992.88349505787,5197.2031606553,5391.63590086897,5572.51411128581,5770.53135992578,6015.93919271361,6260.14050126277,6461.74226549531,6337.54586359436,6783.29455197322,7003.87183239032,7305.86790476457,7579.45596898569
GDP per capita (constant 2015 US$),NY.GDP.PCAP.KD,IDA & IBRD total,IBT,947.339290458003,945.055636398429,959.934280633343,981.817186969022,1032.60065519088,1068.8435090869,1096.15103868115,1104.75815079692,1143.9348877108,1207.06358020823,1270.46628122098,1317.36374728817,1364.92949099016,1423.3315367504,1475.29941712955,1502.08297017822,1562.35100536225,1601.57075366777,1628.51610811603,1670.38225650625,1716.95378357177,1714.05604745564,1721.11505139881,1709.73520298902,1751.790183918,1792.66233558995,1822.55247342598,1870.29275969443,1908.3732006456,1928.76751375997,1932.36827879725,1920.396123459,1917.37276007129,1949.59849850368,1981.98540874021,2027.21649427682,2102.36771260817,2177.05124119747,2201.97786224142,2248.47924043123,2342.69263467866,2393.38728930607,2470.18986526466,2579.40971745179,2736.28001862928,2891.50569534706,3083.96445596496,3307.90197826117,3455.1951628895,3511.35486018414,3730.89900059914,3908.78015405777,4059.83584415616,4215.62042161633,4363.80564836073,4494.44119703311,4635.79860256496,4813.31983045957,4989.35477211125,5130.75740660787,5013.23263491639,5330.50443957853,5481.60568741774,5685.07908248346,5872.05406735634
GDP per capita (constant 2015 US$),NY.GDP.PCAP.KD,IDA blend,IDB,980.191168481241,972.889927146241,987.676940715711,1041.499238183,1073.90585859212,1100.28978914844,1077.71922171812,977.52555842726,981.016460218796,1098.69225899316,1252.52929474732,1346.25984634649,1362.74958882936,1399.63038755777,1471.15928013609,1410.09097142215,1462.15077865182,1495.68982546104,1457.4893523323,1490.85940644889,1497.87847643398,1394.95241935059,1336.61451184129,1257.96186638656,1237.7769496182,1272.17214043337,1269.77954674226,1274.38410427856,1311.23782192655,1312.241653485,1349.04795877538,1334.49130438438,1334.92393736296,1296.2122978654,1273.38512493627,1267.84785021738,1292.6615404222,1289.51320373528,1290.91419444375,1283.65766643444,1294.79822893349,1311.15284624572,1360.49959658395,1387.34996576211,1452.73959307883,1501.61168172083,1548.53983834584,1590.58589485851,1614.09817973915,1665.48090513991,1719.99150192334,1748.97991711225,1786.63657405362,1848.23392003456,1914.2194306931,1947.83629776554,1953.47589122078,1968.27630348302,2003.84506122924,2023.8149390915,1955.54545528729,2017.41666000453,2064.46816484506,2081.06791172674,2121.51082042356
GDP per capita (constant 2015 US$),NY.GDP.PCAP.KD,IDA only,IDX,..,619.898223795546,649.351875942967,645.99396074217,655.055248524604,662.911581673489,664.000379176269,659.101085914432,672.347514435182,681.364595005075,666.35612144468,665.064212663619,645.70111063964,644.480168887624,667.300337440441,655.080375891215,664.674267204081,664.505912231762,662.414863488351,651.630576790225,653.635438941643,659.941279241059,649.26105849689,641.929484400213,637.815639477595,635.475380595096,638.468941705748,646.401050179305,650.359262045922,642.275064321864,634.648414329661,631.556157691036,622.804537428836,619.88098802047,609.868112353327,624.059099263612,638.057486853538,654.74865961682,665.470776033753,674.61262652172,687.696747994812,699.52073952115,713.730954424969,734.478096670906,761.12019331513,792.043503768657,823.540447910701,856.498999307072,887.106226540794,904.347389438866,941.411982476741,959.647950886679,960.645749003179,986.515648150274,1015.19174796501,1023.94411088699,1044.42742376085,1074.37612542668,1101.1327340475,1129.35499390586,1100.00133327901,1114.95742128462,1138.5954330942,1149.8587500392,1175.81378583662
GDP per capita (constant 2015 US$),NY.GDP.PCAP.KD,IDA total,IDA,730.096495285874,720.698872008128,744.315056392527,760.757199305741,777.6740399893,791.78310546353,784.891732544917,747.592645080178,757.19490389498,803.08743235359,846.422857073744,877.998508628403,872.003327386376,884.231112961141,923.588591226392,895.901338638972,920.77184138848,933.39757539666,920.144279495997,925.986337132087,932.262400208485,903.330830171639,877.706696791702,846.406201752477,837.307899330923,848.571708610238,850.566141288291,858.149884445579,874.866152616474,871.209039774051,880.98208011724,874.90014089707,869.868613426236,854.348629144314,839.98928290035,847.303600350859,865.289948309612,875.115638996143,882.754961665816,886.253982980442,898.926252910715,912.759658227879,939.517477506593,962.444369835942,1003.04258828016,1040.49445744778,1077.56564709036,1114.09767729303,1142.65881038241,1172.51412924099,1216.3005257885,1238.69964668899,1252.79572531256,1291.45987032235,1333.2956608341,1350.62840308024,1365.34514851903,1389.39853899449,1418.70439226284,1443.34555447691,1399.71905408952,1430.61708230182,1461.96193294782,1474.40814755954,1504.67027019364
GDP per capita (constant 2015 US$),NY.GDP.PCAP.KD,Late-demographic dividend,LTE,887.719731064189,853.152929305843,867.239209808496,882.663240431412,925.494158809902,965.549104467866,1015.33964876138,1010.10748094643,1038.52714032439,1115.66832266098,1207.95325669432,1280.49187973243,1351.80552812746,1454.5871736507,1497.84074115572,1536.16699339589,1611.56219953392,1688.23889601096,1774.27475064621,1884.6280026749,1994.10170933349,1968.89080796401,1976.80916128723,1981.70540503438,2106.81010518326,2227.07158660882,2320.7677362697,2432.18397142169,2517.98419487863,2598.37755650536,2569.84214339822,2550.3733773249,2540.77400737859,2621.74008820727,2709.58522143064,2834.41446751877,2949.91357345635,3086.48695805573,3145.75182756821,3264.11744244396,3466.37583953585,3619.84272280879,3812.98053685304,4048.91489334792,4353.28819581039,4663.32540066646,5064.28126813707,5544.97805335408,5892.26703201482,6075.02285208018,6526.23600790255,6950.05005525226,7301.18036733616,7658.75468426653,8005.09578206233,8325.54664463079,8639.33621121133,9037.44201526767,9477.12040894328,9881.6721371596,9880.45810162277,10611.7468569376,10944.899622712,11409.0569702698,11905.5706856949
GDP per capita (constant 2015 US$),NY.GDP.PCAP.KD,Latin America & Caribbean,LCN,3351.85660239385,3461.08421879132,3511.796222391,3487.13521705301,3639.69885128519,3744.02365185991,3826.7684674971,3890.57458697157,4062.16555425243,4232.23447510576,4398.14786769597,4587.39791608678,4799.11714811452,5059.95276228049,5248.273075822,5312.5585676567,5473.79566925023,5611.44611712355,5734.10013809893,6020.99286350854,6279.97275618502,6220.1945734721,6077.58414047824,5813.85805734772,5913.95008068572,5973.834318031,6058.05992654204,6135.64573533183,6053.69391236213,6041.05720016027,5906.3034063657,5969.59562466187,6014.73517796847,6170.1673423497,6382.89188653085,6329.66174920156,6471.25523143957,6712.6070244346,6805.36506803281,6748.08530043173,6890.95854002319,6826.51917105877,6766.97487166473,6844.49871692347,7127.17744179105,7318.93876611781,7604.13264033549,7906.01969177163,8100.69859228216,7827.87872972674,8237.78723215005,8508.79172925233,8635.25206265996,8781.61859739655,8809.13039283204,8758.631461288,8647.12703102584,8730.57792019218,8794.51276668407,8782.94331550726,8144.08689277633,8670.66191916267,8961.37737419156,9100.39837961557,9242.34197845977
GDP per capita (constant 2015 US$),NY.GDP.PCAP.KD,Latin America & Caribbean (excluding high income),LAC,3212.00496111671,3317.45441033542,3365.97968439555,3329.77068192495,3486.41105323946,3590.87300100814,3656.85534861806,3719.34030873022,3893.32132502172,4057.13267193298,4225.6228578783,4409.84753138263,4635.12900306903,4917.49472074093,5120.24521200708,5213.25663301429,5373.44032430335,5498.52437119386,5603.5443507579,5881.37122071545,6134.73609129877,6065.58446056485,5954.09258055061,5703.85691248242,5800.53818248564,5860.48259855705,5935.04712339405,6001.55986461711,5905.04956872238,5871.82881985038,5733.31182330311,5787.07186006904,5802.52759154821,5948.80595864585,6156.85811274133,6078.02639616813,6212.75147758153,6437.56600929496,6511.20971565497,6443.69090984381,6579.79388057131,6497.81648026573,6432.80258653191,6501.91925151492,6760.55157366561,6945.18915892622,7222.1228904212,7516.69161205553,7707.62362339658,7436.53550315096,7847.60945831773,8107.03327818294,8208.83313243338,8348.46217344054,8368.59617559204,8307.33369621788,8182.7315614952,8262.61207558922,8305.84789826096,8274.06093377018,7670.34419013564,8143.89761140247,8403.21343200064,8525.3906894748,8634.44285207781
GDP per capita (constant 2015 US$),NY.GDP.PCAP.KD,Latin America & the Caribbean (IDA & IBRD countries),TLA,3347.30453008199,3453.98101362864,3499.66211044137,3467.74505763906,3618.13306549927,3716.76523681263,3794.47200766237,3853.46214019585,4023.51925641761,4187.34672302516,4350.35775263441,4536.30566577588,4748.28734565637,5011.2006422676,5209.18669596101,5273.5613863765,5429.9614463932,5557.51755398967,5668.82654699235,5952.49578786155,6221.36550429934,6141.17574096454,5987.04430301106,5713.54241846594,5799.11946801363,5857.18361904206,5940.26223988223,6017.95168041019,5922.04401718502,5903.42125258738,5777.60260571342,5857.19855887637,5913.02717685192,6082.55348370766,6295.60358807402,6232.25696028788,6369.25877631704,6608.41707704487,6694.69659193881,6620.78423362961,6756.85832514381,6676.2412857233,6613.60452558657,6692.51140693973,6960.93288543729,7152.69460430709,7436.7567438786,7741.78186470351,7942.61999485964,7668.91149402251,8090.06385704013,8367.39195224032,8494.85171090977,8643.8783465476,8673.19274235671,8616.95753415631,8504.2923762152,8591.615571462,8658.22679130356,8644.58034902295,8021.38920067187,8553.60626841133,8840.33081627037,8982.85044234066,9119.05415999872
GDP per capita (constant 2015 US$),NY.GDP.PCAP.KD,Least developed countries: UN classification,LDC,..,622.350187112218,652.681936957568,649.696055259245,656.789445304298,664.231828386772,669.055044427849,659.043357189558,675.028139495629,679.416059432104,658.39506452522,654.301218118523,629.583443546774,627.111359086475,645.496886105327,632.728899817938,641.560875452818,638.736570958147,633.114005597635,627.833434303961,625.881079054012,627.163570540763,618.26375587736,612.135362316084,609.97254436064,604.233912245555,608.81384289276,618.55134384772,619.847946726691,615.184098223276,600.303750386866,596.459626496787,583.177139285744,565.461500740394,553.77695559809,570.232386790635,586.489979573083,602.212105785765,610.782623565302,619.941901624058,631.50225918843,646.737666506425,664.561359018554,681.207120945062,708.160223726469,743.27940447185,775.426362351979,812.58718477243,845.190468439238,860.428964911843,893.399285244121,901.646878560648,908.701952675905,938.445326811341,966.706091824195,970.916596442798,983.739244613172,1004.42952761641,1026.53885694871,1053.517524379,1027.57951931208,1032.24314317615,1057.29193908212,1064.9345379796,1080.98297168341
GDP per capita (constant 2015 US$),NY.GDP.PCAP.KD,Low & middle income,LMY,804.407581692809,801.12066487199,813.450944485931,831.465610533461,875.105281250392,906.016108103149,926.932253940297,933.256914659222,965.865444836794,1019.09901159334,1072.93580785117,1111.34812816501,1151.95101580498,1202.339697541,1245.84936462281,1270.6148260088,1321.47235193775,1353.40285263453,1374.24235842109,1407.44765236666,1443.30083231245,1440.58335219589,1450.62658614051,1442.56279706489,1478.6674050662,1513.18060857553,1536.14863957593,1573.8983214599,1604.93362362992,1620.60920459189,1637.5917148426,1652.77479449045,1691.80547499119,1744.76655785598,1802.55115389182,1853.30887779631,1935.67283940798,2011.3538253415,2044.59245471919,2085.85035397231,2167.96623101832,2212.81345603639,2284.71911210515,2385.26476104356,2531.52843095755,2679.56336586683,2859.145543596,3069.27406497774,3207.00034477776,3290.13140929428,3509.96036284186,3682.20601895846,3830.53202784228,3991.03886412488,4142.60267768904,4282.04601624269,4428.347315737,4605.06805564136,4776.42374355353,4915.10891731954,4808.93331379262,5113.30798163299,5266.51603000027,5468.47621151054,5649.38436604136
GDP per capita (constant 2015 US$),NY.GDP.PCAP.KD,Low income,LIC,..,..,..,..,..,..,..,..,..,..,..,..,..,..,..,..,..,..,..,..,741.301986513473,746.990420801567,740.647722724396,727.659209695913,704.690358739347,700.881949964975,696.524140640877,707.364054646477,716.857669947395,699.108514481701,659.94675646892,658.990185905163,645.532374988155,625.926921139714,617.946227632033,630.01548323336,643.403976736537,665.95701552036,678.809900855265,676.009589287016,677.728896535171,686.364429192812,702.032936541764,719.922855598875,740.020695622335,764.063522063222,781.734326668875,801.161975504133,817.546765129718,821.990493789071,850.995354392052,826.188858987671,767.64883546576,766.467472001827,771.161462730256,736.645564029793,722.757828714384,716.041572530027,715.537643444124,719.265857856669,691.871963142477,681.870227394456,688.262798221044,668.457227006964,665.611055916338
GDP per capita (constant 2015 US$),NY.GDP.PCAP.KD,Lower middle income,LMC,542.514413456336,546.498817897662,553.305371578274,572.70801950647,595.155873100045,592.880415734401,587.088571783072,582.656304438064,591.142261138906,622.877664573743,652.041742689325,667.767393422483,663.65538122298,677.429419320829,693.164717340175,700.03076248045,720.547067716855,743.026286791488,752.426066105931,745.295760116184,764.202553276152,759.495928995458,756.615811013993,754.251657882194,755.223975318055,765.682266230167,775.606487435744,784.192103651437,816.643260020744,826.603119177599,847.282609514584,845.13492814282,856.695014788923,857.232429074061,871.767230649792,896.585915459186,933.144469365112,949.90696505526,972.273721610954,1003.60150896699,1024.85552728831,1048.15274822023,1074.61341580748,1117.43974697069,1174.79364938135,1231.17113867485,1293.75547908569,1358.4898621704,1396.24991512319,1454.14345304177,1527.32392177732,1573.12914675615,1627.33736049755,1692.31144110473,1767.45084173772,1843.92245982702,1919.93641936744,1995.24339196345,2074.08259867348,2128.98969696211,2024.80613985276,2132.43099671155,2235.50331742032,2340.28167597897,2429.65872378181
GDP per capita (constant 2015 US$),NY.GDP.PCAP.KD,"Middle East, North Africa, Afghanistan & Pakistan",MEA,1553.52213829826,1606.82610404703,1650.2430139207,1776.4660298248,1894.65427307329,2061.76642431282,2139.39470535166,2241.09094679987,2446.47650428678,2625.67702119288,2996.56015646713,3175.20657371208,3506.99841783557,3788.61005406814,4001.2671699136,3888.62642611321,4294.2609835665,4323.57761119167,4182.45266836318,4282.17492453585,4209.69140458438,4099.61805801759,3921.13533474374,3782.9016373333,3667.37289680751,3573.16084671632,3409.12823685524,3337.2734203756,3311.61953815877,3338.16133547056,3505.47940750948,3483.46490762129,3596.23951270233,3584.90672352135,3600.97247188685,3624.67691339594,3717.32628151399,3778.60549601816,3842.77758245023,3856.91416118473,4007.86448293982,3992.69227699441,3983.85231024802,4075.67089651208,4296.09607908562,4416.550379948,4568.71814462583,4693.69304245449,4783.88447188529,4723.90665169633,4850.36649873449,4922.32565988064,5006.12032400224,5018.47135240207,5071.9355052414,5108.83117786409,5241.37395166575,5270.56511367513,5323.20351596778,5312.46081098356,5043.7594964613,5223.07682453744,5451.27422521319,5460.82538962839,5462.00031109662
GDP per capita (constant 2015 US$),NY.GDP.PCAP.KD,"Middle East, North Africa, Afghanistan & Pakistan (excluding high income)",MNA,1024.47885062651,1036.18396943336,1036.36359575318,1122.90674822689,1204.89483433251,1316.73029097573,1373.28548709702,1437.08057439315,1571.47219590454,1697.0317160969,1794.28380170873,1843.25329111233,2007.28396919487,2059.20522114459,2150.36193573399,2154.06559253549,2408.22295579868,2377.54901160229,2265.30122627637,2186.7717784998,2050.57990584862,1959.38233403779,2107.79404971,2140.54096681266,2077.412888578,2101.27481285052,2000.99005455524,1961.05643909612,1938.46441168377,1935.96151735829,2055.40258708436,2022.7381538572,2065.44246624977,2041.77207258479,2036.49758981383,2046.08067446261,2117.1043305019,2139.88469448444,2204.15802098295,2244.70605744,2321.52827325069,2335.69429512772,2358.7981156508,2372.15142321785,2497.58400724467,2562.3369089451,2639.88821206189,2733.13754740912,2767.19467629943,2783.3018486405,2855.29922564585,2785.48059599681,2827.37163394722,2804.95399171853,2819.68611736515,2802.63134980934,2910.61822045142,2957.76906553691,2980.3112794174,2963.25398076567,2828.43090998978,2904.78451107145,2975.28809857382,3006.98994999501,3013.96028766459
GDP per capita (constant 2015 US$),NY.GDP.PCAP.KD,"Middle East, North Africa, Afghanistan & Pakistan (IDA & IBRD)",TMN,1018.16200311516,1029.79494917723,1029.97346793679,1115.98300285754,1197.46555755335,1308.61144649534,1364.81792819501,1428.21966053004,1561.78263498896,1686.5679660976,1783.22040380593,1831.8879515959,1994.90723078036,2046.50834080528,2137.10299101888,2140.78381139458,2393.37406245567,2362.889251132,2251.3335758901,2173.28833386015,2037.93620845342,1947.30095294047,2094.7975748787,2127.34257733796,2064.60374134451,2088.31853506683,1988.65212387113,1948.96473561258,1926.51200867681,1924.02454698011,2053.9747159314,2021.52041175708,2064.39970375474,2040.95217667964,2035.91057512865,2045.22246591629,2117.1043897866,2138.73042779204,2201.71814439502,2241.60246064599,2320.80463764382,2336.86191907428,2362.14666917658,2374.28174809087,2498.04756873905,2561.88921859948,2640.53907520325,2734.20459831487,2767.73121117582,2782.93323146614,2854.8294150761,2783.21089956895,2824.63830445766,2801.57604475889,2816.94038359447,2799.45441811562,2906.72081157224,2954.31885645478,2977.30033849378,2960.37556708804,2827.77413144714,2903.75214833644,2974.40428671687,3007.83360749391,3020.72520095915
GDP per capita (constant 2015 US$),NY.GDP.PCAP.KD,Middle income,MIC,816.030118401956,814.225211344446,824.677424372437,843.931355843035,890.511994349369,922.80839299921,944.762390261685,951.607434546049,985.774814210369,1040.78020594022,1097.44884127961,1137.3712237689,1180.53985326709,1234.20309559035,1279.12309596008,1305.37405078133,1358.9082725263,1392.78093054741,1416.25810794803,1452.61111358,1490.72955453058,1487.46430143855,1498.34311448543,1490.73663061101,1530.37918265563,1567.41154327038,1592.20925524067,1631.90855001476,1664.53929114124,1682.2814241617,1702.36539192304,1718.79537733834,1761.66166927649,1820.11771978819,1882.99462899921,1937.29361845267,2025.39334781667,2105.87038259082,2141.75676679156,2187.29976858484,2276.20890500993,2325.0006470529,2402.82380144627,2511.49537260931,2669.19549280949,2828.94500281931,3023.69474527142,3251.70375528877,3402.17830068429,3494.91272392487,3733.96556155466,3926.2480049756,4095.54004207798,4273.3557541338,4441.19227224839,4599.80845420887,4765.16328527473,4964.0196545653,5157.63928448533,5316.31100503943,5210.06623934632,5553.00656441625,5729.39633464263,5963.20047743088,6172.98275797805
GDP per capita (constant 2015 US$),NY.GDP.PCAP.KD,North America,NAC,18549.7089160367,18715.3485498502,19571.5350224883,20138.2302162944,21009.4871765758,22082.3226120263,23256.750595051,23627.1417276155,24529.2430550625,25076.9027713578,24881.163383138,25351.504373612,26402.4059776689,27643.5588207362,27319.8412036505,27024.9551331444,28213.9499777258,29192.2370967488,30439.7204798091,31076.4445875837,30756.2635804326,31244.4603878217,30345.2200756609,31391.7245917141,33333.8741240251,34431.3019676624,35255.1223086626,36151.6053599007,37313.9941194226,38246.1053355396,38461.71134405,37851.1119839754,38572.5926850894,39120.6346052025,40219.6474581273,40817.0443458806,41805.2434456911,43145.516729613,44552.4977613809,46179.7980713526,47578.0061075661,47590.3021313816,47992.7493149702,48872.9848476255,50256.4438806842,51517.691015781,52436.3976435601,52982.1075090412,52571.5562155452,50741.9925006399,51671.5084350733,52118.7204894585,52849.3047651965,53554.2719641963,54473.0905410712,55534.4570291574,56048.8939030464,57026.2735977163,58314.2000586416,59425.2795999265,57729.9684953847,61099.5047550037,62273.1096789565,63338.4780212525,64279.6316581422
GDP per capita (constant 2015 US$),NY.GDP.PCAP.KD,Not classified,INX,..,..,..,..,..,..,..,..,..,..,..,..,..,..,..,..,..,..,..,..,..,..,..,..,..,..,..,..,..,..,..,..,..,..,..,..,..,..,..,..,..,..,..,..,..,..,..,..,..,..,..,..,..,..,..,..,..,..,..,..,..,..,..,..,..
GDP per capita (constant 2015 US$),NY.GDP.PCAP.KD,OECD members,OED,11022.924200505,11362.5371543449,11829.725826879,12261.5331797821,12874.2139621568,13406.5760470788,13982.3146976504,14357.1656963186,15042.2800803812,15693.2982156737,15945.4776177147,16330.2574583823,17010.3971619219,17841.4512966176,17845.6168842142,17682.5169035523,18342.5046834975,18852.2696955229,19494.6636357228,20068.4603156942,20132.3898829379,20379.1631720784,20237.0780402267,20645.6939308018,21451.8067320557,22071.5524948635,22558.3788918292,23171.0809996604,24026.2871220247,24724.5096739085,25225.1719783173,25272.7635483482,25559.2204144577,25688.0912369423,26298.7251586349,26788.4778040077,27408.1866012908,28188.0235223899,28826.6960174416,29600.0353870398,30595.8599937164,30800.4047728329,31042.7992580906,31446.7416422516,32241.3840967114,32923.2108529639,33681.1694932267,34309.4454055216,34169.884064272,32774.5653150103,33514.9701462429,33967.9079202599,34220.3493541063,34570.3825208587,35110.6657336607,35772.5321374449,36201.7633431698,36912.5648355538,37543.1929192355,38025.3439632024,36403.4857351902,38502.2361135991,39468.2756007532,39916.5529594743,40383.3495863255
GDP per capita (constant 2015 US$),NY.GDP.PCAP.KD,Other small states,OSS,..,..,..,..,..,..,..,..,..,..,..,..,..,..,..,4937.02170975745,5643.72774120257,6098.17669500448,6406.5464181026,7226.92037021227,6897.36906343104,6254.3661277306,6333.29320678253,6290.50097502302,6351.69700631456,6362.34600712507,6368.65634417173,6628.97118039492,6705.81505681527,6764.20138952183,6973.60208658894,6799.8852540424,6536.05483953114,6525.81576717807,6654.27662456899,6898.79338947113,7046.00004801796,7406.37001219468,7562.53116841922,7749.47179943655,8299.23987457603,8413.82126755393,8558.64496322602,8805.60097248033,9108.47550261311,9414.51217187633,9894.73330950893,10303.722298426,10275.8545151889,9648.91749058456,9771.1205173708,9999.31591580046,10015.81484579,10004.1603381008,10098.3552025218,10334.0987006005,10645.8706231466,11067.3917508331,11417.5020012025,11770.5384031292,10967.2475628547,11698.7704539026,12087.8229301698,12273.8961900526,12510.4832986018
GDP per capita (constant 2015 US$),NY.GDP.PCAP.KD,Pacific island small states,PSS,..,..,..,..,..,..,..,..,..,..,2693.70817711009,2806.39957109844,2901.53364064705,3159.49001916012,3194.54730658802,3143.885581412,3109.32230167604,3143.21376597339,3139.7883027205,3332.43668606019,3148.80759803552,3171.08012982628,3000.5488597994,2901.03850017515,2987.89858752805,2872.54080138583,2960.72742652367,2846.43218149436,2830.48584164755,2911.60542632498,2972.5307914556,2914.10405756746,3010.58785345907,3024.38676819483,3126.56600745486,3223.11757905806,3276.57785899399,3187.74638793647,3183.84325197459,3270.79136107275,3176.90714165853,3163.29051798162,3186.46671126912,3206.54937686655,3295.73167514091,3337.69248464897,3378.10382287953,3346.12772173549,3377.48177216833,3325.63976945087,3409.25500449811,3492.25214728423,3481.07000103318,3546.5300702661,3625.25362242493,3721.79465162999,3808.0649305265,3904.74999271424,3962.30591642956,3966.43703821898,3526.91824866971,3392.90548608081,3668.29674204619,3806.17175651108,3910.13844829013
GDP per capita (constant 2015 US$),NY.GDP.PCAP.KD,Post-demographic dividend,PST,11426.66502041,11800.5358656956,12312.0030554718,12777.5173235068,13434.1695381456,14022.060116077,14649.2106393632,15070.6498508545,15811.960727418,16542.8554448942,16831.8725597965,17265.8134425872,18012.8707332453,18944.126622521,18960.0960882203,18800.5924321383,19555.8145874016,20156.7705071412,20878.1928485348,21523.3881117219,21609.5066637337,21885.5620433443,21796.1313357533,22356.3988180893,23307.5122948274,24050.0261672714,24681.9311219685,25411.6087331786,26446.3681039091,27284.4252482634,27842.3370022447,27931.9215023777,28266.4952517988,28413.5411369447,29144.0385751405,29773.5645394082,30478.4388415513,31360.8650736486,32089.5916501198,33066.737085731,34230.9054924734,34586.5706661798,34937.247799889,35466.5602768555,36415.7777748076,37242.6578442336,38129.7115307412,38866.6808124154,38765.975379054,37263.2740485295,38159.5668246061,38683.8235141613,38990.6802498188,39428.1851843313,40053.068781707,40767.6732069989,41307.860490912,42156.5013034,42939.584006302,43589.6618640452,41732.4405643462,44118.9388148023,45272.358271736,45951.7800924889,46504.4937727345
GDP per capita (constant 2015 US$),NY.GDP.PCAP.KD,Pre-demographic dividend,PRE,957.013635359468,932.516898978221,966.325644493211,997.488569784294,1018.46070976881,1037.12149324343,1022.85268422214,939.585939727531,948.550021840445,1028.83572160879,1088.34012258917,1158.82944477699,1166.78668999537,1181.17234380258,1244.29855286051,1204.99151212268,1252.44991737195,1274.00645609238,1233.59914139635,1263.49722545391,1279.8085890927,1198.82347142907,1154.42969306633,1069.29632222254,1045.87203655592,1053.94314509724,1051.57648528027,1063.10479143382,1074.68353922395,1060.71252430312,1119.21163247468,1002.14836315293,996.991015411268,961.69613187764,930.622834210338,929.562126110842,955.815083506291,989.611767914771,1029.29038717678,1042.67491955224,1069.98504122582,1085.17785843359,1116.07624655799,1075.93489894387,1170.52557140881,1205.03804090255,1243.71765592101,1283.50361465434,1326.75937950589,1350.06576988313,1397.55550126878,1416.01821827243,1432.97380778931,1472.74811348875,1505.68710312283,1508.88772064734,1502.76142001445,1485.49877756859,1482.95128186789,1491.54319700958,1415.40913185029,1422.99505709288,1447.11431883708,1443.08973386174,1450.51990979225
GDP per capita (constant 2015 US$),NY.GDP.PCAP.KD,Small states,SST,..,..,..,..,..,..,..,..,..,..,..,..,..,..,5264.97730539313,5185.08604877576,5648.96204664528,6021.92270627814,6350.35266054292,6965.19153632569,6881.88199064107,6528.04853728069,6527.41505085017,6358.56254630915,6423.5233716197,6408.05890031108,6426.41946108845,6518.81218994402,6572.58985668582,6669.93114267945,6757.6301504591,6628.07855948613,6507.30949394514,6493.81071927742,6637.66664506708,6845.71525638298,7030.05161291305,7319.90153891203,7507.11641661216,7733.96813091243,8155.00786912822,8257.07610025167,8431.75458708002,8728.72596118041,9037.3309065158,9371.31645669111,9892.95608188327,10245.0259988082,10264.077640884,9729.03612966513,9852.12543539201,10006.3466315417,10130.5657104615,10152.1627156272,10278.8254139719,10408.6618377241,10490.2995213133,10721.8208950743,10958.5509873455,11186.3407280152,10314.4833183078,10929.9679897079,11647.2862412552,12068.870739919,12702.5674865628
GDP per capita (constant 2015 US$),NY.GDP.PCAP.KD,South Asia,SAS,331.594588661119,336.598092453701,339.343602207329,347.522537137451,365.69377140501,350.671607649736,345.112178114617,358.43566613397,365.332731196445,378.178630009532,388.660097280286,382.783093865642,366.537625429113,370.280857823109,370.034346972379,387.782052353651,387.06702796218,402.983103312407,416.767955617375,392.710048072693,406.010178127131,421.01708176323,425.002266622527,442.734065157231,450.227052616889,462.218920727716,472.983074837622,480.157241431352,509.659349393388,525.8636757303,543.339636536969,539.975756404638,557.346083148764,572.217189202628,596.466356489939,626.757959573632,657.930640269998,672.358162147345,698.977290638198,742.115275349431,758.13317248215,778.357238715482,793.587792053516,838.605352931563,887.193101603466,940.169909002097,999.335555411207,1059.31634791955,1081.29827136144,1145.46231061964,1222.5182301452,1272.07513809653,1326.51107396889,1392.20217841838,1475.21676501966,1570.54142462917,1676.35409782237,1770.2629132472,1863.72112646838,1920.39706317409,1806.99045389673,1957.51785308901,2079.70096055062,2236.80507960645,2355.07262539823
GDP per capita (constant 2015 US$),NY.GDP.PCAP.KD,South Asia (IDA & IBRD),TSA,331.594588661119,336.598092453701,339.343602207329,347.522537137451,365.69377140501,350.671607649736,345.112178114617,358.43566613397,365.332731196445,378.178630009532,388.660097280286,382.783093865642,366.537625429113,370.280857823109,370.034346972379,387.782052353651,387.06702796218,402.983103312407,416.767955617375,392.710048072693,406.010178127131,421.01708176323,425.002266622527,442.734065157231,450.227052616889,462.218920727716,472.983074837622,480.157241431352,509.659349393388,525.8636757303,543.339636536969,539.975756404638,557.346083148764,572.217189202628,596.466356489939,626.757959573632,657.930640269998,672.358162147345,698.977290638198,742.115275349431,758.13317248215,778.357238715482,793.587792053516,838.605352931563,887.193101603466,940.169909002097,999.335555411207,1059.31634791955,1081.29827136144,1145.46231061964,1222.5182301452,1272.07513809653,1326.51107396889,1392.20217841838,1475.21676501966,1570.54142462917,1676.35409782237,1770.2629132472,1863.72112646838,1920.39706317409,1806.99045389673,1957.51785308901,2079.70096055062,2236.80507960645,2355.07262539823
GDP per capita (constant 2015 US$),NY.GDP.PCAP.KD,Sub-Saharan Africa,SSF,1147.03260485013,1132.1883410271,1171.13760979557,1213.77514372838,1242.59475373533,1268.01329017385,1260.74776193217,1219.06440633852,1224.34683566747,1299.63475364275,1364.41842005433,1430.80266885827,1434.02290745173,1455.06597702632,1521.51001678326,1475.60213485524,1508.78125030639,1507.89451467653,1462.31699319303,1474.63627056558,1485.66784492582,1430.22312147282,1370.33709910727,1296.37800731395,1288.01051466137,1276.45575930635,1263.60433527254,1263.75131758671,1282.80581655799,1276.20233841568,1270.2081832072,1240.91923765647,1202.63465837027,1159.3578186169,1140.35135757896,1147.05937241622,1173.9527804847,1190.04718959208,1187.89945512004,1181.97589414114,1190.88998044252,1208.15530265928,1250.90688743015,1267.28041964566,1315.35220770965,1357.37369760768,1400.5867613713,1446.46714349503,1480.05689705203,1484.97355599629,1531.48486687603,1556.45949389258,1564.22280679957,1599.51376049865,1631.33177707383,1635.04422604526,1612.39505287464,1609.91136715464,1611.27332266468,1612.14257248213,1539.85068167536,1566.10687260088,1584.93033748502,1586.13067604995,1600.92073352741
GDP per capita (constant 2015 US$),NY.GDP.PCAP.KD,Sub-Saharan Africa (excluding high income),SSA,1240.25995085142,1224.30854028442,1266.95491220689,1313.6557335159,1345.24517373429,1372.68108928523,1363.25013079773,1316.75444598039,1322.27678562835,1406.15808262181,1477.69269441876,1549.95174682025,1552.98705273812,1575.30914966946,1648.3137439436,1597.42596472226,1634.36038996121,1632.07202244282,1579.64263949266,1591.940735313,1599.42296720324,1537.52627380852,1473.65869258484,1390.74588823636,1382.92783695041,1374.08940803401,1358.43373431408,1356.37776818471,1379.3929481956,1374.36983768956,1368.99633781174,1341.68405961072,1304.28310493001,1255.12047111839,1235.12897595099,1242.72840528938,1270.78350102352,1289.15612803023,1289.17961866889,1282.60898513684,1292.14178142116,1310.33902519592,1358.74490343724,1378.9819279046,1429.92824920375,1474.18236906085,1519.81267815659,1567.96820965923,1602.53904819812,1605.73228564116,1653.32403841617,1677.16984911741,1682.88387255106,1717.84547041836,1748.73091504813,1747.88416619556,1718.0345582189,1710.35358994246,1708.70763052639,1705.15912749224,1622.24757512343,1649.05311615437,1667.5908121005,1665.35578624501,1677.36804957521
GDP per capita (constant 2015 US$),NY.GDP.PCAP.KD,Sub-Saharan Africa (IDA & IBRD countries),TSS,1147.03260485013,1132.1883410271,1171.13760979557,1213.77514372838,1242.59475373533,1268.01329017385,1260.74776193217,1219.06440633852,1224.34683566747,1299.63475364275,1364.41842005433,1430.80266885827,1434.02290745173,1455.06597702632,1521.51001678326,1475.60213485524,1508.78125030639,1507.89451467653,1462.31699319303,1474.63627056558,1485.66784492582,1430.22312147282,1370.33709910727,1296.37800731395,1288.01051466137,1276.45575930635,1263.60433527254,1263.75131758671,1282.80581655799,1276.20233841568,1270.2081832072,1240.91923765647,1202.63465837027,1159.3578186169,1140.35135757896,1147.05937241622,1173.9527804847,1190.04718959209,1187.89945512004,1181.97589414114,1190.88998044252,1208.15530265928,1250.90688743015,1267.28041964566,1315.35220770965,1357.37369760768,1400.5867613713,1446.46714349503,1480.05689705203,1484.97355599629,1531.48486687603,1556.45949389258,1564.22280679957,1599.51376049866,1631.33177707384,1635.04422604526,1612.39505287464,1609.91136715464,1611.27332266468,1612.14257248213,1539.85068167536,1566.10687260088,1584.93033748502,1586.13067604995,1600.92073352741
GDP per capita (constant 2015 US$),NY.GDP.PCAP.KD,Upper middle income,UMC,1014.29956472608,1012.85084959483,1027.88562157515,1047.27633197418,1111.5735087743,1168.56619573462,1209.45238389017,1223.93579469115,1276.16082169897,1347.45618744593,1423.44093101571,1479.8235989394,1556.03732198464,1638.61873064624,1705.68614515362,1747.96601051961,1828.23064936547,1874.09173286346,1911.54098182937,1983.85830951075,2041.50677562418,2044.2275299791,2069.85816868287,2062.59999811401,2137.20066836916,2200.2533576015,2241.57110669382,2310.79640023703,2347.68066327714,2376.36648422021,2401.75070362256,2439.40848838346,2514.67665580859,2628.95141191765,2740.5937690363,2828.40241555983,2969.61193047959,3114.74643437233,3172.45272469303,3240.93653756425,3401.40167862764,3485.11084142301,3622.00955262449,3803.94198104964,4068.32112821972,4338.89147556872,4674.16956143542,5076.63584304066,5354.00719913241,5498.75699643503,5920.71786501535,6278.51927756858,6581.33928744782,6890.78324902858,7172.38172110228,7434.5956962152,7712.27994886495,8059.48238143962,8394.40637902741,8685.84122197416,8604.86234676385,9230.36060705031,9522.30699359525,9937.60060130283,10318.5318092655
GDP per capita (constant 2015 US$),NY.GDP.PCAP.KD,World,WLD,3656.41696768633,3753.29851390287,3884.0742343654,3992.9403737917,4166.89554220726,4311.65743765363,4453.28325557801,4529.71744191776,4702.46272644387,4881.72638222137,4960.42442821991,5064.95699321143,5243.01919478652,5469.57409978318,5468.41670372905,5398.21059381556,5576.92666562309,5699.70471381478,5833.73152059704,5971.07611981643,5977.28797434021,5986.31134828418,5899.56536260907,5946.98951951609,6116.5911180703,6232.71206874103,6320.98025368519,6441.78447868785,6616.36232396843,6743.544883283,6807.46895559475,6776.2271299404,6801.94861034617,6818.49511463398,6939.53794092747,7048.27297150771,7193.3311176055,7369.45695827874,7471.39888120554,7632.66427638058,7871.24443001781,7924.78791729258,8003.87801869858,8146.90742048105,8403.45406958747,8632.39020131485,8904.43443404345,9178.47474059228,9250.84000022313,9015.16040279835,9309.31873020995,9504.38291607333,9639.48614203712,9796.48671320554,9983.73325351848,10175.4094195078,10340.5608748854,10577.5913254585,10808.7873552704,10986.370268324,10569.0440347692,11154.1116782999,11428.5478109765,11656.1377183433,11876.3768494399
,,,,,,,,,,,,,,,,,,,,,,,,,,,,,,,,,,,,,,,,,,,,,,,,,,,,,,,,,,,,,,,,,,,,
,,,,,,,,,,,,,,,,,,,,,,,,,,,,,,,,,,,,,,,,,,,,,,,,,,,,,,,,,,,,,,,,,,,,
,,,,,,,,,,,,,,,,,,,,,,,,,,,,,,,,,,,,,,,,,,,,,,,,,,,,,,,,,,,,,,,,,,,,
Data from database: World Development Indicators,,,,,,,,,,,,,,,,,,,,,,,,,,,,,,,,,,,,,,,,,,,,,,,,,,,,,,,,,,,,,,,,,,,,
Last Updated: 10/07/2025,,,,,,,,,,,,,,,,,,,,,,,,,,,,,,,,,,,,,,,,,,,,,,,,,,,,,,,,,,,,,,,,,,,,
